-0.9454314112663269 -5.331839561462402 -13.012345314025879
-1.6937291622161865 -7.353947162628174 -17.12926483154297
-0.8960920572280884 -5.609315395355225 -13.30623722076416
-1.0113742351531982 -5.086753845214844 -13.299178123474121
-1.3983299732208252 -5.648461818695068 -14.338366508483887
-1.3445658683776855 -5.819031238555908 -15.240270614624023
-1.475855827331543 -6.536635875701904 -15.395326614379883
-1.9378949403762817 -7.212218761444092 -17.146909713745117
-1.613999843597412 -7.232553958892822 -15.919700622558594
0.4310333728790283 -3.3993473052978516 -8.05267333984375
-0.9624696969985962 -5.592400074005127 -14.483295440673828
-0.42054763436317444 -5.433712959289551 -11.870694160461426
-0.8775420188903809 -6.111654758453369 -13.9545316696167
-1.6288907527923584 -6.352237701416016 -14.126959800720215
-2.5027639865875244 -7.9876203536987305 -15.95806884765625
-1.1673898696899414 -7.6497697830200195 -13.615279197692871
-0.5321893692016602 -5.040122985839844 -9.919963836669922
-1.0460593700408936 -6.452201843261719 -12.979947090148926
-0.9715374112129211 -5.897946357727051 -11.590570449829102
-1.407490849494934 -6.777760982513428 -13.504800796508789
-1.6510695219039917 -6.547603607177734 -13.126553535461426
-1.5860189199447632 -7.3708109855651855 -13.783476829528809
-0.9171344637870789 -5.177274703979492 -9.039913177490234
-1.456665277481079 -6.895762920379639 -13.614017486572266
-1.7941043376922607 -7.038159370422363 -13.927423477172852
-2.16324782371521 -7.666286945343018 -13.951519012451172
-2.4264237880706787 -8.318323135375977 -14.759696960449219
-1.6677615642547607 -5.64799690246582 -10.083331108093262
-2.8812551498413086 -8.266223907470703 -15.387845993041992
-3.8814985752105713 -9.079490661621094 -14.690176010131836
-2.512845754623413 -8.031764030456543 -15.02667236328125
-0.9595268964767456 -5.195602893829346 -9.544422149658203
-0.6704555153846741 -3.543238639831543 -7.679091930389404
-0.3675612211227417 -3.1350951194763184 -7.206974983215332
-1.0384018421173096 -4.174478054046631 -10.181602478027344
-1.2776139974594116 -6.8363847732543945 -15.090208053588867
-1.135134220123291 -4.278749942779541 -9.502548217773438
-0.445995569229126 -3.586143732070923 -8.699355125427246
-1.8585021495819092 -6.718913555145264 -15.735305786132812
-3.2305517196655273 -8.253150939941406 -16.479021072387695
-3.5149149894714355 -8.595406532287598 -14.767539024353027
-2.269867181777954 -5.858575820922852 -12.091262817382812
-1.1084818840026855 -3.6739346981048584 -8.893896102905273
-1.7073578834533691 -5.277998447418213 -13.018933296203613
-3.2039313316345215 -8.08315372467041 -16.11640167236328
-3.1860098838806152 -8.603803634643555 -15.650581359863281
-2.5832929611206055 -7.201173305511475 -14.63818645477295
-2.608886241912842 -7.132692337036133 -15.030671119689941
-2.2793922424316406 -7.26900577545166 -15.155916213989258
-2.779157876968384 -8.415013313293457 -17.224225997924805
-1.3092056512832642 -8.607516288757324 -24.044139862060547
-1.246250867843628 -9.6856689453125 -21.10776710510254
-2.8148627281188965 -7.08049201965332 -14.184374809265137
-3.0850257873535156 -8.69376277923584 -15.733745574951172
-3.194840908050537 -8.479049682617188 -13.617229461669922
-1.6486647129058838 -5.394453525543213 -10.035944938659668
-1.3750545978546143 -5.128702640533447 -11.222341537475586
-3.201646327972412 -8.213677406311035 -16.310932159423828
-1.9308102130889893 -9.26717472076416 -19.867639541625977
-2.493307590484619 -9.440916061401367 -18.252246856689453
-2.8774242401123047 -8.626409530639648 -14.567514419555664
-3.000443696975708 -8.4891996383667 -15.20467758178711
-2.110806941986084 -9.158259391784668 -18.79558563232422
-2.0670735836029053 -8.913492202758789 -20.02239990234375
-2.059004783630371 -9.080830574035645 -18.781110763549805
-2.2578444480895996 -9.405692100524902 -18.55081558227539
-2.4780006408691406 -9.2896146774292 -16.7750244140625
-3.2122793197631836 -8.870462417602539 -14.356632232666016
-2.6436386108398438 -8.459541320800781 -17.17919921875
-1.9740550518035889 -9.39787769317627 -19.870018005371094
-2.1843724250793457 -9.37810230255127 -19.207191467285156
-2.030351400375366 -9.083157539367676 -20.434219360351562
-1.2687937021255493 -9.188922882080078 -22.11963653564453
-2.7133326530456543 -9.730748176574707 -16.231189727783203
-2.4972143173217773 -7.075473785400391 -12.639299392700195
-2.6269118785858154 -8.0482816696167 -14.641578674316406
-2.2437446117401123 -4.700793266296387 -7.806523323059082
-0.8397083282470703 -2.3660056591033936 -1.4249699115753174
-1.598505973815918 -0.18603834509849548 -3.120666027069092
-1.0337706804275513 0.06680569052696228 -4.532350063323975
-1.0366780757904053 0.10249686241149902 -4.683639049530029
-1.336136817932129 0.7338546514511108 -4.796571731567383
-1.3457874059677124 0.8108024001121521 -4.772228240966797
-1.2652032375335693 0.47775936126708984 -4.390585899353027
-1.0717997550964355 0.5489349961280823 -4.416428565979004
-1.1670588254928589 0.754813551902771 -4.930971145629883
-1.422537088394165 0.7459555864334106 -4.453405380249023
-0.7720074653625488 0.196028470993042 -4.10424280166626
-0.6206904053688049 -0.22627517580986023 -3.905074119567871
-0.512840986251831 -0.4793943762779236 -3.264017343521118
-0.5005891919136047 -0.01389659196138382 -4.04407262802124
-0.8610872030258179 0.2857360243797302 -3.625865936279297
-0.35617002844810486 -0.5718256235122681 -5.105365753173828
-0.3240853548049927 -1.2027359008789062 -5.483209609985352
-0.6307018995285034 0.003040112555027008 -3.5473508834838867
-0.4668259620666504 -0.32306331396102905 -3.077296018600464
-0.9167694449424744 0.4626871943473816 -3.155653476715088
-1.073994755744934 0.1624021828174591 -2.5678517818450928
-0.39244404435157776 0.11730515956878662 -3.9441802501678467
-0.8974239826202393 0.48939231038093567 -3.5425074100494385
-0.2928556799888611 -0.08107959479093552 -3.7475879192352295
-0.8940185904502869 0.10615982115268707 -2.931655168533325
-1.1142823696136475 0.004874512553215027 -2.1979517936706543
-0.3965306282043457 -0.12561148405075073 -4.274656772613525
-0.2973952889442444 -1.6245136260986328 -7.202404022216797
-0.7012109756469727 -4.7094950675964355 -13.48282527923584
-0.9927321076393127 -5.041690826416016 -13.284355163574219
-0.5046367645263672 -3.2922873497009277 -8.852011680603027
-0.38608813285827637 -1.3282257318496704 -5.171692848205566
-0.37899190187454224 -2.5880508422851562 -8.936504364013672
-0.8768212795257568 -5.190943241119385 -13.854716300964355
-0.8555017113685608 -4.843618869781494 -12.705679893493652
-0.9620087742805481 -4.363454341888428 -11.486527442932129
-0.9908527731895447 -7.117782115936279 -18.460750579833984
-1.376798152923584 -6.053905963897705 -14.76416301727295
-1.044616460800171 -4.015038967132568 -10.846475601196289
-0.5788068771362305 -5.550602436065674 -13.590251922607422
-0.461406409740448 -3.8661553859710693 -10.402181625366211
-0.14621517062187195 -2.372070550918579 -6.2195024490356445
-0.2867131233215332 -3.827997922897339 -10.535602569580078
0.5196789503097534 -2.670496702194214 -7.64638614654541
-1.131866455078125 -1.6672742366790771 -6.505450248718262
0.8673689365386963 -2.0852599143981934 -4.870454788208008
0.5398216247558594 -2.718618869781494 -8.165410041809082
0.2710219621658325 -1.7382891178131104 -6.848186016082764
-0.5795354843139648 -1.324184775352478 -7.000584602355957
-0.598434567451477 0.21112379431724548 -5.21173095703125
0.37491273880004883 -0.13808131217956543 -5.530688285827637
-0.1279708594083786 0.01582871377468109 -4.072726249694824
-0.9213886260986328 0.8780649304389954 -4.217430591583252
-0.3001553416252136 0.8531134128570557 -5.027649402618408
-0.4138869345188141 0.6203718185424805 -4.079380035400391
0.47044140100479126 -0.8428600430488586 -2.885819673538208
-0.36443743109703064 -1.2043124437332153 -1.2547814846038818
-0.1793038547039032 -0.13989149034023285 -3.60336971282959
0.5518526434898376 -0.8587831258773804 -5.207153797149658
0.27193158864974976 -0.20347347855567932 -4.363800525665283
1.28226900100708 -2.4337503910064697 -4.539681911468506
0.09988376498222351 -4.777298450469971 -8.868990898132324
0.35936158895492554 -4.6226301193237305 -8.681939125061035
-0.0596446692943573 -5.272765159606934 -9.991877555847168
-0.3361416459083557 -5.650926113128662 -11.015424728393555
-0.6219478845596313 -5.790578365325928 -11.230461120605469
-0.6701516509056091 -6.481454849243164 -13.039946556091309
-0.6217218041419983 -6.422814846038818 -11.989733695983887
0.03601643443107605 -5.641781330108643 -9.676957130432129
0.25332415103912354 -5.330786228179932 -8.675743103027344
-0.23994436860084534 -5.317689418792725 -10.052236557006836
0.12975111603736877 -5.865227699279785 -8.819567680358887
0.9830199480056763 -4.241702556610107 -4.379717826843262
0.9531832337379456 -5.28790283203125 -6.561068534851074
1.0076096057891846 -4.841790199279785 -6.629593849182129
0.39492806792259216 -3.969817876815796 -6.557528495788574
-0.9744231700897217 -6.3401265144348145 -12.24843692779541
-1.7269381284713745 -8.080199241638184 -15.137961387634277
-1.1174111366271973 -7.091065406799316 -12.77449893951416
-0.7321732044219971 -5.958291053771973 -11.761922836303711
-2.8535282611846924 -8.280402183532715 -14.766501426696777
-3.349087715148926 -8.788604736328125 -14.568122863769531
-3.496397018432617 -8.994620323181152 -13.981327056884766
-2.9194703102111816 -8.439261436462402 -14.02086067199707
-2.1754462718963623 -7.9742865562438965 -14.3976411819458
-2.304530143737793 -7.882808685302734 -14.918797492980957
-2.798665761947632 -8.326882362365723 -14.170873641967773
-4.055092811584473 -9.359468460083008 -14.395376205444336
-4.2060041427612305 -9.826201438903809 -14.21251106262207
-3.5851519107818604 -9.38847541809082 -13.055776596069336
-1.6992411613464355 -6.469620704650879 -10.609902381896973
-3.02964186668396 -8.566328048706055 -14.248428344726562
-3.406165599822998 -9.08371353149414 -16.03043556213379
-2.4284372329711914 -10.236035346984863 -18.420425415039062
-2.9706804752349854 -10.134808540344238 -18.00324249267578
-3.3462374210357666 -10.088808059692383 -17.05820655822754
-3.1947245597839355 -9.981379508972168 -16.99764060974121
-2.9982399940490723 -10.260748863220215 -17.577646255493164
-3.3755829334259033 -10.415470123291016 -16.344118118286133
-3.4601974487304688 -9.659346580505371 -14.079254150390625
-2.848971128463745 -9.247967720031738 -13.836841583251953
-3.1404035091400146 -10.176595687866211 -17.074054718017578
-1.3106627464294434 -10.025604248046875 -21.457670211791992
-0.9035382866859436 -9.533540725708008 -25.150392532348633
-0.7842424511909485 -9.77892780303955 -24.971710205078125
-0.7414887547492981 -9.786653518676758 -24.702373504638672
-0.7419202923774719 -9.171358108520508 -27.357126235961914
-0.8793072700500488 -9.368176460266113 -26.891464233398438
-0.9147363901138306 -10.312867164611816 -22.573617935180664
-1.6383404731750488 -10.308406829833984 -20.808212280273438
-1.6006104946136475 -10.184409141540527 -20.960426330566406
-0.6496480703353882 -9.751879692077637 -25.018497467041016
-0.8363893032073975 -9.14979362487793 -27.19268226623535
-0.7285193204879761 -9.96282958984375 -24.93609046936035
-1.775033712387085 -10.153080940246582 -21.038246154785156
-0.7427964210510254 -9.751152992248535 -24.519306182861328
-0.711978018283844 -8.876859664916992 -27.90880012512207
-0.9978792071342468 -9.048050880432129 -27.384342193603516
-1.5473743677139282 -10.431951522827148 -19.983861923217773
-1.7024309635162354 -9.390312194824219 -20.85258674621582
-0.8382660746574402 -8.679142951965332 -27.19318389892578
-0.5577118992805481 -9.029251098632812 -25.38982391357422
-0.7386689782142639 -8.422263145446777 -28.849336624145508
-0.5010058283805847 -9.100401878356934 -26.916301727294922
-0.7032551169395447 -9.384452819824219 -24.103696823120117
-0.6622828245162964 -8.645544052124023 -27.916183471679688
-0.6838539242744446 -9.456816673278809 -24.26685333251953
-1.1335866451263428 -9.24232292175293 -20.83019256591797
-0.6889356374740601 -9.277654647827148 -24.955467224121094
-0.8480697870254517 -9.26010513305664 -23.678524017333984
-1.4724764823913574 -9.446235656738281 -21.422649383544922
-1.7646949291229248 -9.602984428405762 -20.001483917236328
-1.8656131029129028 -9.244403839111328 -18.476215362548828
-1.8619334697723389 -8.833672523498535 -20.871475219726562
-0.8613547086715698 -8.479635238647461 -26.339834213256836
-1.135373830795288 -9.346054077148438 -22.136341094970703
-2.62362003326416 -9.030780792236328 -15.411581039428711
-2.6565301418304443 -7.719089984893799 -14.414064407348633
-3.286898136138916 -8.609294891357422 -15.720291137695312
-3.234924554824829 -8.31646728515625 -14.288301467895508
-2.293771266937256 -4.7991862297058105 -10.236444473266602
-0.7040204405784607 -1.8816380500793457 -5.306485176086426
-0.8445506691932678 -3.6581647396087646 -7.383907318115234
-1.3316595554351807 -3.5118322372436523 -8.617783546447754
-1.0350613594055176 -4.635073184967041 -9.814020156860352
-0.9634765982627869 -1.7050455808639526 -5.0818986892700195
-0.9220409989356995 -1.0108762979507446 -4.671109199523926
-0.4752667546272278 -0.7071136832237244 -4.746088981628418
-0.8850825428962708 -1.0261826515197754 -4.750227928161621
-0.3632256090641022 -2.6403775215148926 -7.559897422790527
-0.4803231954574585 -1.6002274751663208 -6.691713809967041
-1.1813063621520996 -5.348344802856445 -14.074339866638184
-1.775108814239502 -5.137243270874023 -13.657830238342285
-1.2489840984344482 -3.7472965717315674 -10.173300743103027
-0.8783633708953857 -2.63140606880188 -7.331793308258057
-1.0474685430526733 0.11749943345785141 -4.154354095458984
-0.140917107462883 -0.9622597098350525 -5.52638053894043
-0.9884606003761292 0.32165712118148804 -4.11494255065918
-0.49206027388572693 -0.4428705871105194 -5.124413013458252
-0.15459024906158447 -1.3303349018096924 -5.870193004608154
0.027860566973686218 -2.4345219135284424 -7.567389488220215
-0.0116041898727417 -2.472109079360962 -8.394952774047852
-0.45138922333717346 -0.319735050201416 -4.658635139465332
-0.22005365788936615 -0.3222648799419403 -5.32569694519043
-0.36346593499183655 -1.2002055644989014 -7.906036376953125
-1.2517387866973877 -5.612334251403809 -17.10222816467285
-2.1897568702697754 -7.190897464752197 -17.889541625976562
-1.94254732131958 -6.595127582550049 -16.650434494018555
-1.977475881576538 -6.589778900146484 -16.790922164916992
-2.3702011108398438 -7.469402313232422 -16.949405670166016
-2.27298641204834 -6.564563274383545 -15.153243064880371
-2.047193765640259 -6.595655918121338 -16.68740463256836
-1.7192813158035278 -6.117843151092529 -15.711298942565918
-1.9270291328430176 -5.457616329193115 -15.815445899963379
-2.5782392024993896 -7.896592617034912 -17.51065444946289
-2.502152442932129 -7.48506498336792 -16.93973159790039
-2.234485626220703 -7.2401957511901855 -17.358863830566406
-1.7323596477508545 -6.770840167999268 -15.885669708251953
-0.36662226915359497 -3.7777509689331055 -9.444214820861816
-0.8202958106994629 -4.702549934387207 -12.747719764709473
-0.2773798406124115 -5.436460018157959 -13.862733840942383
0.3429199755191803 -3.781205415725708 -9.587919235229492
-0.06274299323558807 -2.2874627113342285 -8.094915390014648
-0.2616063952445984 -1.5000576972961426 -8.031085014343262
0.6594409942626953 -2.1424624919891357 -8.755948066711426
0.11271293461322784 -0.3662794828414917 -6.435089111328125
-0.22540706396102905 0.535721480846405 -4.575976848602295
-1.154898762702942 1.6609958410263062 -5.124178886413574
-1.0570491552352905 1.1745136976242065 -4.687596797943115
-0.6244189143180847 1.055092453956604 -4.332630634307861
-0.7432704567909241 0.7889958620071411 -3.793182134628296
-1.214254379272461 0.7825382947921753 -3.334298610687256
-0.016615763306617737 0.24312755465507507 -5.323573589324951
-1.6753515005111694 0.5112739205360413 -2.5262441635131836
-1.316495656967163 1.5101217031478882 -5.498177528381348
-0.1760515719652176 -0.6082870364189148 -8.865253448486328
0.5861522555351257 -1.9182336330413818 -7.686931610107422
0.1762092113494873 -5.113001346588135 -8.783941268920898
-0.1412748098373413 -5.27659273147583 -10.049513816833496
-0.09646382927894592 -5.37476921081543 -9.860910415649414
-0.6531534194946289 -6.265459060668945 -12.800374031066895
-1.0655193328857422 -5.813941955566406 -11.362674713134766
-1.1504584550857544 -5.744256019592285 -12.780571937561035
-2.911698579788208 -8.390899658203125 -15.826820373535156
-3.964900255203247 -9.111011505126953 -14.533376693725586
-1.843300700187683 -7.736068248748779 -14.889997482299805
-1.3860032558441162 -7.232693195343018 -14.114291191101074
-1.4276857376098633 -7.626584053039551 -15.090224266052246
-0.9443181753158569 -6.192291259765625 -11.80790901184082
-3.4465432167053223 -8.854341506958008 -14.744867324829102
-3.853668451309204 -9.076820373535156 -15.026659965515137
-4.113925933837891 -9.37691593170166 -14.881279945373535
-3.664095163345337 -8.96250057220459 -14.740686416625977
-3.6792216300964355 -8.991098403930664 -15.421588897705078
-3.779714345932007 -9.577995300292969 -15.84892463684082
-4.147904396057129 -9.56919002532959 -14.852559089660645
-2.844411849975586 -8.817893028259277 -15.160860061645508
-3.2612292766571045 -9.914350509643555 -17.286705017089844
-3.2822604179382324 -9.985538482666016 -17.186389923095703
-3.618889331817627 -9.826506614685059 -16.1871395111084
-3.685448169708252 -9.454551696777344 -14.67965316772461
-3.483729124069214 -9.36670207977295 -15.868480682373047
-3.239107131958008 -9.662296295166016 -16.478450775146484
-3.2506136894226074 -10.047991752624512 -17.17680549621582
-3.67126202583313 -9.960969924926758 -15.482739448547363
-2.8164520263671875 -9.288666725158691 -13.812735557556152
-3.3258132934570312 -9.453577995300293 -16.255077362060547
-2.393394947052002 -9.785967826843262 -19.503772735595703
-1.3573617935180664 -9.802072525024414 -22.99943733215332
-3.1788489818573 -10.517973899841309 -15.75360107421875
-3.4246881008148193 -9.945383071899414 -16.659812927246094
-2.471240758895874 -10.117593765258789 -18.728496551513672
-2.57623291015625 -9.858701705932617 -19.405696868896484
-1.3153536319732666 -10.096948623657227 -21.53464126586914
-2.711878776550293 -10.280372619628906 -18.308252334594727
-3.0450477600097656 -10.463163375854492 -16.456819534301758
-2.97304368019104 -9.917893409729004 -16.094881057739258
-3.3408727645874023 -10.106921195983887 -17.07579231262207
-3.394569158554077 -10.301786422729492 -15.854859352111816
-2.006984233856201 -9.742935180664062 -16.96101188659668
-2.2757210731506348 -10.559983253479004 -18.174633026123047
-2.159618854522705 -10.04697322845459 -16.188053131103516
-2.2799861431121826 -10.157609939575195 -19.305360794067383
-1.1578243970870972 -9.813384056091309 -24.14780616760254
-1.2781404256820679 -10.634862899780273 -20.414518356323242
-1.5203704833984375 -10.427947044372559 -20.532447814941406
-0.6482557654380798 -9.315601348876953 -26.712432861328125
-1.1728249788284302 -8.972878456115723 -28.810022354125977
-0.978002667427063 -9.083765983581543 -28.87451934814453
-0.4479767084121704 -9.562934875488281 -27.489639282226562
-0.6303318738937378 -9.408019065856934 -27.360607147216797
-1.0056471824645996 -9.62649917602539 -26.212081909179688
-2.432288885116577 -10.498950958251953 -18.936559677124023
-2.464207649230957 -10.232667922973633 -17.417190551757812
-1.1753895282745361 -9.683430671691895 -23.02451515197754
-0.6680193543434143 -9.006847381591797 -26.74431610107422
-0.9255887866020203 -8.4970703125 -28.301536560058594
-0.7867897152900696 -9.707043647766113 -23.43383026123047
-1.427581548690796 -9.549871444702148 -19.125673294067383
-0.9199104309082031 -8.942337989807129 -24.87127685546875
-0.621254026889801 -8.58552360534668 -28.62714958190918
-0.41746264696121216 -8.56583309173584 -29.00731658935547
-0.27186983823776245 -8.913564682006836 -28.339101791381836
-0.3262864351272583 -8.814953804016113 -28.396732330322266
-0.515891432762146 -8.824712753295898 -28.32716941833496
-0.497314453125 -9.618758201599121 -24.555870056152344
-0.4976876378059387 -9.102826118469238 -25.805585861206055
-0.6141470670700073 -8.55736255645752 -29.220325469970703
-0.40859168767929077 -8.279173851013184 -29.421085357666016
-0.656721293926239 -8.40822696685791 -28.561553955078125
-1.1974122524261475 -9.528099060058594 -21.388391494750977
-2.1181013584136963 -9.325172424316406 -19.146495819091797
-2.287651300430298 -9.344482421875 -16.573474884033203
-2.905726671218872 -8.812335968017578 -16.681669235229492
-2.581144094467163 -8.949989318847656 -17.009145736694336
-2.758497714996338 -8.411796569824219 -16.791778564453125
-3.3108088970184326 -8.659337043762207 -15.489656448364258
-2.4225878715515137 -6.094072341918945 -11.521392822265625
-1.2966629266738892 -4.023024559020996 -8.21662425994873
-1.4755523204803467 -4.634157180786133 -10.656068801879883
-1.3877513408660889 -3.887446641921997 -8.389209747314453
-1.2042938470840454 -2.4005448818206787 -5.395461559295654
-0.8737974166870117 -2.128909111022949 -6.224403381347656
-0.8670419454574585 -4.565379619598389 -11.145089149475098
-0.4907839298248291 -1.0671077966690063 -5.246591091156006
-0.9308858513832092 -0.5505927205085754 -4.4973344802856445
-0.6555142998695374 -1.9399269819259644 -6.531339645385742
-1.0293142795562744 -2.5181491374969482 -11.0899019241333
-1.294324517250061 -1.3449044227600098 -9.132328033447266
-0.6470435261726379 -0.5649975538253784 -5.32527494430542
-0.7020885944366455 -0.3793969452381134 -4.36187219619751
-0.3975009322166443 -3.1951799392700195 -8.546658515930176
-0.3249317407608032 -3.4406397342681885 -9.583888053894043
-0.704098105430603 -0.7873349189758301 -4.8501081466674805
-1.026631236076355 -0.029184751212596893 -3.620896577835083
-0.47451138496398926 -0.007917053997516632 -3.932142496109009
-0.8800995945930481 0.32919636368751526 -4.467687129974365
-1.075934648513794 -1.013016700744629 -7.106623649597168
-0.20381483435630798 -1.069021463394165 -6.189480304718018
-0.19251017272472382 -0.3978825807571411 -4.299835205078125
-0.4820667803287506 0.21781384944915771 -3.877523183822632
-0.7147877216339111 0.5492269396781921 -4.717008590698242
-1.383697748184204 0.2917289733886719 -7.923704147338867
-0.7027091979980469 -3.959526777267456 -13.988813400268555
-0.9586081504821777 -2.940885543823242 -10.0955171585083
-1.0148869752883911 -3.162405252456665 -8.61636734008789
-0.5750843286514282 -4.330621242523193 -10.691595077514648
-0.3805880546569824 -4.832858085632324 -12.302803039550781
0.06599581241607666 -3.236797332763672 -9.303465843200684
-0.6488357782363892 -5.2392354011535645 -14.056196212768555
-1.1611436605453491 -4.820754528045654 -12.47772216796875
-0.8386574983596802 -4.817776679992676 -11.088135719299316
-0.23420551419258118 -4.613513946533203 -10.99548053741455
-0.9547167420387268 -6.0929718017578125 -16.825294494628906
-1.0809342861175537 -6.496616363525391 -15.589653968811035
-0.9625435471534729 -7.017787933349609 -17.91623878479004
-0.7690315246582031 -2.723628520965576 -7.2160563468933105
0.046536922454833984 -2.5702927112579346 -8.013570785522461
0.035015448927879333 -2.4167721271514893 -7.620181560516357
-0.35539424419403076 -0.6959368586540222 -5.580154895782471
0.17315080761909485 -4.702101707458496 -13.488189697265625
0.17590999603271484 -1.4623538255691528 -5.215997695922852
0.42763805389404297 -0.6466140151023865 -4.205539226531982
0.4416797161102295 -0.6048405766487122 -4.273695468902588
-0.42574748396873474 -0.16836529970169067 -2.1922311782836914
-0.443060964345932 -0.038667187094688416 -2.43343186378479
-0.5067689418792725 0.6484004259109497 -5.777416229248047
0.09851822257041931 -0.18371053040027618 -3.7449584007263184
0.07493609935045242 -0.22699058055877686 -5.794111728668213
0.39014044404029846 -0.6938924193382263 -4.323868274688721
0.21854268014431 -1.367110252380371 -7.136536121368408
-0.04070881009101868 -3.1305577754974365 -12.592839241027832
0.40729716420173645 -4.363195896148682 -12.557143211364746
0.21252498030662537 -3.3429934978485107 -10.317720413208008
-4.032205104827881 -8.699040412902832 -15.571822166442871
-3.7523345947265625 -8.70410442352295 -14.84942626953125
-2.791637659072876 -8.202357292175293 -15.153068542480469
-3.296649694442749 -8.787723541259766 -14.701934814453125
-1.3660578727722168 -7.1070404052734375 -14.384798049926758
-3.1483535766601562 -8.548462867736816 -14.879386901855469
-2.472047805786133 -7.977228164672852 -15.268070220947266
-3.3117966651916504 -8.438031196594238 -15.157164573669434
-3.8850059509277344 -8.975624084472656 -15.657739639282227
-3.7180089950561523 -9.687942504882812 -16.301923751831055
-3.912720203399658 -9.269408226013184 -15.06674861907959
-3.8354594707489014 -9.031838417053223 -15.009531021118164
-3.9019031524658203 -9.196928977966309 -14.140606880187988
-3.2374677658081055 -8.675955772399902 -15.164191246032715
-3.9583821296691895 -9.540458679199219 -16.26746940612793
-3.9279849529266357 -9.691957473754883 -14.871355056762695
-2.9747908115386963 -8.993147850036621 -14.058866500854492
-3.7703700065612793 -9.399292945861816 -16.484834671020508
-3.784144401550293 -9.74666976928711 -15.937421798706055
-3.4201812744140625 -9.116881370544434 -15.26439094543457
-3.7918753623962402 -9.508763313293457 -14.366141319274902
-3.4056122303009033 -9.24267578125 -16.315364837646484
-2.690168619155884 -9.876777648925781 -18.66905403137207
-1.6979880332946777 -9.92277717590332 -20.567930221557617
-3.4231197834014893 -10.428634643554688 -15.960897445678711
-3.297654867172241 -9.675972938537598 -16.662010192871094
-1.7327584028244019 -9.656542778015137 -21.185890197753906
-1.2375296354293823 -10.000716209411621 -22.180217742919922
-2.4462225437164307 -10.408616065979004 -18.589229583740234
-1.4323854446411133 -10.069844245910645 -21.140426635742188
-1.0220516920089722 -9.407241821289062 -24.392309188842773
-0.8328943848609924 -9.531397819519043 -25.129850387573242
-1.0348970890045166 -10.514460563659668 -21.425172805786133
-1.4014147520065308 -10.132038116455078 -21.526004791259766
-1.0414307117462158 -9.885499000549316 -23.542346954345703
-1.1177403926849365 -9.990463256835938 -22.84734344482422
-1.276120901107788 -10.426755905151367 -21.09882926940918
-2.4496071338653564 -10.841245651245117 -17.687480926513672
-3.230710983276367 -10.50252914428711 -15.52306079864502
-2.690741539001465 -9.77376937866211 -17.739160537719727
-1.4835712909698486 -10.03088092803955 -21.563079833984375
-1.4126863479614258 -9.506162643432617 -23.20779037475586
-1.4771628379821777 -8.892874717712402 -28.21221923828125
-0.6335237622261047 -9.454048156738281 -27.189701080322266
-0.7980597615242004 -9.364068984985352 -27.275028228759766
-0.6974543929100037 -10.03699016571045 -24.701852798461914
-1.1882646083831787 -10.386528968811035 -21.67473793029785
-1.1450912952423096 -10.55682373046875 -20.76653289794922
-3.4234654903411865 -10.610284805297852 -16.050247192382812
-2.4942684173583984 -10.00338077545166 -16.0732421875
-3.131150245666504 -10.231367111206055 -16.313249588012695
-3.354311466217041 -10.492471694946289 -15.712858200073242
-2.9593396186828613 -10.442876815795898 -14.091170310974121
-3.971839666366577 -10.54092025756836 -13.623147010803223
-2.6538033485412598 -9.25311279296875 -13.93659782409668
-3.61607027053833 -10.085490226745605 -13.219194412231445
-3.466092586517334 -10.164549827575684 -14.556331634521484
-1.3166532516479492 -9.074891090393066 -19.64267921447754
-1.1780825853347778 -8.785337448120117 -29.295921325683594
-0.09737926721572876 -8.645094871520996 -32.40363693237305
-0.6664930582046509 -9.079669952392578 -30.82175636291504
-0.0125274658203125 -9.245423316955566 -28.858081817626953
-0.4135637879371643 -8.980795860290527 -29.42583465576172
-1.0303187370300293 -8.939064025878906 -29.19429588317871
-0.3709186315536499 -9.42344856262207 -26.756242752075195
-0.7300938963890076 -10.257978439331055 -22.35791015625
-0.3817288279533386 -9.538130760192871 -26.099571228027344
-0.9814504981040955 -8.561503410339355 -29.155977249145508
-1.0757153034210205 -8.927618980407715 -27.4488468170166
-1.1869938373565674 -9.992725372314453 -17.703588485717773
-2.2153332233428955 -9.863823890686035 -18.35428237915039
-2.1681811809539795 -9.10164737701416 -20.078523635864258
-1.2936036586761475 -9.626102447509766 -21.210084915161133
-2.667811393737793 -8.970666885375977 -16.156923294067383
-3.1592400074005127 -8.193596839904785 -14.25587272644043
-3.0337932109832764 -6.946322441101074 -13.887359619140625
-3.1173410415649414 -7.5959272384643555 -14.582921028137207
-2.6860427856445312 -7.254042148590088 -14.946130752563477
-1.5136557817459106 -5.375584125518799 -10.753162384033203
-1.1841588020324707 -4.598801612854004 -8.415380477905273
-1.1512585878372192 -2.2872586250305176 -4.980245113372803
-1.1101000308990479 -1.3241007328033447 -5.317397594451904
-0.7523207068443298 -1.8014122247695923 -6.674501419067383
-1.1283801794052124 -3.667816162109375 -10.754193305969238
-0.7804878950119019 -3.1067211627960205 -8.660513877868652
-0.8142337799072266 -2.2132153511047363 -5.7340312004089355
-0.7962690591812134 -2.688011646270752 -6.22650671005249
-0.8012555837631226 -2.9616682529449463 -6.6253581047058105
-0.7783809304237366 -0.5361520648002625 -4.469662666320801
-0.6747194528579712 -0.9805477857589722 -4.671374797821045
-0.5865088105201721 -0.41258546710014343 -3.6423652172088623
-0.32655155658721924 -0.5927902460098267 -3.786459445953369
-0.47412800788879395 -0.5568515062332153 -4.218775272369385
-0.631231427192688 -1.8101587295532227 -7.782533645629883
-0.692151665687561 -1.444557547569275 -6.775608539581299
-0.8292849063873291 -1.9400005340576172 -8.364990234375
-0.3490956425666809 -1.3745967149734497 -5.422905445098877
-1.2871917486190796 0.14554572105407715 -2.847118377685547
-0.545501708984375 -0.5600878000259399 -2.508493423461914
-0.3644605875015259 -0.03447513282299042 -5.797526836395264
-0.8151739239692688 0.8292820453643799 -5.469313144683838
-0.5441192388534546 -0.16738261282444 -5.908603668212891
-1.373230218887329 0.7626047134399414 -3.1856861114501953
-0.7333583831787109 0.2719367444515228 -3.331688165664673
-0.29364174604415894 -0.22848394513130188 -4.27033805847168
-0.24868854880332947 -0.28017738461494446 -5.854820251464844
-1.3629684448242188 0.7269541621208191 -4.4629106521606445
-0.6281378269195557 -1.20515775680542 -7.206592559814453
-1.7231149673461914 -2.4649553298950195 -11.332454681396484
-1.6445560455322266 -5.87037992477417 -16.847551345825195
-1.6850303411483765 -6.336443901062012 -16.625516891479492
-0.7715515494346619 -4.0386552810668945 -10.01555347442627
-0.9623737931251526 -4.795254230499268 -11.860540390014648
-1.0652345418930054 -7.430985450744629 -18.353731155395508
-1.0981318950653076 -4.793757915496826 -11.105422973632812
-1.6031831502914429 -4.457709312438965 -11.543489456176758
-1.8873755931854248 -7.58276891708374 -18.431549072265625
-1.2739465236663818 -5.990166187286377 -14.232973098754883
-1.61952805519104 -6.90532922744751 -18.167369842529297
-1.9685556888580322 -7.380840301513672 -17.911487579345703
-1.8049507141113281 -7.202054023742676 -18.814281463623047
-1.1793502569198608 -4.536686420440674 -12.192947387695312
-0.1067485511302948 -4.530617713928223 -12.772930145263672
-1.231781005859375 -2.509087085723877 -9.915868759155273
-0.8589624166488647 -5.933338642120361 -16.250179290771484
0.016620337963104248 -4.852594375610352 -11.766895294189453
0.03164610266685486 -1.101722002029419 -4.085148334503174
0.5036976337432861 -1.2969324588775635 -6.185061931610107
0.1738676130771637 -0.5502122044563293 -5.400465965270996
0.3444409966468811 -1.5329325199127197 -6.641528129577637
-0.18584267795085907 -0.15140743553638458 -3.167144536972046
0.2942235469818115 -0.4575352668762207 -3.805354595184326
0.14254194498062134 -3.47918963432312 -13.229506492614746
0.4624226689338684 -4.870331287384033 -13.298274993896484
-0.4969600737094879 -1.6593354940414429 -7.399825096130371
0.8450336456298828 -2.9179346561431885 -8.678756713867188
-0.23279687762260437 -3.959360361099243 -13.781234741210938
-1.8546907901763916 -7.826841354370117 -15.335402488708496
-1.1967922449111938 -6.7583160400390625 -14.13565731048584
-1.0808783769607544 -6.867258071899414 -14.297151565551758
-1.5683064460754395 -6.6196699142456055 -14.224542617797852
-2.054194211959839 -7.552037715911865 -16.331045150756836
-2.252469539642334 -7.852926254272461 -15.635172843933105
-1.9547240734100342 -8.1466646194458 -15.865288734436035
-1.7857471704483032 -7.001335620880127 -14.982393264770508
-4.133519172668457 -8.992742538452148 -14.819070816040039
-3.4696621894836426 -8.645092010498047 -15.614402770996094
-3.2704989910125732 -9.744852066040039 -17.36343765258789
-3.289133071899414 -10.062593460083008 -17.17627716064453
-3.660149335861206 -9.212671279907227 -15.07258415222168
-3.7754368782043457 -9.45205020904541 -16.873950958251953
-3.423391342163086 -9.453588485717773 -16.919633865356445
-3.099787712097168 -9.429837226867676 -17.73739242553711
-1.5778350830078125 -9.534782409667969 -21.71870994567871
-3.144277334213257 -10.195332527160645 -17.4018497467041
-3.687879800796509 -9.791170120239258 -15.819607734680176
-3.6939175128936768 -9.372841835021973 -14.747115135192871
-4.173808574676514 -9.667208671569824 -15.426483154296875
-3.766042947769165 -9.385818481445312 -15.23086166381836
-4.107915878295898 -9.414791107177734 -14.357466697692871
-3.7261929512023926 -9.343931198120117 -15.820406913757324
-3.8381893634796143 -9.853286743164062 -15.243321418762207
-4.1868438720703125 -9.657865524291992 -14.73760986328125
-4.006567001342773 -9.21301555633545 -13.998908996582031
-3.1245148181915283 -8.742167472839355 -13.608307838439941
-3.6858272552490234 -9.575987815856934 -16.51905632019043
-1.7149198055267334 -10.1553316116333 -19.982091903686523
-3.297379732131958 -9.95616340637207 -16.42127227783203
-3.6557068824768066 -9.675209045410156 -14.633745193481445
-3.7851552963256836 -9.691018104553223 -13.01186752319336
-3.162543296813965 -9.104028701782227 -13.587446212768555
-3.8866238594055176 -9.744038581848145 -13.952484130859375
-3.3182053565979004 -9.371397018432617 -14.79835319519043
-3.3025262355804443 -9.758214950561523 -16.245534896850586
-3.05218243598938 -10.102363586425781 -17.194185256958008
-2.791468858718872 -10.299510955810547 -18.19208526611328
-1.1338943243026733 -9.932395935058594 -22.729429244995117
-0.8055657744407654 -9.184778213500977 -27.231718063354492
-1.0068436861038208 -8.921647071838379 -29.053813934326172
-1.3119622468948364 -9.149087905883789 -29.0172061920166
-0.37414783239364624 -9.222661018371582 -28.679767608642578
-0.9311122894287109 -9.19812297821045 -29.466934204101562
-1.0176682472229004 -9.098806381225586 -30.121234893798828
-0.4833332300186157 -9.26495361328125 -28.901063919067383
-0.8324652314186096 -9.420331954956055 -27.89164924621582
-0.7839795351028442 -10.239263534545898 -24.53926658630371
-2.99998140335083 -10.624430656433105 -16.99464225769043
-3.4230310916900635 -10.567846298217773 -15.607126235961914
-3.5633602142333984 -10.174205780029297 -12.252509117126465
-2.5411481857299805 -6.758406639099121 -8.866904258728027
-3.307450532913208 -9.811655044555664 -12.460947036743164
-2.808058738708496 -9.917078018188477 -16.042009353637695
-2.419034957885742 -10.845375061035156 -17.615795135498047
-3.364421844482422 -11.025129318237305 -14.52651309967041
-2.321442127227783 -10.375977516174316 -14.463942527770996
-2.164438009262085 -10.388436317443848 -19.39798927307129
-0.979650616645813 -8.875027656555176 -28.18947982788086
-1.1385236978530884 -8.956406593322754 -29.032670974731445
-0.823090136051178 -9.126801490783691 -28.73714828491211
-0.5956647396087646 -9.379938125610352 -28.026704788208008
-0.36533981561660767 -8.923269271850586 -29.1658935546875
-1.534121036529541 -9.145591735839844 -28.782262802124023
-0.3556417226791382 -9.80048656463623 -25.888385772705078
-0.6996135115623474 -10.559855461120605 -22.844234466552734
-1.4754338264465332 -10.036965370178223 -21.784597396850586
-0.5752297639846802 -9.340470314025879 -26.589927673339844
-0.6341914534568787 -8.867793083190918 -27.96942710876465
-0.5299614667892456 -9.443380355834961 -26.100955963134766
-0.767825186252594 -9.815533638000488 -23.32866668701172
-0.5404120683670044 -9.4592924118042 -25.798723220825195
-0.8598451018333435 -9.17024040222168 -25.64502716064453
-2.01699161529541 -10.43816089630127 -18.66405487060547
-2.7017579078674316 -8.975218772888184 -14.5841646194458
-2.4252068996429443 -6.9221320152282715 -14.406461715698242
-2.4887630939483643 -9.13906192779541 -18.820560455322266
-1.8164852857589722 -9.293063163757324 -23.239439010620117
-2.6657004356384277 -10.287247657775879 -14.802865982055664
-2.691371440887451 -5.000874042510986 -8.32851791381836
-1.8403204679489136 -5.062395095825195 -8.170100212097168
-2.38263201713562 -6.9836554527282715 -14.342244148254395
-2.3726372718811035 -5.52716064453125 -12.14899730682373
-3.315230369567871 -8.136246681213379 -15.048794746398926
-2.8570261001586914 -7.210978031158447 -15.123616218566895
-2.0024917125701904 -5.167011737823486 -9.560056686401367
-1.2295217514038086 -3.658520460128784 -6.532472610473633
-1.3927147388458252 -5.0117998123168945 -10.792012214660645
-1.2486408948898315 -3.946835517883301 -9.61796760559082
-2.1385650634765625 -6.871651649475098 -16.844379425048828
-2.1721670627593994 -6.667064666748047 -14.497421264648438
-1.4675861597061157 -5.249129295349121 -10.628585815429688
-2.4298548698425293 -7.577238082885742 -16.209102630615234
-3.906531810760498 -9.0819673538208 -15.717634201049805
-2.062019109725952 -4.8831634521484375 -9.134786605834961
-0.6578973531723022 -4.4708476066589355 -8.363201141357422
-0.4145774841308594 -4.153299808502197 -7.366250038146973
-0.8762007355690002 -0.9045228362083435 -2.662738561630249
-0.24174433946609497 -1.724747896194458 -5.988016128540039
-0.5377627611160278 -0.9327316284179688 -5.147088050842285
-0.5726948976516724 -4.383976936340332 -12.40615177154541
-0.563275933265686 -1.7000633478164673 -6.60510778427124
-0.5081347227096558 -1.461605191230774 -7.142116546630859
-0.5006362199783325 -1.0065628290176392 -6.7991437911987305
-0.7197256088256836 0.27572500705718994 -4.941570281982422
-1.0423542261123657 -0.6468315124511719 -7.017146110534668
-1.1496727466583252 -0.6198499202728271 -5.66780424118042
-0.060521259903907776 -0.7810357809066772 -6.257436752319336
-0.20917421579360962 -3.333430528640747 -10.729305267333984
-0.9797670841217041 -5.096513271331787 -14.294496536254883
-2.9774749279022217 -7.9353766441345215 -17.997772216796875
-2.5579874515533447 -6.6100358963012695 -14.124983787536621
-2.234805107116699 -6.445949077606201 -14.9737548828125
-2.1536240577697754 -6.782069206237793 -17.075550079345703
-1.8789339065551758 -6.168159484863281 -14.595681190490723
-1.8333396911621094 -6.512894630432129 -16.7152099609375
-1.4075623750686646 -7.355041980743408 -17.892776489257812
-1.138866662979126 -5.138998031616211 -12.348455429077148
-1.236806035041809 -5.553904056549072 -13.47714900970459
-1.5363950729370117 -5.672698974609375 -15.559598922729492
-0.8665873408317566 -5.427320957183838 -13.157099723815918
0.20333200693130493 -4.252161026000977 -11.48107624053955
0.24302014708518982 -4.045144081115723 -10.840174674987793
-0.3942611813545227 -4.477527618408203 -12.494649887084961
-1.0074485540390015 -3.4913086891174316 -10.896697044372559
-0.322282612323761 -4.8222336769104 -13.32337474822998
-0.3783959150314331 -3.510122060775757 -10.955805778503418
-0.6211711168289185 -3.8455445766448975 -11.785382270812988
0.171128511428833 -4.955717086791992 -12.766409873962402
0.1044420450925827 -2.7511463165283203 -8.49515438079834
-0.25013303756713867 -0.32057929039001465 -4.822434902191162
-0.044112443923950195 -0.1396942436695099 -5.9959330558776855
0.18994468450546265 -3.613372564315796 -14.83344554901123
0.21228310465812683 -3.869586229324341 -11.766899108886719
-0.7932562232017517 -1.376273274421692 -7.416173934936523
0.4678340554237366 -2.568408727645874 -8.669351577758789
0.5588853359222412 -4.932844161987305 -7.785185813903809
1.0854315757751465 -4.539109230041504 -6.3961873054504395
1.5879168510437012 -3.9453284740448 -4.219775676727295
1.885666847229004 -3.687084913253784 -2.5214498043060303
1.62398362159729 -3.2862002849578857 -0.4442444145679474
1.6869083642959595 -4.327365398406982 -2.815376043319702
1.791074275970459 -4.713766574859619 0.5976939797401428
0.14536552131175995 -3.6371541023254395 1.0082669258117676
1.5650112628936768 -2.8304383754730225 -1.2652103900909424
0.923825740814209 -6.280359745025635 -4.098140239715576
0.7036508321762085 -2.251507043838501 -0.613453209400177
1.6910386085510254 -3.500385284423828 -2.988555908203125
1.5373375415802002 -3.501797914505005 -3.1475939750671387
0.41124385595321655 -4.432000160217285 -6.684146404266357
-0.13496047258377075 -5.929020881652832 -9.345041275024414
0.7174088358879089 -5.4121246337890625 -6.5461344718933105
0.5681783556938171 -4.272122859954834 -2.823740005493164
1.2196712493896484 -4.8538665771484375 -5.58405876159668
0.7594224214553833 -4.6654205322265625 -4.761789321899414
0.5748686790466309 -4.647416591644287 -5.0365800857543945
0.49279865622520447 -4.615289688110352 -5.201310634613037
0.2766895294189453 -4.6721625328063965 -6.221648693084717
0.20294266939163208 -5.376152515411377 -6.849294662475586
0.10083942115306854 -4.4772138595581055 -6.079442024230957
-0.8019856810569763 -5.509618759155273 -9.069327354431152
-1.245148777961731 -7.330176830291748 -12.158156394958496
-0.5673204064369202 -5.481541156768799 -8.362309455871582
0.14225490391254425 -5.7484917640686035 -6.101655006408691
0.050396695733070374 -4.891563892364502 -6.720374584197998
-0.8991861343383789 -5.797679424285889 -10.247380256652832
-1.726747751235962 -7.527255535125732 -13.674185752868652
-1.9221258163452148 -8.136038780212402 -14.506155014038086
-1.0600683689117432 -5.937099456787109 -8.284512519836426
-0.5547571182250977 -5.6770548820495605 -9.051280975341797
-0.818665623664856 -6.297974586486816 -11.147855758666992
-1.0890905857086182 -6.392241954803467 -9.226558685302734
-0.31211909651756287 -6.322126388549805 -5.612997055053711
0.2775537371635437 -4.111212253570557 -1.535999059677124
0.2598969638347626 -5.7128376960754395 -0.03824469447135925
0.3196312487125397 -4.577608585357666 0.46422216296195984
1.4635382890701294 -4.5518879890441895 -4.48664665222168
-3.6443874835968018 -9.447382926940918 -17.718971252441406
-1.6466009616851807 -8.565423011779785 -27.35226821899414
-0.7241511344909668 -9.62199878692627 -26.373563766479492
-0.35029006004333496 -9.514365196228027 -27.60694694519043
-0.9332351684570312 -9.08901596069336 -30.085758209228516
-0.7075961828231812 -9.203649520874023 -30.476402282714844
-0.48617029190063477 -9.183999061584473 -31.09662628173828
-0.7748992443084717 -9.278109550476074 -30.457935333251953
-0.5255780816078186 -9.338418960571289 -30.12653350830078
-0.594991147518158 -9.274848937988281 -30.857210159301758
-0.6986293196678162 -9.288320541381836 -30.645668029785156
-0.8583185076713562 -9.398674964904785 -29.611949920654297
-0.4746546149253845 -9.31484603881836 -29.12885856628418
-0.5573452115058899 -9.409008026123047 -28.816848754882812
-0.21249449253082275 -9.111807823181152 -29.51702117919922
-0.8701298832893372 -9.230179786682129 -30.270212173461914
-0.7697057127952576 -9.223700523376465 -30.533662796020508
-0.782989501953125 -9.361828804016113 -29.522546768188477
-0.7360645532608032 -9.449541091918945 -28.738527297973633
-0.24191266298294067 -9.805487632751465 -26.994754791259766
-0.354739248752594 -9.489327430725098 -28.219694137573242
-0.844883382320404 -9.275238037109375 -29.368534088134766
-0.9932355880737305 -9.268134117126465 -29.94759178161621
-0.4573509693145752 -9.262613296508789 -29.99091148376465
-1.1807520389556885 -9.506142616271973 -29.267024993896484
0.08473896980285645 -9.021148681640625 -30.25596046447754
0.008900105953216553 -8.766764640808105 -32.86450958251953
-0.8090885877609253 -9.123696327209473 -30.542631149291992
-0.7898311614990234 -10.710779190063477 -19.84193229675293
-1.5772905349731445 -10.487405776977539 -20.15546226501465
-0.7892345190048218 -8.756165504455566 -26.995405197143555
-0.6699170470237732 -9.162881851196289 -25.635961532592773
-1.8623669147491455 -10.000203132629395 -19.09119415283203
-2.3391425609588623 -9.632858276367188 -15.433500289916992
-2.6897003650665283 -9.159652709960938 -16.023502349853516
-2.92557430267334 -9.640408515930176 -16.788244247436523
-3.355349540710449 -9.5162353515625 -13.469709396362305
-1.7876625061035156 -5.232427597045898 -9.358936309814453
-2.957479476928711 -7.843257904052734 -15.067011833190918
-1.3272225856781006 -8.802754402160645 -22.86052894592285
-1.157745122909546 -8.923715591430664 -24.399789810180664
-2.1048760414123535 -9.718899726867676 -17.37001609802246
-2.3125243186950684 -9.343880653381348 -17.2869815826416
-1.312779426574707 -9.255043029785156 -22.060897827148438
-1.3984105587005615 -9.251436233520508 -21.835025787353516
-3.0709919929504395 -10.147805213928223 -15.949397087097168
-2.296605110168457 -5.175348281860352 -8.168282508850098
-1.0548439025878906 -4.7038726806640625 -8.781911849975586
-3.2969040870666504 -8.030964851379395 -15.638982772827148
-3.0139107704162598 -8.92660140991211 -17.544567108154297
-2.8429930210113525 -9.031335830688477 -16.85938262939453
-2.7310783863067627 -8.723579406738281 -16.899860382080078
-2.9995768070220947 -8.917852401733398 -17.902294158935547
-2.212329387664795 -9.247476577758789 -19.669973373413086
-1.929264783859253 -9.530010223388672 -19.577423095703125
-2.8805789947509766 -8.924534797668457 -15.108104705810547
-3.400132656097412 -8.503190994262695 -15.289484977722168
-3.288851499557495 -8.706562042236328 -15.558107376098633
-2.978468894958496 -8.004592895507812 -14.889533042907715
-3.169254779815674 -8.374256134033203 -15.237743377685547
-3.239508628845215 -8.520622253417969 -15.734743118286133
-2.409079074859619 -6.8703460693359375 -15.17719554901123
-1.5298250913619995 -5.704018592834473 -11.625239372253418
-0.5571454763412476 -1.6058666706085205 -4.150662422180176
-0.5514336228370667 -1.0756489038467407 -5.400790691375732
-0.10806664824485779 -3.581712007522583 -10.275904655456543
-0.5355753898620605 -3.5378024578094482 -9.030760765075684
-0.4173216223716736 -2.7277183532714844 -7.079662799835205
-0.06692510843276978 -3.3078713417053223 -8.216031074523926
-0.1892973780632019 -2.367243766784668 -5.706516265869141
-0.4034843444824219 -5.481653690338135 -12.868880271911621
-1.23385751247406 -5.932647705078125 -14.219799041748047
-2.0113987922668457 -6.805060386657715 -17.576356887817383
-2.863802433013916 -8.210741996765137 -16.752225875854492
-2.4213781356811523 -7.3282880783081055 -16.382543563842773
-1.868767261505127 -6.932327747344971 -15.875736236572266
-0.7903019785881042 -5.273439407348633 -11.96766471862793
0.09066399931907654 -4.930928707122803 -11.077628135681152
-0.26605841517448425 -3.0987608432769775 -6.5186638832092285
0.7232367992401123 -3.0877182483673096 -6.8212480545043945
-0.2805432975292206 -2.4053218364715576 -5.665130138397217
-0.14764758944511414 -2.983210325241089 -7.494316101074219
0.6882937550544739 -3.730637550354004 -8.873973846435547
0.6446484327316284 -4.454488754272461 -10.707931518554688
-0.0677156001329422 -1.9586293697357178 -4.479448318481445
0.3274534344673157 -2.0829498767852783 -7.032840251922607
-0.28958243131637573 -2.5073680877685547 -9.24184513092041
0.46389591693878174 -2.698110342025757 -7.657533645629883
0.24910348653793335 -2.776561737060547 -8.864316940307617
0.3539681136608124 -5.15775728225708 -14.582921028137207
-0.23555144667625427 -4.739133358001709 -13.419466972351074
0.09558197855949402 -4.896577835083008 -12.902308464050293
-0.822274923324585 -1.8646571636199951 -8.744874000549316
0.003887474536895752 -4.017325401306152 -11.820455551147461
0.4240395128726959 -3.9954476356506348 -11.281316757202148
-0.00039646029472351074 -1.8917524814605713 -7.90192985534668
-3.0773942470550537 -8.626871109008789 -14.896836280822754
-2.1160964965820312 -7.608140468597412 -15.652982711791992
-2.938687324523926 -8.222760200500488 -15.210646629333496
-3.679107189178467 -8.682817459106445 -14.949872016906738
-4.172704696655273 -9.13638687133789 -14.701688766479492
-3.5800368785858154 -8.93140983581543 -14.227447509765625
-2.0900192260742188 -7.748144626617432 -14.828981399536133
-3.086912155151367 -8.146867752075195 -15.383255004882812
-2.9022774696350098 -8.029468536376953 -15.179462432861328
-4.326766014099121 -9.496353149414062 -14.912517547607422
-2.9839353561401367 -8.346903800964355 -14.286200523376465
-2.707387685775757 -8.074248313903809 -15.153175354003906
-2.6781888008117676 -8.173677444458008 -15.068395614624023
-4.019795894622803 -9.03332233428955 -15.588502883911133
-3.576289176940918 -9.43777084350586 -17.197839736938477
-3.5051958560943604 -9.851356506347656 -16.905569076538086
-3.286789894104004 -9.225069046020508 -16.53276824951172
-3.3912951946258545 -9.777165412902832 -17.143611907958984
-3.504079818725586 -9.729704856872559 -16.53196907043457
-3.2686445713043213 -9.67879867553711 -16.953725814819336
-2.773430824279785 -10.008106231689453 -18.25384521484375
-1.5018080472946167 -9.60552978515625 -21.390945434570312
-1.3175469636917114 -9.6148099899292 -22.744638442993164
-1.1748523712158203 -9.654629707336426 -23.278762817382812
-1.3007838726043701 -9.627110481262207 -22.464075088500977
-1.630509853363037 -9.993451118469238 -20.105636596679688
-2.854344606399536 -9.457330703735352 -18.19675064086914
-1.3338083028793335 -9.6676025390625 -22.1739559173584
-0.9434139728546143 -9.555895805358887 -24.19810676574707
-0.9662663340568542 -8.869269371032715 -28.016590118408203
-1.0073375701904297 -9.068682670593262 -28.258018493652344
-0.8482471108436584 -9.212594985961914 -28.172330856323242
-0.954952597618103 -9.138114929199219 -28.784381866455078
-0.960920512676239 -9.252198219299316 -29.372413635253906
-0.8749191761016846 -9.26702880859375 -30.063018798828125
-0.5233243703842163 -9.252857208251953 -31.098011016845703
-0.15263789892196655 -9.31478500366211 -31.743236541748047
0.21914583444595337 -9.103143692016602 -33.109134674072266
0.2163609266281128 -9.241992950439453 -32.82123947143555
0.03601956367492676 -9.190813064575195 -32.61589431762695
-1.1286492347717285 -9.588358879089355 -29.478538513183594
-0.7111102938652039 -11.076935768127441 -22.18021011352539
-1.3398551940917969 -9.97875690460205 -26.439302444458008
-1.3492662906646729 -10.919486999511719 -23.23260498046875
-2.6031649112701416 -12.033390998840332 -13.883914947509766
-2.419929265975952 -10.606074333190918 -14.312546730041504
-3.4051389694213867 -10.567954063415527 -12.093876838684082
-1.5380427837371826 -8.596455574035645 -13.442609786987305
-1.3931591510772705 -10.07803726196289 -22.264192581176758
-1.499828815460205 -10.677229881286621 -20.385934829711914
-0.8836172223091125 -10.389410972595215 -22.88144302368164
-0.5452150702476501 -9.565814018249512 -27.219322204589844
-0.7973924279212952 -9.144742012023926 -29.40717315673828
-0.8104602694511414 -9.236379623413086 -30.28774642944336
-0.7259818911552429 -9.298831939697266 -30.3994083404541
-0.6479782462120056 -9.439957618713379 -29.6209774017334
-0.5773581266403198 -9.454090118408203 -29.621732711791992
-0.6882105469703674 -9.391009330749512 -30.17405128479004
-0.7336222529411316 -9.347977638244629 -30.6060848236084
-0.5299902558326721 -9.457779884338379 -29.672800064086914
-0.6628254652023315 -9.433358192443848 -29.66253662109375
-0.7380669713020325 -9.412079811096191 -29.69724464416504
-0.8020035624504089 -9.155760765075684 -30.49458885192871
-1.2223951816558838 -9.24586296081543 -29.041767120361328
-0.556557834148407 -10.314289093017578 -24.703296661376953
-3.0130269527435303 -11.439955711364746 -15.164482116699219
-2.5443763732910156 -10.361610412597656 -13.7196683883667
-1.3881481885910034 -10.472602844238281 -16.16533660888672
-0.6145948767662048 -9.127391815185547 -27.951705932617188
-0.3294917941093445 -9.006634712219238 -31.687021255493164
-0.3590734004974365 -9.310673713684082 -31.0198974609375
0.06485462188720703 -9.22685718536377 -32.35212707519531
0.09575420618057251 -9.173276901245117 -32.535709381103516
-0.741564154624939 -9.435996055603027 -30.145404815673828
-0.44808632135391235 -9.364405632019043 -29.376781463623047
-0.42943131923675537 -9.16882610321045 -29.42160987854004
-1.062943696975708 -9.1559419631958 -29.44627571105957
-0.9449805021286011 -9.072562217712402 -29.098003387451172
-0.4102957844734192 -9.522236824035645 -25.54999351501465
-0.3960108757019043 -9.772223472595215 -24.997575759887695
-0.5490912199020386 -9.126919746398926 -26.789928436279297
-0.6867449879646301 -9.136137962341309 -25.37348175048828
-0.9668473601341248 -9.570579528808594 -23.17483139038086
-2.0869715213775635 -9.263481140136719 -19.602008819580078
-1.8218085765838623 -9.73924732208252 -19.8381404876709
-2.2823739051818848 -9.491538047790527 -19.33502197265625
-2.494774580001831 -9.51241683959961 -17.080493927001953
-3.0851051807403564 -9.237805366516113 -14.765022277832031
-2.747368335723877 -8.7432222366333 -15.956008911132812
-1.4929609298706055 -9.044936180114746 -22.176326751708984
-1.2870161533355713 -9.653972625732422 -21.70745277404785
-1.9125885963439941 -9.942695617675781 -17.257490158081055
-1.7948908805847168 -9.774263381958008 -20.00457000732422
-1.8898688554763794 -9.197832107543945 -20.986324310302734
-1.5645966529846191 -9.807382583618164 -20.18158531188965
-2.1629204750061035 -9.433015823364258 -19.21080780029297
-1.3733470439910889 -9.157841682434082 -22.072050094604492
-1.9361379146575928 -9.407203674316406 -20.23948097229004
-1.6621196269989014 -9.376303672790527 -20.77918243408203
-2.7433831691741943 -9.137628555297852 -18.28608512878418
-2.6894359588623047 -8.809600830078125 -16.652549743652344
-3.3998806476593018 -8.837786674499512 -17.23975372314453
-3.397435426712036 -8.97620964050293 -14.478352546691895
-2.5690619945526123 -7.617476940155029 -14.697090148925781
-1.0672051906585693 -4.535661220550537 -8.667243003845215
-2.9960193634033203 -8.17579174041748 -16.058292388916016
-3.2786478996276855 -8.64714527130127 -16.637697219848633
-3.2273571491241455 -8.470030784606934 -16.15761947631836
-3.225548267364502 -8.508161544799805 -15.316475868225098
-2.4018056392669678 -6.63076639175415 -15.552474021911621
-2.8697755336761475 -7.677272319793701 -15.41215705871582
-3.2635371685028076 -8.500975608825684 -16.42776870727539
-2.8742098808288574 -7.823049068450928 -15.59781265258789
-1.7139129638671875 -4.233339786529541 -11.07369327545166
-0.8610790967941284 -4.7840189933776855 -13.322473526000977
-0.4511587917804718 -3.213099718093872 -10.204554557800293
-0.8200365900993347 0.14686335623264313 -4.229005813598633
-0.5613394379615784 -0.8830466270446777 -6.428382873535156
-0.9714629650115967 -6.752673625946045 -19.99263572692871
-1.310044288635254 -5.352719783782959 -14.503301620483398
-0.7567979693412781 -2.3112130165100098 -7.945136070251465
-0.8193439245223999 -5.199400424957275 -14.48442554473877
-1.3629637956619263 -5.839885234832764 -14.896808624267578
-0.8461581468582153 -5.429600715637207 -14.007363319396973
-1.7921172380447388 -7.588871955871582 -18.841110229492188
-1.5005998611450195 -5.422481060028076 -13.397186279296875
-0.4847938120365143 -3.842296600341797 -10.098457336425781
-0.2815377414226532 -4.452511310577393 -11.881778717041016
-0.6129786968231201 -5.233813762664795 -12.7780122756958
-0.39637428522109985 -5.7895989418029785 -14.932732582092285
-0.03150632977485657 -4.263762950897217 -9.876814842224121
-0.012570410966873169 -4.298870086669922 -11.746299743652344
0.2762964367866516 -3.807393789291382 -9.547796249389648
-0.7683045268058777 -7.051401615142822 -19.092052459716797
-1.2104716300964355 -6.423487186431885 -16.926319122314453
-1.2187304496765137 -6.246795654296875 -17.782060623168945
-0.8430140018463135 -5.679340839385986 -14.261512756347656
-4.04104471206665 -9.407276153564453 -16.02439308166504
-3.703059196472168 -9.51268196105957 -16.541439056396484
-3.9944007396698 -9.500251770019531 -14.939903259277344
-3.7234883308410645 -9.48437213897705 -17.13731575012207
-3.8357086181640625 -9.521668434143066 -15.407828330993652
-3.765810489654541 -9.329244613647461 -16.450368881225586
-2.9165735244750977 -9.936314582824707 -17.976226806640625
-3.6950507164001465 -9.764130592346191 -15.964750289916992
-3.747443675994873 -9.561306953430176 -14.961596488952637
-3.741048812866211 -9.264204978942871 -13.889595031738281
-4.174985408782959 -9.312729835510254 -14.143243789672852
-3.6210410594940186 -9.093833923339844 -15.44079303741455
-3.904909133911133 -9.786446571350098 -15.890923500061035
-3.604809045791626 -9.404052734375 -16.004060745239258
-3.686354637145996 -9.828362464904785 -15.849624633789062
-3.5650317668914795 -9.497156143188477 -15.202558517456055
-3.6282739639282227 -9.644293785095215 -15.816865921020508
-3.4453186988830566 -9.905556678771973 -16.926084518432617
-3.347689390182495 -9.442281723022461 -16.130523681640625
-4.2908034324646 -9.792601585388184 -14.669367790222168
-2.315549850463867 -7.875495433807373 -13.301937103271484
-1.0581730604171753 -6.182899475097656 -10.314895629882812
-1.3730337619781494 -5.896498203277588 -10.235840797424316
-1.7961748838424683 -7.561035633087158 -14.4757080078125
-2.969202995300293 -8.223450660705566 -14.22156047821045
-4.194417476654053 -9.354207992553711 -13.903305053710938
-1.9021395444869995 -6.887756824493408 -11.998123168945312
-1.5160011053085327 -6.816936016082764 -11.859405517578125
-1.6087003946304321 -6.511778831481934 -11.19900131225586
-1.5025813579559326 -6.089177131652832 -10.173055648803711
-3.7334022521972656 -9.171714782714844 -13.7818603515625
-3.0161492824554443 -9.306381225585938 -13.925554275512695
-3.322742223739624 -9.831625938415527 -17.320674896240234
-3.4258313179016113 -9.963960647583008 -14.466017723083496
-2.669532060623169 -8.385109901428223 -14.054259300231934
-1.150701880455017 -5.854104042053223 -9.16991138458252
-0.2322063148021698 -5.5130391120910645 -4.323156356811523
0.8383557796478271 -3.569441556930542 -1.6818733215332031
0.15965594351291656 -5.146690845489502 -4.46388578414917
-0.08185940980911255 -6.1845221519470215 -7.077935218811035
-0.430656760931015 -5.675826549530029 -2.8341825008392334
0.7390052080154419 -4.398055076599121 -1.058442234992981
0.6630680561065674 -4.251278877258301 -2.5462417602539062
-0.025151103734970093 -6.585695743560791 -7.010501384735107
-0.746880054473877 -5.980720043182373 -2.904367446899414
0.54449063539505 -5.199732780456543 -0.24560540914535522
0.35689252614974976 -5.611083984375 1.6502294540405273
0.47078245878219604 -5.811584949493408 1.0514168739318848
1.4747505187988281 -4.751351833343506 -1.256561517715454
-1.0096802711486816 -6.488614559173584 -7.330582141876221
0.9421432018280029 -7.789880752563477 -9.421090126037598
-1.4991512298583984 -8.905045509338379 -25.3184757232666
-1.1129429340362549 -9.512840270996094 -25.70842742919922
-1.3351081609725952 -9.683244705200195 -25.527908325195312
-1.1239492893218994 -10.417977333068848 -22.175493240356445
-1.7984504699707031 -10.385699272155762 -20.888456344604492
-2.399588108062744 -10.835954666137695 -18.174373626708984
-3.2789933681488037 -11.10912799835205 -13.025466918945312
-2.7365036010742188 -10.416902542114258 -14.00472640991211
-3.473485231399536 -10.798324584960938 -16.211523056030273
-2.041407585144043 -10.206293106079102 -14.881902694702148
-2.9798812866210938 -10.547948837280273 -14.99089241027832
-1.4565613269805908 -9.331246376037598 -25.31069564819336
-2.2345130443573 -9.665472030639648 -24.854230880737305
-2.372648000717163 -11.290101051330566 -15.220518112182617
-3.6491971015930176 -11.080840110778809 -13.287064552307129
-2.9394822120666504 -10.035811424255371 -12.93178939819336
-2.81083345413208 -10.582489967346191 -13.35793685913086
-3.331045150756836 -10.994614601135254 -14.593212127685547
-2.907430410385132 -11.092158317565918 -16.601531982421875
-2.355029344558716 -10.719794273376465 -18.903202056884766
-0.7217502593994141 -9.598366737365723 -27.00115203857422
-0.723730742931366 -9.349668502807617 -28.65601921081543
-0.3944272994995117 -9.329506874084473 -30.208168029785156
0.6703813672065735 -8.848589897155762 -34.31149673461914
0.9674845337867737 -8.848759651184082 -34.96648025512695
0.3702605962753296 -9.462776184082031 -32.6883544921875
0.26709699630737305 -9.382928848266602 -32.75481033325195
0.09458452463150024 -9.36104679107666 -32.458770751953125
-0.4296947717666626 -9.511412620544434 -30.845497131347656
-0.6903121471405029 -9.540581703186035 -30.421398162841797
-0.4633580446243286 -9.423316955566406 -30.95879554748535
0.0020056962966918945 -9.01959228515625 -32.38911437988281
-0.38930171728134155 -8.970787048339844 -31.60905647277832
-0.6381199955940247 -10.617586135864258 -22.36018180847168
-2.6512577533721924 -9.458552360534668 -13.355169296264648
-2.609208106994629 -7.465700626373291 -12.519464492797852
-3.14471697807312 -9.030102729797363 -14.189806938171387
-2.3723700046539307 -8.864960670471191 -19.513492584228516
-1.0874695777893066 -8.321429252624512 -25.018871307373047
-1.2165733575820923 -8.632564544677734 -23.339712142944336
-2.2379677295684814 -8.883623123168945 -17.96070098876953
-2.6735386848449707 -8.908403396606445 -18.363542556762695
-2.348453998565674 -9.202195167541504 -18.24102783203125
-1.7050034999847412 -9.306883811950684 -20.855873107910156
-1.2064692974090576 -8.858002662658691 -23.344314575195312
-1.1306679248809814 -8.778007507324219 -24.59878158569336
-2.3124117851257324 -8.952471733093262 -20.07250213623047
-2.540656089782715 -8.948161125183105 -18.978654861450195
-2.8403165340423584 -9.236091613769531 -15.562830924987793
-3.473952054977417 -8.796722412109375 -13.50648307800293
-2.8640427589416504 -8.619208335876465 -16.586294174194336
-1.5079469680786133 -8.831663131713867 -22.333389282226562
-1.7402745485305786 -9.382331848144531 -20.49886131286621
-2.5797507762908936 -6.6038103103637695 -12.89109992980957
-1.5065773725509644 -4.9878644943237305 -10.909563064575195
-1.9444448947906494 -6.100522994995117 -13.399312973022461
-1.6067841053009033 -5.518437385559082 -13.24549388885498
-2.4902267456054688 -8.101753234863281 -17.26030158996582
-1.9251749515533447 -6.052083492279053 -14.957897186279297
-0.39882129430770874 -3.0430757999420166 -8.941054344177246
-0.38899487257003784 -1.402243733406067 -5.038661003112793
0.4174553155899048 -2.586576223373413 -7.122259140014648
-0.40332546830177307 -3.6548025608062744 -10.493330001831055
-1.402523159980774 -0.745231568813324 -7.0849289894104
-0.4367850422859192 -1.1372336149215698 -8.151147842407227
-0.5171502828598022 -0.4894183874130249 -7.2393903732299805
-0.5339694619178772 0.21924284100532532 -4.169267177581787
-0.934468150138855 0.5536084771156311 -7.225322723388672
-0.3861560821533203 -4.863022327423096 -17.484760284423828
-0.940976083278656 -3.2629458904266357 -14.617070198059082
-0.7978743314743042 -2.8065133094787598 -13.421072006225586
-3.2089996337890625 -6.128583908081055 -21.7869873046875
-2.5511670112609863 -6.872877597808838 -19.82346534729004
-1.974015712738037 -4.944100856781006 -19.820396423339844
-2.1080594062805176 -6.840870380401611 -20.33550262451172
-0.7058691382408142 -0.2733196020126343 -7.891056060791016
-0.5096869468688965 1.3937311172485352 -6.081481456756592
-1.1030248403549194 2.0261716842651367 -9.041947364807129
0.20243307948112488 -4.257873058319092 -16.33263397216797
-1.2939212322235107 -0.1692502349615097 -11.696537971496582
-0.43960437178611755 -2.945394515991211 -16.015399932861328
-0.061729252338409424 -1.274612545967102 -9.15754222869873
-1.3423480987548828 1.381812572479248 -6.080480575561523
-1.4902256727218628 2.147627353668213 -7.034531116485596
-1.038313627243042 1.1689181327819824 -4.177015781402588
0.03007590025663376 0.7207322120666504 -5.8828229904174805
-1.0997238159179688 -8.87835693359375 -27.93067169189453
-1.175886631011963 -8.796990394592285 -28.360706329345703
-0.9955321550369263 -9.217512130737305 -27.01801300048828
-0.9461482763290405 -9.963387489318848 -24.490854263305664
-0.8372441530227661 -9.532633781433105 -25.208969116210938
-1.2548911571502686 -8.7067289352417 -28.65447998046875
-1.3063206672668457 -8.930663108825684 -29.30923843383789
-1.1952991485595703 -9.289401054382324 -27.773311614990234
-0.8358677625656128 -9.281460762023926 -27.16526985168457
-0.9872346520423889 -8.868956565856934 -28.619626998901367
-1.3279743194580078 -9.037493705749512 -29.34320640563965
-1.4186735153198242 -9.097283363342285 -29.077274322509766
-0.9799227714538574 -9.347274780273438 -27.850065231323242
-0.6321025490760803 -9.524051666259766 -27.277021408081055
-0.7643119096755981 -9.12247085571289 -29.249061584472656
-0.921944797039032 -9.004165649414062 -30.49013900756836
-0.9620628356933594 -9.204381942749023 -29.675016403198242
-1.1641080379486084 -9.20976448059082 -29.52030372619629
-1.1534479856491089 -9.222333908081055 -28.938884735107422
-0.4629601836204529 -9.84161376953125 -27.04216766357422
-0.6775200366973877 -9.356893539428711 -28.309398651123047
-0.6338455080986023 -9.250880241394043 -29.060562133789062
-0.6558865904808044 -9.14341926574707 -30.397014617919922
-0.7014164924621582 -9.124204635620117 -30.83431053161621
-1.0806347131729126 -9.234539985656738 -29.945837020874023
-0.3413180112838745 -9.793168067932129 -27.39225959777832
-0.7767831087112427 -9.453558921813965 -27.478647232055664
-1.132237434387207 -8.989583015441895 -27.560184478759766
-1.2469673156738281 -10.346735000610352 -20.910686492919922
-2.8991339206695557 -9.977217674255371 -17.82564926147461
-1.4217126369476318 -10.203934669494629 -20.701461791992188
-1.5778276920318604 -10.576818466186523 -20.010475158691406
-0.8767133355140686 -9.874821662902832 -24.519481658935547
-0.927659273147583 -9.755636215209961 -24.900833129882812
-1.3453110456466675 -10.574688911437988 -19.97420310974121
-3.3351027965545654 -10.031272888183594 -14.542546272277832
-3.093247890472412 -9.49757194519043 -14.390134811401367
-2.7804555892944336 -10.202879905700684 -16.530902862548828
-0.8253329992294312 -9.499737739562988 -25.485668182373047
-0.6266782879829407 -9.063872337341309 -27.861780166625977
-0.6771963834762573 -9.031652450561523 -27.950801849365234
-0.7417889833450317 -9.182978630065918 -26.87779998779297
-1.3052570819854736 -10.150197982788086 -21.36714744567871
-2.7652010917663574 -10.364163398742676 -15.732751846313477
-3.7567548751831055 -10.45967960357666 -14.85713005065918
-3.1762423515319824 -10.247156143188477 -15.503408432006836
-3.4092891216278076 -10.329328536987305 -16.2456111907959
-3.4480538368225098 -10.561287879943848 -16.005146026611328
-3.602614402770996 -9.954183578491211 -11.592260360717773
-1.9378693103790283 -6.141110420227051 -7.7675652503967285
-1.231823205947876 -6.3442463874816895 -4.624837875366211
-1.1301002502441406 -5.813257694244385 -2.5951571464538574
-0.518367350101471 -5.478781223297119 -1.7159245014190674
-1.095228910446167 -5.742044448852539 -1.394792079925537
-1.0109386444091797 -5.318840980529785 -1.5448228120803833
-1.3156235218048096 -6.9046950340271 -2.213597536087036
0.17564836144447327 -5.3148040771484375 0.07898721098899841
0.4931913912296295 -4.64125919342041 -1.6815829277038574
-1.2000041007995605 -6.767737865447998 -6.581119537353516
-2.219560146331787 -6.359434127807617 -8.22457504272461
-1.880558967590332 -5.427916049957275 -5.927984714508057
-2.6421072483062744 -7.769224166870117 -11.719717979431152
-3.0696029663085938 -9.493657112121582 -13.021198272705078
-3.391594409942627 -10.613485336303711 -16.00680923461914
-2.2563846111297607 -10.57077693939209 -19.2552547454834
-0.818264901638031 -9.986369132995605 -25.252944946289062
-0.5697537660598755 -9.979235649108887 -26.177127838134766
-0.5149312615394592 -9.610825538635254 -27.757551193237305
-0.8537014722824097 -9.332488059997559 -29.685335159301758
-0.1660138964653015 -9.25000286102295 -31.80512046813965
0.23651331663131714 -9.1637601852417 -32.87036895751953
0.27300822734832764 -9.096166610717773 -33.19157409667969
-0.2595277428627014 -9.281170845031738 -31.537506103515625
-1.2740471363067627 -9.350424766540527 -29.006572723388672
-0.6965216398239136 -11.09961986541748 -21.90430450439453
-1.3221789598464966 -10.68269157409668 -15.291707992553711
-3.0815834999084473 -11.514764785766602 -14.899552345275879
-2.244662284851074 -10.796689987182617 -14.803686141967773
-1.7251167297363281 -10.361663818359375 -20.317293167114258
-1.5627201795578003 -9.403700828552246 -25.9831485748291
-0.8363182544708252 -9.63188362121582 -24.90497589111328
-1.3672847747802734 -9.483505249023438 -26.773784637451172
-1.7473361492156982 -10.282718658447266 -21.400226593017578
-0.839316725730896 -10.243950843811035 -23.93169593811035
-1.1462408304214478 -10.103314399719238 -23.303869247436523
-1.405773401260376 -9.882314682006836 -19.309696197509766
-1.1443158388137817 -10.302437782287598 -21.895544052124023
-0.8884896636009216 -9.762823104858398 -24.434635162353516
-0.98260498046875 -9.708185195922852 -25.206153869628906
-1.0741503238677979 -9.879697799682617 -22.97010612487793
-1.3311642408370972 -9.7535982131958 -22.69296646118164
-2.023499011993408 -10.07463264465332 -20.253087997436523
-3.229790687561035 -10.106271743774414 -16.06527328491211
-3.8762950897216797 -10.148419380187988 -12.979804039001465
-3.696903944015503 -9.433076858520508 -13.356085777282715
-4.212316513061523 -9.375444412231445 -13.980836868286133
-2.8211750984191895 -8.137784004211426 -13.203987121582031
-1.126726746559143 -4.6873779296875 -4.435668468475342
-0.7206563949584961 -5.614514350891113 -8.043173789978027
-1.2975494861602783 -5.85267972946167 -9.144979476928711
-1.463571548461914 -4.611865997314453 -6.588846206665039
-1.9585494995117188 -6.992061614990234 -12.95556354522705
-3.1733477115631104 -8.35085678100586 -15.70379638671875
-2.0501034259796143 -8.652066230773926 -20.722675323486328
-3.0650975704193115 -8.628301620483398 -16.32045555114746
-0.9976115822792053 -3.603248119354248 -9.421222686767578
-0.8483603000640869 -2.9669246673583984 -11.377337455749512
-1.7477506399154663 -5.314798831939697 -17.582807540893555
-2.6875433921813965 -7.682817459106445 -17.98149299621582
-1.8441989421844482 -5.295932292938232 -14.00288200378418
-1.2846055030822754 -5.026940822601318 -12.6675386428833
-0.7320559620857239 -5.1403703689575195 -13.08530330657959
-0.5427414178848267 -1.0565335750579834 -4.443613052368164
-0.6506472229957581 -0.9530773162841797 -1.218002200126648
-0.8634012341499329 0.03141678869724274 -1.6594033241271973
-0.9128849506378174 0.003681875765323639 -1.542410969734192
0.4179525375366211 -0.9457795023918152 -2.897890090942383
-0.8319721817970276 -0.3351992964744568 -1.4419567584991455
-1.2802846431732178 1.172804594039917 -3.012641429901123
-1.462308645248413 1.7201738357543945 -4.370933532714844
-1.1544091701507568 1.3360008001327515 -4.674498558044434
-0.7051318883895874 0.9449862837791443 -4.672661781311035
-0.4721760153770447 0.4068787693977356 -3.3832550048828125
-0.23193761706352234 -2.5022943019866943 1.276414155960083
-0.3759446144104004 -5.055943489074707 3.3255865573883057
-0.32828718423843384 -5.077361583709717 3.229041814804077
-0.010484255850315094 -4.984267711639404 2.8568811416625977
-0.34298503398895264 -4.9887542724609375 2.964040517807007
-0.26604846119880676 -4.9592156410217285 2.827244997024536
-0.3360549509525299 -4.734652996063232 2.618840217590332
0.11377312242984772 -4.533447265625 2.1394524574279785
1.3137444257736206 -3.9525794982910156 0.7821937799453735
2.4825925827026367 -4.772397994995117 -4.0275678634643555
2.6475019454956055 -4.081655025482178 -2.8402509689331055
1.2757940292358398 -3.0743906497955322 -0.04660820960998535
1.4687103033065796 -4.27839994430542 -6.598585605621338
0.9474185109138489 -4.505967140197754 -9.019866943359375
-3.189807891845703 -9.221006393432617 -18.232330322265625
-3.0890214443206787 -9.812958717346191 -17.876129150390625
-3.31074857711792 -10.198701858520508 -17.030881881713867
-3.5845346450805664 -9.240845680236816 -13.634464263916016
-0.9528059363365173 -6.516284942626953 -13.557318687438965
-3.6971778869628906 -8.923567771911621 -14.45664119720459
-3.6451215744018555 -9.251559257507324 -15.932439804077148
-3.867032289505005 -9.899332046508789 -15.468973159790039
-3.407996654510498 -9.436845779418945 -12.900768280029297
-1.4802207946777344 -7.396737098693848 -12.975057601928711
-1.7627274990081787 -6.797741889953613 -13.509916305541992
-3.5853664875030518 -9.306314468383789 -16.534042358398438
-1.6010572910308838 -9.820241928100586 -20.966474533081055
-2.2885873317718506 -10.396711349487305 -18.81011199951172
-3.14156436920166 -10.455430030822754 -16.51366424560547
-1.8227300643920898 -10.12318229675293 -19.905471801757812
-1.176588773727417 -9.655920028686523 -23.39807891845703
-1.9755172729492188 -10.341806411743164 -19.424354553222656
-2.4565722942352295 -10.103291511535645 -15.011201858520508
-1.1029436588287354 -9.066473007202148 -23.468406677246094
-1.3939268589019775 -8.550670623779297 -29.164466857910156
-1.299613356590271 -10.315716743469238 -23.379196166992188
-2.8547470569610596 -8.513629913330078 -12.727437973022461
-2.8806824684143066 -8.816707611083984 -15.062050819396973
-1.1170753240585327 -8.699488639831543 -26.288074493408203
-1.0135375261306763 -9.049417495727539 -27.733728408813477
-0.6855507493019104 -10.115711212158203 -24.516111373901367
-2.991878032684326 -11.258233070373535 -16.00018310546875
-3.4927115440368652 -10.345090866088867 -14.140724182128906
-3.9175617694854736 -10.14981746673584 -13.586099624633789
-2.4758334159851074 -9.438400268554688 -15.722816467285156
-2.7515439987182617 -9.603525161743164 -19.773719787597656
-1.1365392208099365 -10.277969360351562 -21.420528411865234
-2.4313230514526367 -10.677334785461426 -18.27094268798828
-3.2942352294921875 -10.208372116088867 -16.39530372619629
-3.750610828399658 -10.46665096282959 -14.9823579788208
-2.432821750640869 -10.249113082885742 -15.285013198852539
-1.2664425373077393 -9.104421615600586 -26.343917846679688
-0.591008186340332 -9.554062843322754 -26.391143798828125
-1.0832710266113281 -10.168725967407227 -23.754560470581055
-3.278895378112793 -10.57163143157959 -13.06747817993164
-1.4904488325119019 -5.479250431060791 -5.433480262756348
-4.235220909118652 -9.549524307250977 -13.663199424743652
-1.3771690130233765 -9.878923416137695 -21.710779190063477
-1.3475780487060547 -9.557332992553711 -25.263694763183594
-2.32509446144104 -10.858749389648438 -18.161779403686523
-3.3971121311187744 -7.608250141143799 -11.128087997436523
-1.5516343116760254 -6.517767429351807 -4.642621040344238
-0.5785647630691528 -5.847652435302734 -2.50008225440979
2.6574227809906006 -6.713792324066162 -4.319305896759033
-4.019321918487549 -10.182539939880371 -15.498003005981445
-4.0496625900268555 -11.190288543701172 -13.592845916748047
-1.7764755487442017 -7.452908039093018 -10.105425834655762
-2.348006248474121 -10.816285133361816 -17.75567054748535
-2.8503918647766113 -11.0715913772583 -16.527454376220703
-3.734239339828491 -9.763282775878906 -11.953620910644531
-2.9899706840515137 -10.8842134475708 -12.572823524475098
-3.5585317611694336 -11.757412910461426 -13.743385314941406
-2.044975996017456 -10.477590560913086 -14.778059005737305
-3.788787841796875 -10.882240295410156 -12.829849243164062
-3.0272114276885986 -9.518265724182129 -12.034934997558594
-2.740950345993042 -7.946349620819092 -11.969956398010254
-2.6054413318634033 -10.183070182800293 -14.197837829589844
-2.772120714187622 -11.082539558410645 -16.971458435058594
-1.4133687019348145 -10.526777267456055 -21.112018585205078
-1.0976839065551758 -10.605456352233887 -22.33763885498047
-2.6797285079956055 -11.762024879455566 -15.876858711242676
-2.5089874267578125 -10.837152481079102 -13.46262264251709
-3.1569206714630127 -10.486711502075195 -12.396384239196777
-4.0130696296691895 -10.59354019165039 -9.332763671875
-1.514706015586853 -5.840396404266357 -2.7540812492370605
-1.901135802268982 -6.765458583831787 -0.48383235931396484
-0.9799702763557434 -6.0114922523498535 -0.34569045901298523
-1.9405198097229004 -6.115474700927734 -0.37758249044418335
-1.029103398323059 -5.8089752197265625 -0.6856809854507446
0.3992011547088623 -5.59116792678833 -4.806864261627197
-2.9470973014831543 -9.185340881347656 -12.60873031616211
-1.944661259651184 -6.672173500061035 -7.141929626464844
-1.6257884502410889 -9.078201293945312 -28.91267967224121
1.1438311338424683 -8.132451057434082 -36.1103515625
1.4114320278167725 -8.255497932434082 -36.977638244628906
1.6212513446807861 -8.470738410949707 -37.418636322021484
1.674588918685913 -9.0421142578125 -36.52648162841797
1.438194751739502 -8.900168418884277 -36.09027099609375
1.0364282131195068 -8.45312213897705 -35.57225036621094
-1.4202430248260498 -9.357329368591309 -29.111860275268555
-4.229340076446533 -7.2958292961120605 -8.23907470703125
-0.838117241859436 -7.276000499725342 -1.6395057439804077
0.13144448399543762 -5.897911548614502 -1.6208491325378418
-0.6308839917182922 -5.990114212036133 0.29041698575019836
0.32834959030151367 -6.088429927825928 1.422290325164795
0.2741797864437103 -6.185322284698486 1.9517587423324585
0.41720354557037354 -4.284873962402344 -0.21763858199119568
-0.4852520525455475 -8.44591999053955 -8.037748336791992
-0.3405429720878601 -5.093118667602539 -1.336207389831543
0.44696155190467834 -5.687580108642578 0.27061739563941956
0.6297420263290405 -5.618057727813721 1.3500577211380005
0.415679395198822 -5.709663391113281 2.3307673931121826
0.09534411877393723 -5.508802890777588 2.7238597869873047
0.13600274920463562 -5.545722007751465 2.760380744934082
0.30217432975769043 -5.610811710357666 2.729719638824463
0.26739680767059326 -4.694973945617676 1.8782637119293213
0.21871595084667206 -5.2793049812316895 -0.6579031944274902
1.4422014951705933 -4.045893669128418 -0.9339299201965332
0.316189169883728 -5.617527484893799 -5.084037780761719
-0.8375376462936401 -6.191413402557373 -9.684903144836426
-1.2745423316955566 -5.845165729522705 -9.362083435058594
-0.5722652673721313 -5.345634460449219 -7.463605880737305
-0.8397537469863892 -5.661141872406006 -9.514406204223633
-2.1979315280914307 -7.9495954513549805 -16.42095375061035
-4.142602443695068 -9.381651878356934 -14.80108642578125
-1.961020588874817 -6.843117713928223 -12.38000774383545
0.40600621700286865 -3.859839677810669 -3.0896143913269043
1.2069252729415894 -3.205691337585449 -2.8331167697906494
0.006216198205947876 -5.015644550323486 -9.460210800170898
-0.439212828874588 -5.168664455413818 -9.46102237701416
-0.737008273601532 -0.5554118752479553 -3.1578385829925537
0.5011714696884155 -2.3985366821289062 -6.18336296081543
0.553604781627655 -2.7572696208953857 -7.126598834991455
0.30646830797195435 -2.151052713394165 -6.357271194458008
0.1768745481967926 -0.5672553181648254 -5.11097526550293
-1.077642560005188 0.4136536121368408 -2.5753655433654785
-1.2284865379333496 0.5202161073684692 -2.559443235397339
-0.6125412583351135 0.8043047189712524 -5.225992202758789
-0.44792473316192627 0.6603349447250366 -4.429548740386963
-0.9998147487640381 0.4060061275959015 -2.371316432952881
-1.1829681396484375 0.3344321846961975 -1.7586734294891357
-0.7963976860046387 0.17734000086784363 -2.0052218437194824
0.09814450144767761 0.0033640116453170776 -4.6909685134887695
-0.3491570055484772 -3.6825249195098877 -12.566126823425293
-1.1132124662399292 -6.722063064575195 -18.7948055267334
-0.8592702150344849 -5.163082122802734 -12.320513725280762
-0.647962212562561 -4.142554759979248 -11.493535041809082
-0.307888001203537 -5.325684547424316 -13.262322425842285
-0.20038339495658875 -5.876219749450684 -13.248779296875
0.34157267212867737 -4.616430282592773 -9.346132278442383
0.26747462153434753 -5.321725368499756 -11.512340545654297
-1.2729358673095703 -9.516199111938477 -23.458812713623047
-1.2806249856948853 -9.597333908081055 -22.786226272583008
-1.1349709033966064 -9.607843399047852 -23.585912704467773
-1.0192084312438965 -9.429413795471191 -25.02791976928711
-0.9997174739837646 -9.598602294921875 -24.72252655029297
-1.0394983291625977 -9.572955131530762 -24.79848861694336
-1.0685256719589233 -9.867612838745117 -23.48793601989746
-1.1510450839996338 -9.772778511047363 -23.350360870361328
-1.2209367752075195 -9.810029983520508 -22.785669326782227
-1.2758464813232422 -9.769628524780273 -22.908960342407227
-1.1672072410583496 -10.296197891235352 -21.37641716003418
-0.9750512838363647 -9.733705520629883 -23.844823837280273
-1.1098994016647339 -9.14276123046875 -26.532989501953125
-1.1348459720611572 -10.110286712646484 -21.786468505859375
-1.427644968032837 -10.266733169555664 -20.64685821533203
-1.89918851852417 -10.273449897766113 -19.613204956054688
-1.4443607330322266 -10.2659912109375 -20.629987716674805
-1.2562758922576904 -9.736926078796387 -22.862253189086914
-0.997593104839325 -9.728975296020508 -24.16548728942871
-1.1425495147705078 -9.976822853088379 -22.258319854736328
-3.110628366470337 -10.570867538452148 -16.315898895263672
-2.863564968109131 -9.847476959228516 -15.999940872192383
-2.657541513442993 -10.038328170776367 -18.564233779907227
-1.3468992710113525 -10.417771339416504 -20.586936950683594
-1.647662878036499 -10.141911506652832 -21.215194702148438
-1.1408178806304932 -10.0552339553833 -22.87178611755371
-1.8005088567733765 -10.72255802154541 -18.980077743530273
-2.985408306121826 -10.269820213317871 -17.642335891723633
-1.207775592803955 -10.099550247192383 -21.734996795654297
-1.1646769046783447 -10.162346839904785 -22.497270584106445
-2.8717973232269287 -10.70946979522705 -17.49799346923828
-3.041497230529785 -10.476424217224121 -17.02248191833496
-0.8852136135101318 -9.4884614944458 -25.274425506591797
-1.467109203338623 -9.023120880126953 -28.16306495666504
-0.5114151835441589 -10.126097679138184 -25.543193817138672
-0.8113345503807068 -10.174019813537598 -23.94864845275879
-0.9435797333717346 -10.025946617126465 -24.34219741821289
-1.228156328201294 -10.925877571105957 -20.434659957885742
-1.0676543712615967 -10.212101936340332 -22.006315231323242
-1.8192026615142822 -8.993687629699707 -27.899864196777344
-0.8053770661354065 -10.734223365783691 -22.70143699645996
-1.0405302047729492 -10.22025203704834 -19.357948303222656
-0.7517848014831543 -9.351963996887207 -26.556312561035156
-1.6200532913208008 -8.83867359161377 -28.65517807006836
-1.1299281120300293 -9.329404830932617 -27.774513244628906
-1.6128737926483154 -11.15368938446045 -19.76578712463379
-2.1654820442199707 -10.835904121398926 -19.30180549621582
-0.9226676821708679 -9.936151504516602 -23.5731258392334
-1.393218994140625 -8.849363327026367 -28.64250373840332
-1.2812689542770386 -9.181131362915039 -28.044645309448242
-1.1542104482650757 -10.817917823791504 -21.228097915649414
-1.347846508026123 -11.379613876342773 -19.43866539001465
-1.1167688369750977 -10.212881088256836 -22.57018280029297
-1.3151241540908813 -9.064038276672363 -27.903942108154297
-1.2640678882598877 -10.600950241088867 -23.08921241760254
-3.763435125350952 -8.250072479248047 -10.102294921875
-1.2803077697753906 -8.491475105285645 -14.302927017211914
-2.4672389030456543 -9.541929244995117 -24.178245544433594
-2.1493730545043945 -10.913350105285645 -17.28664779663086
-0.9128642082214355 -10.977807998657227 -20.516643524169922
-1.088195562362671 -9.57168960571289 -25.42110824584961
-0.997187077999115 -10.535855293273926 -21.353479385375977
-1.7638499736785889 -10.061735153198242 -17.808528900146484
-2.2263262271881104 -9.757438659667969 -19.235008239746094
-2.213965892791748 -8.772923469543457 -20.832204818725586
-1.0941510200500488 -10.308266639709473 -19.099706649780273
-1.3873580694198608 -9.740748405456543 -17.972301483154297
-0.8679266571998596 -8.711339950561523 -24.60441017150879
-1.1213829517364502 -8.244336128234863 -29.69287109375
-0.9260737895965576 -8.37552261352539 -29.543846130371094
-0.8864489793777466 -8.420153617858887 -26.291770935058594
-1.0965993404388428 -9.514593124389648 -21.908447265625
-2.5980546474456787 -8.1948823928833 -17.344629287719727
-3.736306667327881 -4.288182258605957 -7.9968767166137695
-2.0130999088287354 -3.7476463317871094 -5.0832366943359375
-2.296963691711426 -6.206452369689941 -9.912864685058594
-2.695645332336426 -3.5371575355529785 -5.2557597160339355
-1.2744168043136597 -3.0917835235595703 -6.573755264282227
-3.313634157180786 -8.338826179504395 -16.09749984741211
-1.2952628135681152 -9.649622917175293 -21.261430740356445
-0.8225373029708862 -9.419079780578613 -24.498798370361328
-0.9496825933456421 -8.806326866149902 -28.2200870513916
-0.8304282426834106 -9.273015022277832 -26.488201141357422
-2.009808301925659 -10.564329147338867 -18.873931884765625
-2.676492214202881 -10.141140937805176 -14.623181343078613
-3.013016700744629 -7.707473278045654 -13.477462768554688
-3.3436152935028076 -9.390603065490723 -14.325789451599121
-3.477560520172119 -9.667817115783691 -14.70564079284668
-3.1288490295410156 -9.389357566833496 -13.399223327636719
-3.380622386932373 -9.844513893127441 -13.044087409973145
-3.927718162536621 -9.835027694702148 -12.762617111206055
-2.834277868270874 -7.737945556640625 -11.920310974121094
-2.475289821624756 -7.839590072631836 -12.651058197021484
-3.101977586746216 -8.523635864257812 -12.912437438964844
-3.3626840114593506 -9.466111183166504 -13.90241527557373
-3.3713083267211914 -10.125480651855469 -16.974769592285156
-3.461231231689453 -10.232457160949707 -16.332565307617188
-3.079686164855957 -9.793295860290527 -15.484814643859863
-3.280848503112793 -10.011186599731445 -17.237335205078125
-3.369748115539551 -9.829527854919434 -17.280216217041016
-2.079611301422119 -9.802517890930176 -19.99114990234375
-1.5291717052459717 -8.383993148803711 -27.603979110717773
-1.1091362237930298 -9.388917922973633 -25.434782028198242
-2.7442305088043213 -10.375405311584473 -16.500381469726562
-3.4382479190826416 -9.800806045532227 -16.72932243347168
-2.7058215141296387 -10.037776947021484 -18.342727661132812
-1.7504634857177734 -9.999762535095215 -20.000621795654297
-1.5766066312789917 -9.647947311401367 -21.251577377319336
-1.84779953956604 -9.806174278259277 -20.37609100341797
-3.1237640380859375 -9.708503723144531 -18.032451629638672
-2.881612777709961 -9.877540588378906 -18.335357666015625
-3.074911117553711 -9.834606170654297 -18.065324783325195
-3.647850513458252 -9.735499382019043 -16.753358840942383
-3.6463608741760254 -9.374272346496582 -13.798992156982422
-2.394425630569458 -7.862072467803955 -14.4097261428833
-1.5631515979766846 -6.274846076965332 -11.008003234863281
-2.6649727821350098 -9.09140396118164 -19.086545944213867
-3.8253414630889893 -9.221522331237793 -17.193349838256836
-4.015484809875488 -9.141164779663086 -13.998252868652344
-2.9547266960144043 -8.583367347717285 -13.993040084838867
-2.9501495361328125 -8.57429313659668 -14.251853942871094
-1.7363910675048828 -7.05460786819458 -12.924288749694824
-0.609430193901062 -4.9322099685668945 -7.873222827911377
-0.315003365278244 -5.405144214630127 -10.064841270446777
-1.3070958852767944 -7.172580718994141 -14.555397033691406
-1.573209524154663 -7.4560723304748535 -15.377304077148438
-2.139699935913086 -7.973438262939453 -16.34092903137207
-1.8471524715423584 -7.59006404876709 -15.671651840209961
-2.0237903594970703 -7.522287368774414 -15.748239517211914
-2.697927713394165 -7.945647716522217 -16.87421226501465
-4.442113399505615 -8.323934555053711 -17.057649612426758
-3.86771297454834 -8.86733627319336 -17.201448440551758
-3.4163405895233154 -8.698322296142578 -15.428325653076172
-2.877480983734131 -8.033914566040039 -16.472436904907227
-3.1950831413269043 -8.192550659179688 -17.221590042114258
-1.6878046989440918 -6.944083213806152 -16.317731857299805
-2.1602203845977783 -7.67939567565918 -17.79429054260254
-3.1016128063201904 -9.92671012878418 -17.82910919189453
-2.7886316776275635 -9.619196891784668 -18.394451141357422
-1.7918620109558105 -10.077836990356445 -19.851497650146484
-1.7910429239273071 -9.985620498657227 -19.59185028076172
-1.394565463066101 -9.721863746643066 -21.974224090576172
-1.414510726928711 -9.992912292480469 -21.353271484375
-1.3193926811218262 -9.946438789367676 -21.337451934814453
-1.0266425609588623 -9.38200855255127 -24.528060913085938
-0.9005715847015381 -9.536864280700684 -25.26982879638672
-0.8050081729888916 -9.660527229309082 -24.613208770751953
-1.1136701107025146 -9.935426712036133 -23.341691970825195
-1.5585486888885498 -10.291240692138672 -20.33924102783203
-1.305457592010498 -9.935376167297363 -21.697534561157227
-1.4653102159500122 -10.063373565673828 -20.974407196044922
-2.649944305419922 -9.79262924194336 -17.106433868408203
-1.255834698677063 -9.303215026855469 -23.730295181274414
-0.846686601638794 -9.403820037841797 -26.01407241821289
-0.7234485149383545 -9.397432327270508 -26.649721145629883
-0.7059395909309387 -9.473172187805176 -26.292470932006836
-1.1465002298355103 -9.035369873046875 -27.910079956054688
-0.3203522562980652 -9.521000862121582 -26.793148040771484
-0.7502756714820862 -9.10660457611084 -28.533369064331055
-0.5760592818260193 -9.064821243286133 -29.00054168701172
-1.1648824214935303 -9.157896041870117 -29.103178024291992
-1.1180781126022339 -9.162160873413086 -28.757246017456055
-0.613078773021698 -9.321913719177246 -28.004472732543945
-0.5366021990776062 -9.563091278076172 -27.362850189208984
-0.609609842300415 -9.240632057189941 -28.193716049194336
-0.8922631144523621 -9.178815841674805 -28.989198684692383
-0.9227327108383179 -9.292202949523926 -29.060758590698242
-0.8948070406913757 -9.294599533081055 -29.153343200683594
-0.8401435613632202 -9.302623748779297 -29.263347625732422
-1.1042513847351074 -9.338258743286133 -28.84038734436035
-0.44086235761642456 -9.48379898071289 -28.201828002929688
-0.7638740539550781 -9.611677169799805 -27.559707641601562
-0.4161682724952698 -9.795926094055176 -26.93072509765625
-0.6245329976081848 -9.681004524230957 -27.16984748840332
-0.4051978588104248 -9.902853012084961 -26.7114200592041
-0.9073288440704346 -9.406292915344238 -28.45793342590332
-0.7957213521003723 -9.360413551330566 -28.87361717224121
-0.9043077826499939 -9.378293991088867 -29.323501586914062
-0.9739797115325928 -9.39726448059082 -29.470779418945312
-1.1180036067962646 -9.338927268981934 -29.183650970458984
-0.7186418771743774 -9.381598472595215 -28.384361267089844
-0.6796501874923706 -9.81816291809082 -26.882780075073242
-0.4023236632347107 -9.903115272521973 -26.77968406677246
-0.6543780565261841 -9.242643356323242 -29.4576416015625
-0.21278494596481323 -9.015119552612305 -32.02391815185547
-0.6264187693595886 -9.278031349182129 -30.706817626953125
-0.5350650548934937 -9.4195556640625 -29.160625457763672
-0.2335149049758911 -9.105507850646973 -29.33347511291504
-1.0386806726455688 -9.191134452819824 -29.620031356811523
-0.2264665961265564 -9.161662101745605 -29.608200073242188
-0.6621479988098145 -9.20633316040039 -30.205596923828125
-0.6325724124908447 -8.973028182983398 -31.016212463378906
-0.7898246049880981 -9.211942672729492 -28.55138397216797
-0.7385156154632568 -10.209089279174805 -20.125720977783203
-0.8475110530853271 -9.378569602966309 -26.172367095947266
-0.5402184724807739 -9.854135513305664 -24.677698135375977
-0.9747365713119507 -10.309857368469238 -21.947460174560547
-0.8257246017456055 -8.920981407165527 -29.21045684814453
-1.2495235204696655 -9.149127006530762 -29.00522232055664
-0.12198209762573242 -9.806407928466797 -26.83378791809082
-0.4448077082633972 -9.550420761108398 -27.899179458618164
-0.5382049679756165 -9.289141654968262 -28.048175811767578
-0.43520277738571167 -9.903289794921875 -26.0993595123291
-0.46524620056152344 -10.318795204162598 -23.623279571533203
-0.473535418510437 -9.595437049865723 -25.541973114013672
-0.8116399645805359 -9.055234909057617 -27.822546005249023
-0.8029195070266724 -10.45700454711914 -22.043180465698242
-1.5098698139190674 -10.670428276062012 -18.18278694152832
-1.3224421739578247 -10.433090209960938 -19.73857879638672
-2.870854139328003 -9.518681526184082 -13.452424049377441
-3.1005890369415283 -6.289791584014893 -11.260614395141602
-3.2230074405670166 -5.352902412414551 -12.108074188232422
-2.616741418838501 -3.866253614425659 -8.606242179870605
-2.222179651260376 -3.6697471141815186 -7.297767162322998
-2.5366413593292236 -6.160810947418213 -12.11861515045166
-3.14424991607666 -8.950182914733887 -15.301507949829102
-3.4912593364715576 -9.036802291870117 -13.918835639953613
-3.4041645526885986 -6.959155082702637 -13.319855690002441
-2.7021782398223877 -3.970921039581299 -6.808173656463623
-1.454508900642395 -5.12612247467041 -8.968719482421875
-3.031867504119873 -9.055119514465332 -16.14578628540039
-2.349125385284424 -9.6680326461792 -17.774009704589844
-2.025156259536743 -9.242900848388672 -19.153465270996094
-1.113628625869751 -9.187986373901367 -23.550317764282227
-2.5302865505218506 -9.945549011230469 -17.369991302490234
-2.8623263835906982 -7.600329875946045 -13.910945892333984
-2.748276710510254 -9.201650619506836 -18.09014892578125
-1.3341515064239502 -9.385013580322266 -21.71446418762207
-1.6829984188079834 -9.942343711853027 -19.996440887451172
-1.2873194217681885 -10.04800796508789 -20.682260513305664
-2.3391096591949463 -10.066680908203125 -18.9146671295166
-2.6500535011291504 -10.122832298278809 -17.82499122619629
-1.7946555614471436 -10.108664512634277 -19.961036682128906
-0.8966907262802124 -9.258824348449707 -25.38726806640625
-0.6531418561935425 -9.022431373596191 -27.796981811523438
-1.150458812713623 -8.931488990783691 -28.59662628173828
-0.903026819229126 -8.96081829071045 -28.8319091796875
-0.9293356537818909 -9.008963584899902 -28.741188049316406
-0.8904646039009094 -8.930986404418945 -29.05668067932129
-1.0673599243164062 -8.89659309387207 -29.302303314208984
-1.276634931564331 -8.885107040405273 -28.943130493164062
-0.5932419896125793 -9.341235160827637 -26.96241569519043
-1.2293665409088135 -10.223067283630371 -21.667211532592773
-1.2046934366226196 -10.157960891723633 -21.3096923828125
-0.9058456420898438 -8.831904411315918 -27.16101837158203
-1.567805528640747 -8.647796630859375 -28.771835327148438
-0.6160450577735901 -8.697572708129883 -28.887664794921875
-1.221441388130188 -8.821349143981934 -29.0451602935791
-1.3457906246185303 -8.773396492004395 -29.48532485961914
-0.7038900256156921 -8.720255851745605 -28.554588317871094
-0.7957577705383301 -9.456890106201172 -25.337921142578125
-1.0140413045883179 -8.784956932067871 -26.99148941040039
-1.259904384613037 -8.383793830871582 -28.034404754638672
-1.0967044830322266 -8.51662540435791 -27.565296173095703
-1.0874004364013672 -9.375967979431152 -24.274887084960938
-1.1855669021606445 -9.0010404586792 -25.102693557739258
-1.4738194942474365 -9.140421867370605 -23.070884704589844
-2.9136438369750977 -9.815057754516602 -18.359169006347656
-1.527575135231018 -8.997992515563965 -22.950666427612305
-1.1755620241165161 -8.360512733459473 -26.865907669067383
-1.3031089305877686 -9.14713191986084 -23.74925994873047
-1.633216381072998 -9.196102142333984 -21.974857330322266
-3.140468120574951 -9.671857833862305 -18.009851455688477
-3.1708574295043945 -9.661592483520508 -17.877653121948242
-1.819466233253479 -8.95042896270752 -21.933979034423828
-1.5948991775512695 -8.7113676071167 -23.271358489990234
-1.70530366897583 -8.915535926818848 -22.458755493164062
-3.0770745277404785 -9.612833023071289 -18.16755485534668
-3.274806499481201 -9.397697448730469 -18.07478904724121
-2.082414150238037 -9.126211166381836 -20.682151794433594
-1.8551536798477173 -8.696893692016602 -22.225189208984375
-1.963472843170166 -8.928382873535156 -21.439687728881836
-1.7646450996398926 -8.624403953552246 -22.57772445678711
-2.2025816440582275 -8.737382888793945 -21.070636749267578
-2.1009342670440674 -9.65743637084961 -20.033321380615234
-1.3161802291870117 -9.595148086547852 -22.596525192260742
-1.2510566711425781 -9.492176055908203 -23.327869415283203
-1.0254080295562744 -9.534499168395996 -24.467506408691406
-0.9488736987113953 -9.25829029083252 -25.7679386138916
-0.9209587574005127 -9.166020393371582 -26.3997802734375
-0.9610516428947449 -8.97050952911377 -27.139114379882812
-1.1359343528747559 -8.936382293701172 -26.949926376342773
-1.249058485031128 -9.695845603942871 -22.973608016967773
-2.663236618041992 -10.081295013427734 -18.720998764038086
-1.315333604812622 -9.879049301147461 -21.52602767944336
-1.3555302619934082 -9.613256454467773 -22.557125091552734
-1.226978063583374 -9.647920608520508 -22.796606063842773
-1.3180698156356812 -9.92595386505127 -21.70539665222168
-1.1707255840301514 -9.542431831359863 -23.281938552856445
-1.0898876190185547 -10.00221061706543 -22.278213500976562
-0.9215248227119446 -9.844930648803711 -23.022045135498047
-0.651871383190155 -8.991945266723633 -27.88833236694336
-1.2030799388885498 -9.039064407348633 -29.459875106811523
-0.961624801158905 -9.211899757385254 -29.234210968017578
-0.8190983533859253 -9.338964462280273 -28.339601516723633
-0.629379391670227 -9.123106002807617 -28.357009887695312
-1.0214416980743408 -9.053296089172363 -28.32378387451172
-0.484361469745636 -9.218893051147461 -28.06793785095215
-0.8142272233963013 -9.079642295837402 -29.12462043762207
-1.042757272720337 -9.21013069152832 -29.262075424194336
-0.8778020739555359 -9.223271369934082 -29.729488372802734
-0.8647634387016296 -9.292139053344727 -30.05122184753418
-0.6482442617416382 -9.323127746582031 -30.81093406677246
-0.39401906728744507 -9.387187004089355 -31.272323608398438
-0.3514171242713928 -9.440579414367676 -31.306758880615234
-0.4273953437805176 -9.470393180847168 -31.180339813232422
-0.5120556950569153 -9.44809627532959 -31.041112899780273
-0.7401207089424133 -9.630616188049316 -30.047130584716797
-0.6749728918075562 -9.519046783447266 -30.694629669189453
-0.4560505151748657 -9.613216400146484 -30.800426483154297
0.08303242921829224 -9.41421127319336 -32.36369323730469
0.06084221601486206 -9.493351936340332 -32.27899932861328
-0.024972975254058838 -9.590011596679688 -31.830766677856445
0.12067180871963501 -9.481985092163086 -32.415611267089844
0.3686143159866333 -9.383184432983398 -33.13621139526367
0.429969847202301 -9.358251571655273 -33.33515167236328
0.26819103956222534 -9.367815971374512 -32.86013412475586
0.025204837322235107 -9.365487098693848 -32.17586898803711
-0.5403671860694885 -9.401740074157715 -30.966243743896484
-0.3191918730735779 -9.509286880493164 -29.546045303344727
-0.40526485443115234 -9.568533897399902 -29.520801544189453
-0.3974481225013733 -9.494813919067383 -30.78862953186035
0.23407000303268433 -9.191549301147461 -33.1019287109375
0.21184182167053223 -9.42148494720459 -32.77454376220703
0.08920586109161377 -9.644820213317871 -32.02547073364258
0.04747241735458374 -9.671817779541016 -31.894018173217773
0.07900512218475342 -9.588836669921875 -32.00876235961914
0.21436405181884766 -9.36152458190918 -32.73495864868164
-0.1662003993988037 -9.590978622436523 -31.39594268798828
-0.21730345487594604 -9.52076530456543 -31.322559356689453
-0.3719210624694824 -9.415793418884277 -31.24454689025879
-0.2801952362060547 -9.379007339477539 -30.8009090423584
-0.6600525975227356 -9.510177612304688 -30.146408081054688
0.15873396396636963 -9.453991889953613 -30.466819763183594
0.2221740484237671 -9.504755020141602 -32.34440612792969
1.066656231880188 -9.306556701660156 -34.84177780151367
1.197871446609497 -9.595986366271973 -34.8297233581543
1.4598841667175293 -9.602789878845215 -35.49117660522461
1.605534315109253 -9.594561576843262 -35.843955993652344
1.8926825523376465 -9.404986381530762 -36.692657470703125
2.0021910667419434 -9.238447189331055 -37.238712310791016
1.9885778427124023 -9.472854614257812 -36.8549919128418
1.915893316268921 -9.601903915405273 -36.58708953857422
1.8863544464111328 -9.630594253540039 -36.469703674316406
2.0527849197387695 -9.438959121704102 -37.074745178222656
2.0557188987731934 -9.470538139343262 -37.049278259277344
1.7142332792282104 -9.784933090209961 -35.94365310668945
2.0068888664245605 -9.497626304626465 -36.940006256103516
2.0176429748535156 -9.145008087158203 -37.597843170166016
2.015465497970581 -9.2412691116333 -37.36408615112305
2.001561403274536 -9.252420425415039 -37.24919128417969
1.9618018865585327 -9.317538261413574 -36.97846603393555
1.4475579261779785 -9.63520336151123 -35.43931198120117
0.7743692398071289 -9.843855857849121 -33.693389892578125
0.10806620121002197 -10.087995529174805 -31.422138214111328
0.160572350025177 -9.877983093261719 -31.878707885742188
0.7853009104728699 -9.300716400146484 -34.22105026245117
0.7512878179550171 -9.339593887329102 -34.03665542602539
0.5054836869239807 -9.568931579589844 -33.00506591796875
0.5739285349845886 -9.283683776855469 -33.696598052978516
0.17880100011825562 -9.344060897827148 -32.572601318359375
-0.42012667655944824 -9.501126289367676 -30.380191802978516
-0.3548612594604492 -9.381372451782227 -29.7640438079834
-0.6118306517601013 -9.380016326904297 -29.702651977539062
-0.3428582549095154 -9.285672187805176 -30.940288543701172
0.22106385231018066 -8.99997615814209 -33.14350128173828
0.1968858242034912 -9.247395515441895 -32.77665328979492
-0.12809288501739502 -9.564271926879883 -31.66944122314453
0.24093753099441528 -9.44311237335205 -32.64866638183594
0.5052193999290466 -9.255692481994629 -33.55495071411133
0.5270880460739136 -9.254612922668457 -33.62252426147461
0.20621061325073242 -9.564276695251465 -32.34823989868164
0.17242354154586792 -9.66015911102295 -32.20549392700195
0.9168524146080017 -9.167627334594727 -34.5340690612793
1.1204771995544434 -9.062249183654785 -35.11820983886719
0.6041730046272278 -9.424212455749512 -33.49551010131836
0.07512986660003662 -9.601616859436035 -32.06005859375
0.031176447868347168 -9.428815841674805 -32.13319396972656
-0.08273929357528687 -9.364822387695312 -31.909135818481445
-0.4548100233078003 -9.339890480041504 -31.0478458404541
-0.5353248715400696 -9.214481353759766 -31.112812042236328
-0.6630707383155823 -9.15333080291748 -30.76866340637207
-0.7838608622550964 -9.07181167602539 -30.77857780456543
-0.8125945925712585 -9.105875968933105 -29.574398040771484
-1.1169612407684326 -9.079183578491211 -29.46039581298828
-1.0284054279327393 -8.8987398147583 -30.025056838989258
-1.1571614742279053 -8.838122367858887 -29.558969497680664
-0.7979979515075684 -8.98241901397705 -27.397430419921875
-2.5301218032836914 -10.262819290161133 -17.974756240844727
-3.142151355743408 -9.080469131469727 -14.035126686096191
-3.133521556854248 -8.874613761901855 -14.310663223266602
-1.6722736358642578 -8.817678451538086 -22.427066802978516
-1.1179226636886597 -8.357860565185547 -26.806726455688477
-1.0975598096847534 -9.149360656738281 -24.215417861938477
-1.356056809425354 -9.269303321838379 -22.52851104736328
-1.574882984161377 -9.191184997558594 -21.773012161254883
-1.606323480606079 -9.24570369720459 -21.43044090270996
-1.3234281539916992 -8.43114948272705 -25.53553009033203
-1.1655526161193848 -8.611048698425293 -25.356590270996094
-1.3744025230407715 -8.743778228759766 -23.846242904663086
-2.397034168243408 -9.503033638000488 -19.48676872253418
-2.926917791366577 -8.88935661315918 -16.07243537902832
-3.1141598224639893 -8.598366737365723 -19.083776473999023
-2.326951503753662 -8.693258285522461 -20.765846252441406
-1.6957714557647705 -8.768799781799316 -22.0320987701416
-1.927172064781189 -9.265827178955078 -20.805986404418945
-3.329482316970825 -9.618762016296387 -17.400876998901367
-3.645429849624634 -9.232776641845703 -17.2070369720459
-2.0604186058044434 -8.96253490447998 -20.990169525146484
-1.9101170301437378 -9.138710021972656 -21.310787200927734
-1.5534478425979614 -7.9845967292785645 -26.422882080078125
-1.1430808305740356 -9.756816864013672 -24.252647399902344
-1.048317313194275 -9.688115119934082 -24.992630004882812
-1.076568841934204 -9.529335021972656 -25.63865852355957
-1.0103574991226196 -9.265430450439453 -26.74256134033203
-1.0267136096954346 -9.310389518737793 -26.741071701049805
-0.9475367665290833 -9.213569641113281 -27.159107208251953
-1.145439624786377 -8.932733535766602 -28.177112579345703
-1.0132176876068115 -9.233110427856445 -27.294435501098633
-0.661101222038269 -9.306859970092773 -27.214357376098633
-1.0129294395446777 -9.003344535827637 -28.139995574951172
-0.9449561238288879 -9.10979175567627 -28.221332550048828
-0.7888249754905701 -9.093241691589355 -28.296234130859375
-1.2083243131637573 -9.196335792541504 -28.21402359008789
-1.0825676918029785 -9.035000801086426 -28.657508850097656
-0.9503017663955688 -9.097708702087402 -28.7187557220459
-0.9870254397392273 -9.127093315124512 -28.280067443847656
-0.8307858109474182 -9.455409049987793 -26.758041381835938
-0.9910203218460083 -10.295133590698242 -22.2573299407959
-2.175597667694092 -9.96695327758789 -20.784259796142578
-0.9811795949935913 -9.014538764953613 -28.240570068359375
-1.0563898086547852 -9.200108528137207 -29.336944580078125
-1.0498113632202148 -9.247509956359863 -29.6531925201416
-0.9891172647476196 -9.366837501525879 -29.30093002319336
-1.1391236782073975 -9.389500617980957 -29.205522537231445
-0.94532710313797 -9.378494262695312 -29.2827205657959
-0.9431042671203613 -9.282005310058594 -29.849742889404297
-0.88515305519104 -9.235869407653809 -30.37393569946289
-0.8634600639343262 -9.366036415100098 -29.833694458007812
-0.9668993949890137 -9.457993507385254 -29.40924644470215
-0.8456356525421143 -9.357671737670898 -29.718181610107422
-1.1808027029037476 -9.33371353149414 -29.300479888916016
-0.5563969016075134 -9.404388427734375 -28.340782165527344
-0.5364838242530823 -9.738992691040039 -26.723608016967773
-0.39956778287887573 -9.625842094421387 -26.924312591552734
-0.4806710481643677 -9.402657508850098 -27.66451644897461
-0.6114715933799744 -9.320060729980469 -27.90843391418457
-0.5816292762756348 -9.562771797180176 -27.251781463623047
-0.3248770236968994 -10.021455764770508 -25.996503829956055
-0.6399033069610596 -9.153770446777344 -28.792200088500977
-0.8387943506240845 -9.231334686279297 -29.45917510986328
-1.0584144592285156 -9.2604341506958 -29.401830673217773
-0.7282071113586426 -9.372626304626465 -28.674997329711914
-0.2508796453475952 -9.780667304992676 -27.347820281982422
-0.505939245223999 -9.182709693908691 -29.13151741027832
-0.8537823557853699 -9.23022747039795 -30.317583084106445
-0.730196475982666 -9.25748348236084 -30.583749771118164
-0.9426998496055603 -9.408799171447754 -29.60572624206543
-0.34138423204421997 -9.27450180053711 -28.842796325683594
-0.22619128227233887 -9.830900192260742 -26.9946346282959
-0.3962949514389038 -9.49479866027832 -28.076473236083984
-0.5517967343330383 -9.312409400939941 -29.136571884155273
-0.6485435962677002 -9.465864181518555 -29.60027503967285
-0.5548559427261353 -9.507719039916992 -30.394325256347656
-0.16080832481384277 -9.479114532470703 -31.59764862060547
0.011552095413208008 -9.561446189880371 -31.889095306396484
0.09066033363342285 -9.641680717468262 -31.937145233154297
0.23993712663650513 -9.541695594787598 -32.64643859863281
0.212074875831604 -9.68150520324707 -32.119789123535156
0.18674910068511963 -9.755290985107422 -32.059017181396484
0.34772300720214844 -9.712899208068848 -32.46416473388672
0.5373895764350891 -9.428178787231445 -33.348453521728516
0.36384648084640503 -9.272746086120605 -33.233116149902344
-0.2960672974586487 -9.558154106140137 -31.19898223876953
-0.23230481147766113 -9.778061866760254 -29.73606300354004
0.19829946756362915 -9.68305778503418 -30.237377166748047
0.48128533363342285 -9.59203815460205 -33.3314094543457
1.513660192489624 -9.452568054199219 -35.82290267944336
1.948323130607605 -9.291155815124512 -37.05055618286133
1.9299840927124023 -8.878137588500977 -37.962005615234375
1.9449687004089355 -8.864866256713867 -38.08976745605469
2.0620737075805664 -9.299598693847656 -37.42501449584961
2.0775721073150635 -9.429014205932617 -37.219444274902344
1.891574740409851 -9.687746047973633 -36.450897216796875
1.5142621994018555 -10.01171875 -35.268402099609375
1.7741742134094238 -9.84035873413086 -36.02182388305664
2.101231813430786 -9.32798957824707 -37.47472381591797
1.9803645610809326 -8.892424583435059 -38.202613830566406
1.940578579902649 -8.731857299804688 -38.42182159423828
1.9686791896820068 -8.809616088867188 -38.31908416748047
2.0870800018310547 -9.21526050567627 -37.671302795410156
1.9233264923095703 -9.714887619018555 -36.48042678833008
1.8363884687423706 -9.771660804748535 -36.225406646728516
1.8731640577316284 -9.699603080749512 -36.36479187011719
2.0938124656677246 -9.400148391723633 -37.27783203125
2.038410186767578 -9.156307220458984 -37.663909912109375
1.8924591541290283 -8.641095161437988 -38.43632507324219
1.9647669792175293 -8.887038230895996 -38.1429328918457
2.06768798828125 -9.162927627563477 -37.76407241821289
2.0345633029937744 -9.068137168884277 -37.870662689208984
1.9658141136169434 -8.898597717285156 -38.10382080078125
1.9503593444824219 -8.878490447998047 -38.075416564941406
2.015082359313965 -9.027313232421875 -37.84202575683594
2.0638415813446045 -9.35494327545166 -37.2557373046875
2.0537590980529785 -9.270951271057129 -37.37014389038086
1.943373441696167 -8.877896308898926 -37.947166442871094
1.9494521617889404 -8.906929969787598 -37.853572845458984
2.028634548187256 -9.380969047546387 -37.03310775756836
1.7598512172698975 -9.627634048461914 -36.1453857421875
1.9879035949707031 -9.182229042053223 -37.24710464477539
1.9354772567749023 -8.97683048248291 -37.527523040771484
1.9499914646148682 -9.175970077514648 -37.12481689453125
1.9322305917739868 -9.237066268920898 -36.949790954589844
1.8465824127197266 -9.227266311645508 -36.76783752441406
1.787632703781128 -9.200206756591797 -36.655845642089844
1.8342748880386353 -9.097064971923828 -36.8538818359375
1.781768560409546 -9.004820823669434 -36.83646774291992
1.2702486515045166 -9.364795684814453 -35.18858337402344
0.761125385761261 -9.333779335021973 -34.090667724609375
0.12238967418670654 -9.391030311584473 -32.4765625
-0.7301127314567566 -9.486489295959473 -30.312314987182617
-0.7656071782112122 -9.360055923461914 -29.24121856689453
-0.6561010479927063 -9.088441848754883 -29.07758140563965
-1.0000941753387451 -9.14033317565918 -28.97356414794922
-0.919400155544281 -9.190031051635742 -29.06451416015625
-1.0345301628112793 -9.21118450164795 -29.675586700439453
-0.6425089836120605 -9.021867752075195 -31.165971755981445
-0.531416654586792 -8.911615371704102 -31.44626235961914
-1.0039736032485962 -8.871976852416992 -30.35712242126465
-0.7672201991081238 -8.704852104187012 -28.550777435302734
-0.9001400470733643 -8.772639274597168 -27.194751739501953
-0.9983118176460266 -9.165634155273438 -24.992610931396484
-1.19822096824646 -9.533515930175781 -22.82756996154785
-0.9845784902572632 -8.983513832092285 -25.564001083374023
-1.175856590270996 -8.217135429382324 -28.360919952392578
-1.3758981227874756 -8.236740112304688 -28.582887649536133
-0.9648211002349854 -8.5858736038208 -26.480976104736328
-2.0020413398742676 -9.436453819274902 -20.419233322143555
-2.2315592765808105 -9.257981300354004 -20.039047241210938
-1.4062082767486572 -8.386811256408691 -24.926984786987305
-1.1794898509979248 -8.316104888916016 -26.546384811401367
-1.3533308506011963 -8.898406028747559 -23.625539779663086
-1.478755235671997 -9.1217679977417 -22.45683479309082
-1.9671447277069092 -9.181061744689941 -20.89937973022461
-2.002399444580078 -8.842041969299316 -21.177961349487305
-1.5907173156738281 -8.296464920043945 -23.76565170288086
-1.3880000114440918 -8.426185607910156 -24.84201431274414
-1.8022353649139404 -9.098732948303223 -21.47958755493164
-0.9963249564170837 -9.086809158325195 -26.26879119873047
-1.0668164491653442 -9.117440223693848 -26.562868118286133
-1.0289638042449951 -9.012593269348145 -26.96984100341797
-1.0275325775146484 -9.163419723510742 -26.93008804321289
-1.0024118423461914 -9.01870059967041 -27.531208038330078
-1.0113881826400757 -9.019505500793457 -27.837337493896484
-0.8758689165115356 -9.207468032836914 -27.520090103149414
-0.8265724778175354 -9.024486541748047 -28.06247901916504
-1.0860302448272705 -9.048918724060059 -28.4446964263916
-1.0709980726242065 -9.16682243347168 -28.479705810546875
-1.2042771577835083 -9.149930000305176 -28.892969131469727
-1.0402207374572754 -9.22130298614502 -29.031726837158203
-1.2017821073532104 -9.255603790283203 -29.206693649291992
-1.1148221492767334 -9.31333065032959 -29.080814361572266
-1.212110996246338 -9.331418991088867 -29.01904296875
-0.959187924861908 -9.328646659851074 -28.870880126953125
-1.0577671527862549 -9.383526802062988 -29.100189208984375
-1.1115086078643799 -9.38739013671875 -29.413795471191406
-1.0641285181045532 -9.41211986541748 -29.565351486206055
-0.8910439610481262 -9.431239128112793 -29.843629837036133
-0.5414519906044006 -9.30842399597168 -31.05624008178711
-0.22225433588027954 -9.26536750793457 -31.71358871459961
-0.5824207067489624 -9.39326000213623 -30.947471618652344
-0.7318480014801025 -9.388917922973633 -30.650320053100586
-0.8360781073570251 -9.458391189575195 -30.161052703857422
-0.9498818516731262 -9.448994636535645 -29.98720359802246
-0.9720119833946228 -9.510930061340332 -29.61619758605957
-0.7054181098937988 -9.468404769897461 -29.784767150878906
-0.930608332157135 -9.420153617858887 -29.96505355834961
-1.1597814559936523 -9.560154914855957 -29.021438598632812
-0.3892591595649719 -9.394293785095215 -29.310409545898438
-0.8348915576934814 -9.368693351745605 -30.470178604125977
-0.6590567231178284 -9.459441184997559 -30.6771183013916
-0.3057290315628052 -9.531717300415039 -31.38988494873047
-0.006297707557678223 -9.508670806884766 -32.00753402709961
0.018913209438323975 -9.52067756652832 -32.27600860595703
-0.14237844944000244 -9.696422576904297 -31.587753295898438
-0.15022790431976318 -9.731471061706543 -31.554712295532227
-0.01988351345062256 -9.58372688293457 -32.00834655761719
-0.04687345027923584 -9.460673332214355 -32.08310317993164
-0.6279212832450867 -9.642011642456055 -30.69477653503418
-0.4369153380393982 -9.649042129516602 -30.622112274169922
0.06966114044189453 -9.504793167114258 -32.09254455566406
0.4550439715385437 -9.41629409790039 -33.457454681396484
0.9905257821083069 -9.415933609008789 -34.646087646484375
1.2316484451293945 -9.4588623046875 -35.18135070800781
0.9865481853485107 -9.689383506774902 -34.46580123901367
0.9146963953971863 -9.759061813354492 -34.08100128173828
0.9990655779838562 -9.661714553833008 -34.45225143432617
1.0068302154541016 -9.652359008789062 -34.462833404541016
0.8080407381057739 -9.761324882507324 -33.89110565185547
0.7935965061187744 -9.829330444335938 -33.75035858154297
0.974866509437561 -9.728543281555176 -34.30363845825195
1.202156901359558 -9.607559204101562 -34.964351654052734
0.9795885682106018 -9.722652435302734 -34.29300308227539
0.665519654750824 -9.89702033996582 -33.342987060546875
0.3244832158088684 -10.054405212402344 -32.23740768432617
0.15307706594467163 -10.06062126159668 -31.749969482421875
0.552614688873291 -9.92426586151123 -33.023170471191406
1.0585925579071045 -9.741592407226562 -34.432037353515625
1.5751960277557373 -9.444629669189453 -35.92319869995117
1.5901927947998047 -9.35190200805664 -36.0404167175293
0.7203884720802307 -9.79774284362793 -33.65389633178711
-0.0004216432571411133 -10.094897270202637 -31.085615158081055
-0.17716455459594727 -9.917631149291992 -31.031522750854492
0.28338301181793213 -9.697811126708984 -32.52885818481445
0.5891280174255371 -9.798263549804688 -33.1553840637207
1.0840985774993896 -9.837867736816406 -34.42762756347656
1.7882553339004517 -9.56263256072998 -36.355777740478516
2.0279836654663086 -9.225358009338379 -37.476776123046875
2.0255088806152344 -9.088374137878418 -37.85530090332031
2.0860681533813477 -9.261653900146484 -37.70079803466797
2.110414505004883 -9.305562973022461 -37.72575759887695
2.123828887939453 -9.305341720581055 -37.75772476196289
2.112595319747925 -9.295523643493652 -37.81523895263672
1.9644831418991089 -8.815499305725098 -38.49658203125
1.7780413627624512 -8.398365020751953 -39.00278854370117
1.9833526611328125 -8.845698356628418 -38.4719123840332
2.1262972354888916 -9.27966022491455 -37.86424255371094
2.106874942779541 -9.257405281066895 -37.87681579589844
2.0302183628082275 -9.057562828063965 -38.1185417175293
1.9864869117736816 -8.940929412841797 -38.25419616699219
2.0118770599365234 -8.9985933303833 -38.17057418823242
2.0987844467163086 -9.237338066101074 -37.81866455078125
2.080026388168335 -9.1915864944458 -37.86384963989258
1.9907970428466797 -8.876861572265625 -38.30360794067383
2.067324638366699 -9.114518165588379 -37.95554733276367
2.0628561973571777 -9.133674621582031 -37.87630844116211
2.0175888538360596 -8.98408031463623 -38.06245803833008
2.0831711292266846 -9.307029724121094 -37.49361038208008
2.0814261436462402 -9.270088195800781 -37.51617431640625
2.073164939880371 -9.274027824401855 -37.428043365478516
2.063084840774536 -9.324865341186523 -37.30459976196289
2.0487613677978516 -9.364543914794922 -37.19438552856445
2.040280818939209 -9.266449928283691 -37.310691833496094
2.0192625522613525 -9.228663444519043 -37.295753479003906
1.9988551139831543 -9.207259178161621 -37.244903564453125
1.900242805480957 -9.355219841003418 -36.73609924316406
1.4633766412734985 -9.634521484375 -35.41596221923828
0.9061897397041321 -9.883728981018066 -33.9139289855957
0.49852901697158813 -10.099635124206543 -32.67420959472656
0.6346762180328369 -9.848504066467285 -33.2939338684082
0.6014645099639893 -9.720731735229492 -33.33921813964844
0.5145841836929321 -9.722310066223145 -33.12246322631836
0.7048314213752747 -9.626897811889648 -33.58156967163086
1.2788282632827759 -9.248659133911133 -35.31919860839844
1.4526233673095703 -9.070013046264648 -35.94219207763672
1.1098947525024414 -9.23985767364502 -34.938453674316406
0.4785361886024475 -9.54061508178711 -33.11524200439453
0.4895514249801636 -9.327923774719238 -33.40367889404297
0.7664282917976379 -9.054279327392578 -34.31452941894531
0.6484723091125488 -9.067367553710938 -33.97843551635742
0.15987247228622437 -9.266423225402832 -32.694881439208984
-0.3900354504585266 -9.390010833740234 -31.284061431884766
-0.15570807456970215 -9.19918441772461 -31.97298812866211
-0.017897605895996094 -9.033133506774902 -32.42382049560547
-0.23413169384002686 -9.04333782196045 -31.88471794128418
-1.015824317932129 -9.19121265411377 -29.649555206298828
-0.7907679677009583 -8.998385429382324 -28.55348777770996
-1.001786470413208 -8.754310607910156 -28.494155883789062
-1.235482931137085 -8.634086608886719 -28.57975196838379
-0.846291720867157 -8.774650573730469 -28.045543670654297
-0.8886072039604187 -8.917106628417969 -27.541255950927734
-0.7679917812347412 -9.150527954101562 -26.849044799804688
-1.0372591018676758 -8.64977741241455 -28.152658462524414
-1.5016133785247803 -8.642845153808594 -29.013877868652344
-1.3621810674667358 -8.646912574768066 -29.44573402404785
-0.7888948917388916 -8.571531295776367 -28.535751342773438
-0.7874692678451538 -9.037843704223633 -26.476036071777344
-1.0699715614318848 -8.372759819030762 -27.588693618774414
-1.0575971603393555 -8.20949649810791 -27.767337799072266
-1.164362907409668 -8.739154815673828 -25.72089195251465
-1.4986238479614258 -9.170454025268555 -22.390953063964844
-1.4758251905441284 -8.574298858642578 -23.883464813232422
-1.5613176822662354 -8.608753204345703 -23.431087493896484
-1.6582157611846924 -8.752636909484863 -22.647167205810547
-1.4251916408538818 -8.307750701904297 -25.118492126464844
-3.251331090927124 -9.146769523620605 -17.250581741333008
-1.9085469245910645 -9.39091968536377 -20.90530014038086
-1.7692101001739502 -9.788002014160156 -20.591510772705078
-2.35392427444458 -9.382165908813477 -20.344770431518555
-1.1120672225952148 -9.459644317626953 -24.290191650390625
-1.204290747642517 -9.57876205444336 -23.32861328125
-0.9623295068740845 -9.292398452758789 -25.43758201599121
-1.0344901084899902 -9.365094184875488 -25.356279373168945
-1.0131540298461914 -9.506790161132812 -24.33148193359375
-0.8516738414764404 -9.65701961517334 -24.691617965698242
-0.9248678088188171 -9.64295768737793 -25.000732421875
-0.9714328646659851 -9.820504188537598 -24.69342041015625
-0.630895733833313 -9.446191787719727 -26.431880950927734
-0.5372260212898254 -9.557891845703125 -26.693401336669922
-0.9084189534187317 -9.088460922241211 -28.586660385131836
-1.141381025314331 -9.260899543762207 -29.106033325195312
-1.1432380676269531 -9.308206558227539 -29.379114151000977
-1.1050453186035156 -9.382806777954102 -29.243404388427734
-0.9510032534599304 -9.303804397583008 -29.771202087402344
-0.9690760970115662 -9.35008716583252 -29.841903686523438
-0.7446733713150024 -9.340155601501465 -30.30860137939453
-0.7552350163459778 -9.364551544189453 -30.523969650268555
-0.6589670181274414 -9.482136726379395 -30.514442443847656
-0.36751413345336914 -9.411650657653809 -31.416751861572266
-0.27405208349227905 -9.489151954650879 -31.515932083129883
-0.054915547370910645 -9.47739315032959 -31.981441497802734
0.12735754251480103 -9.402558326721191 -32.59088134765625
0.2255890965461731 -9.439140319824219 -32.736629486083984
0.16999036073684692 -9.550073623657227 -32.48898696899414
0.11478650569915771 -9.513824462890625 -32.48416519165039
-0.054229676723480225 -9.655717849731445 -31.799266815185547
0.0565372109413147 -9.598734855651855 -32.19563674926758
0.043340206146240234 -9.662473678588867 -32.0371208190918
0.3325924873352051 -9.561786651611328 -32.97384262084961
0.644389271736145 -9.430959701538086 -33.93082046508789
0.5737481117248535 -9.554803848266602 -33.63572311401367
0.45254021883010864 -9.7637939453125 -32.91567611694336
0.8326943516731262 -9.438244819641113 -34.33068084716797
1.1968187093734741 -9.167208671569824 -35.430809020996094
1.2981922626495361 -9.101529121398926 -35.73444366455078
1.148594617843628 -9.337327003479004 -35.168277740478516
1.3662362098693848 -9.229382514953613 -35.74735641479492
0.9780786037445068 -9.544230461120605 -34.60477828979492
0.8434029221534729 -9.620687484741211 -34.230777740478516
1.020634651184082 -9.564513206481934 -34.65131378173828
0.8277329206466675 -9.649786949157715 -34.13323974609375
0.6860776543617249 -9.813043594360352 -33.540740966796875
0.8652121424674988 -9.747389793395996 -34.1287727355957
1.1898844242095947 -9.60469913482666 -34.9676399230957
1.404676914215088 -9.546751022338867 -35.48576736450195
0.9339295029640198 -9.859270095825195 -34.13652801513672
0.756205677986145 -9.916555404663086 -33.691959381103516
0.7352039217948914 -9.810869216918945 -33.58363342285156
0.4454389810562134 -9.921798706054688 -32.711769104003906
0.10640931129455566 -10.133420944213867 -31.709033966064453
0.58646160364151 -10.074543952941895 -32.79381561279297
1.2216053009033203 -9.77181339263916 -34.877479553222656
1.5427021980285645 -9.661726951599121 -35.692195892333984
1.6717326641082764 -9.658595085144043 -35.98847961425781
1.6371808052062988 -9.691014289855957 -35.86850357055664
1.659134864807129 -9.666291236877441 -35.9297981262207
1.2485897541046143 -9.915345191955566 -34.81414031982422
0.9896211624145508 -10.178048133850098 -33.71311569213867
1.2506437301635742 -9.955376625061035 -34.755043029785156
1.542097806930542 -9.783929824829102 -35.57311248779297
1.6639430522918701 -9.730499267578125 -35.91621780395508
2.0402848720550537 -9.3685302734375 -37.18440628051758
2.0842807292938232 -9.513382911682129 -37.061824798583984
2.0373990535736084 -9.60350227355957 -36.87493133544922
2.063262462615967 -9.127609252929688 -37.881046295166016
2.04667592048645 -9.039692878723145 -38.065895080566406
2.092137575149536 -9.166576385498047 -37.90451431274414
2.1333425045013428 -9.294764518737793 -37.68358612060547
2.142688512802124 -9.633485794067383 -37.09084701538086
2.0295968055725098 -9.72779369354248 -36.69530487060547
2.1326794624328613 -9.330509185791016 -37.552886962890625
2.143719434738159 -9.475942611694336 -37.320743560791016
2.1088361740112305 -9.629801750183105 -37.01686096191406
2.153226137161255 -9.56387710571289 -37.223758697509766
2.1169064044952393 -9.350396156311035 -37.52804946899414
2.1226866245269775 -9.294816017150879 -37.66606140136719
2.1366653442382812 -9.556509017944336 -37.2478141784668
2.0987746715545654 -9.243317604064941 -37.802188873291016
1.9727935791015625 -8.815540313720703 -38.40618896484375
1.948760747909546 -8.809202194213867 -38.39748764038086
1.8786050081253052 -8.57612419128418 -38.689395904541016
1.9991202354431152 -8.97689151763916 -38.134765625
2.049532175064087 -9.168787002563477 -37.815277099609375
2.010958194732666 -9.035239219665527 -37.92935562133789
2.0318660736083984 -9.151129722595215 -37.65283203125
2.018342971801758 -9.482959747314453 -36.972293853759766
1.4845011234283447 -9.899707794189453 -35.27982711791992
1.3550152778625488 -9.928741455078125 -34.96500778198242
1.370354413986206 -9.867895126342773 -35.05659866333008
1.276252031326294 -9.908143997192383 -34.781341552734375
1.6486506462097168 -9.604808807373047 -35.94354248046875
1.5861178636550903 -9.641885757446289 -35.74213790893555
1.5581409931182861 -9.603995323181152 -35.69846725463867
1.479372501373291 -9.532852172851562 -35.59337615966797
1.1864275932312012 -9.598917007446289 -34.843116760253906
0.7128223776817322 -9.563604354858398 -33.83347702026367
0.05762624740600586 -9.777185440063477 -31.948476791381836
-0.011175096035003662 -9.649864196777344 -31.928367614746094
0.4748176336288452 -9.290521621704102 -33.34646987915039
0.5658161640167236 -9.289794921875 -33.583316802978516
0.3141859173774719 -9.59004020690918 -32.71143341064453
0.579886794090271 -9.386002540588379 -33.6065673828125
0.5769171714782715 -9.371768951416016 -33.58391189575195
0.6902271509170532 -9.29213809967041 -33.93801498413086
0.5984417796134949 -9.282146453857422 -33.68677520751953
0.2961505651473999 -9.38087272644043 -32.89073181152344
0.18615484237670898 -9.34945297241211 -32.67084503173828
-0.02066218852996826 -9.411811828613281 -32.02655029296875
-0.053944170475006104 -9.328843116760254 -32.06241226196289
-0.09859657287597656 -9.26140308380127 -32.01127624511719
-0.43816429376602173 -9.317737579345703 -31.297439575195312
-0.6240348219871521 -9.306482315063477 -30.836496353149414
-0.7068253755569458 -9.246413230895996 -30.82117462158203
-0.7260234951972961 -9.246861457824707 -30.518310546875
-0.17863714694976807 -8.988565444946289 -32.091064453125
-0.2981554865837097 -8.965847969055176 -31.83663558959961
-0.7880902886390686 -9.003704071044922 -30.702857971191406
-0.9499634504318237 -8.985220909118652 -29.35742950439453
-1.1717369556427002 -8.893672943115234 -29.262737274169922
-1.1849069595336914 -8.814742088317871 -29.34360122680664
-1.1517794132232666 -8.76417064666748 -29.209362030029297
-1.2508697509765625 -8.753725051879883 -29.110151290893555
-1.2310383319854736 -8.765137672424316 -29.47931671142578
-1.1746313571929932 -8.73720932006836 -30.019746780395508
-1.1747848987579346 -8.664328575134277 -30.113800048828125
-0.8080950379371643 -8.586451530456543 -28.423084259033203
-1.171263575553894 -9.4168701171875 -23.49420738220215
-1.4280366897583008 -8.79525375366211 -23.94341278076172
-1.3267267942428589 -8.275053024291992 -25.444087982177734
-1.420283555984497 -7.883753776550293 -27.712997436523438
-1.2826526165008545 -8.325845718383789 -27.032794952392578
-1.417184591293335 -9.315816879272461 -22.276185989379883
-3.87326717376709 -8.985939025878906 -15.314447402954102
-3.174156665802002 -8.562252044677734 -15.347179412841797
-3.753530502319336 -9.085660934448242 -16.494050979614258
-2.6948494911193848 -9.967874526977539 -18.513002395629883
-3.3588318824768066 -9.879528999328613 -17.30937385559082
-2.333643913269043 -9.977067947387695 -19.154651641845703
-1.6301202774047852 -10.181361198425293 -20.07500457763672
-1.563217282295227 -10.210468292236328 -20.384098052978516
-1.7190911769866943 -9.817310333251953 -21.104534149169922
-2.6566457748413086 -10.223245620727539 -18.316265106201172
-2.092587471008301 -9.618720054626465 -20.64390754699707
-1.0192047357559204 -9.459611892700195 -24.81466293334961
-0.8169909119606018 -8.951330184936523 -27.333459854125977
-1.257190227508545 -8.95755386352539 -27.553909301757812
-0.5852494239807129 -9.385714530944824 -26.523292541503906
-0.7868726849555969 -8.92726993560791 -28.126558303833008
-0.8091851472854614 -9.025203704833984 -28.63690185546875
-1.0174798965454102 -9.065876007080078 -29.219541549682617
-1.1911811828613281 -9.224506378173828 -28.881935119628906
-1.0450332164764404 -9.226375579833984 -29.08634376525879
-1.128979206085205 -9.192957878112793 -29.480342864990234
-0.9862996935844421 -9.136605262756348 -30.049795150756836
-0.8228492140769958 -9.221940040588379 -30.32291603088379
-0.4470779299736023 -9.187250137329102 -31.372819900512695
-0.34689807891845703 -9.300816535949707 -31.49298095703125
-0.4081387519836426 -9.314506530761719 -31.426530838012695
-0.7955582737922668 -9.40067195892334 -30.585725784301758
-0.9230446815490723 -9.420440673828125 -29.973453521728516
-1.0290300846099854 -9.411164283752441 -29.5267276763916
-0.7933522462844849 -9.407987594604492 -28.772911071777344
-0.5877339839935303 -9.298760414123535 -28.612834930419922
-0.78992760181427 -9.271806716918945 -28.956470489501953
-1.1492607593536377 -9.358156204223633 -29.18577766418457
-0.9745015501976013 -9.623312950134277 -28.307111740112305
-0.2773764729499817 -10.016544342041016 -27.1893310546875
-0.3243875503540039 -9.318793296813965 -31.250228881835938
1.2939915657043457 -8.498597145080566 -36.245174407958984
1.227484941482544 -8.885278701782227 -35.67169189453125
-0.5155765414237976 -9.742986679077148 -30.808578491210938
-0.2015414834022522 -9.999424934387207 -28.56525421142578
-0.18654990196228027 -9.613767623901367 -29.45328140258789
0.06210684776306152 -9.548385620117188 -32.07750701904297
0.6017829775810242 -9.553998947143555 -33.660240173339844
0.8167707920074463 -9.712835311889648 -33.981693267822266
1.1557927131652832 -9.625714302062988 -34.832672119140625
0.9448872208595276 -9.645060539245605 -34.374290466308594
0.4944077730178833 -9.786343574523926 -33.13031005859375
-0.012351453304290771 -10.010172843933105 -31.59917449951172
0.027204155921936035 -10.096811294555664 -31.61095428466797
0.7824116349220276 -9.909912109375 -33.719017028808594
1.5183188915252686 -9.739234924316406 -35.524383544921875
1.775517225265503 -9.699579238891602 -36.14442443847656
2.057408094406128 -9.42656421661377 -37.123687744140625
2.0558385848999023 -9.28677749633789 -37.37517166137695
2.0326614379882812 -9.394004821777344 -37.13201141357422
1.8376598358154297 -9.538578987121582 -36.461891174316406
1.5765103101730347 -9.684419631958008 -35.73073959350586
0.8169350028038025 -10.135351181030273 -33.44282150268555
0.6872173547744751 -10.287102699279785 -32.783382415771484
0.7709925770759583 -10.129231452941895 -33.469757080078125
0.9591201543807983 -10.067304611206055 -33.96568298339844
1.1508517265319824 -10.100687980651855 -34.353736877441406
1.9445536136627197 -9.608240127563477 -36.665836334228516
1.9641358852386475 -8.904984474182129 -38.1176643371582
1.8718130588531494 -8.568853378295898 -38.635093688964844
2.070711135864258 -9.120223045349121 -38.006675720214844
2.1888222694396973 -9.577780723571777 -37.34504318237305
2.205324411392212 -9.594735145568848 -37.370582580566406
2.2018625736236572 -9.468387603759766 -37.59137725830078
2.0975899696350098 -9.117294311523438 -38.12643051147461
2.008260488510132 -8.817415237426758 -38.53012466430664
1.9190781116485596 -8.624898910522461 -38.76518630981445
1.9663941860198975 -8.710356712341309 -38.67257308959961
2.035240411758423 -8.961115837097168 -38.31607437133789
2.072453022003174 -9.061409950256348 -38.2038459777832
2.086634635925293 -9.119428634643555 -38.07620620727539
2.145328998565674 -9.34972858428955 -37.69373321533203
2.1228766441345215 -9.214191436767578 -37.90797424316406
2.1482481956481934 -9.268718719482422 -37.85433578491211
2.126143455505371 -9.211326599121094 -37.89716720581055
2.060260057449341 -9.02938175201416 -38.15508270263672
2.0276143550872803 -8.953349113464355 -38.21776580810547
2.13326358795166 -9.354391098022461 -37.50877380371094
2.0585551261901855 -9.608226776123047 -36.89459991455078
1.7894890308380127 -9.802865028381348 -36.04715347290039
1.8265374898910522 -9.662004470825195 -36.25830841064453
1.8554381132125854 -9.540454864501953 -36.477176666259766
1.7973949909210205 -9.548782348632812 -36.33039855957031
1.7250535488128662 -9.607460975646973 -36.10747146606445
1.740527629852295 -9.602439880371094 -36.14490509033203
1.6974904537200928 -9.613773345947266 -36.043766021728516
1.7402960062026978 -9.49325942993164 -36.27811813354492
1.4218156337738037 -9.656208038330078 -35.37718963623047
0.8820352554321289 -9.869585037231445 -33.89960861206055
0.5973497629165649 -9.988371849060059 -32.99711227416992
0.6803609728813171 -9.782671928405762 -33.52674865722656
0.9292008280754089 -9.685894012451172 -34.18953323364258
1.142749547958374 -9.645588874816895 -34.69267654418945
1.3894766569137573 -9.473769187927246 -35.428707122802734
1.3997840881347656 -9.465690612792969 -35.469993591308594
1.4657925367355347 -9.299605369567871 -35.77484893798828
0.9589183926582336 -9.451642036437988 -34.42939758300781
0.3786989450454712 -9.55166244506836 -32.98576736450195
0.1267983317375183 -9.677453994750977 -32.15400314331055
0.7070329785346985 -9.29821491241455 -33.933258056640625
1.5665472745895386 -8.752524375915527 -36.5489387512207
1.1915371417999268 -9.310873031616211 -35.076107025146484
1.4247010946273804 -9.163582801818848 -35.824806213378906
1.1890499591827393 -9.274521827697754 -35.11796951293945
1.0214307308197021 -9.346362113952637 -34.68434524536133
1.3974252939224243 -8.937832832336426 -35.99421691894531
0.9235100150108337 -9.16097640991211 -34.63318634033203
0.04122346639633179 -9.554451942443848 -32.15589904785156
-0.4358551502227783 -9.523900032043457 -31.272302627563477
-0.6027150750160217 -9.469608306884766 -30.653968811035156
-0.681472897529602 -9.300848007202148 -30.894054412841797
-0.9401107430458069 -9.370102882385254 -28.991113662719727
-0.550228476524353 -9.50424861907959 -27.752893447875977
-1.1854404211044312 -9.01124382019043 -28.729736328125
-1.2374975681304932 -8.909708976745605 -29.81344223022461
-1.2232449054718018 -9.016063690185547 -29.188508987426758
-1.0525007247924805 -8.952688217163086 -30.166990280151367
0.12559330463409424 -8.49868106842041 -33.31576919555664
0.6977878212928772 -8.284173011779785 -34.88194274902344
0.22265678644180298 -8.560097694396973 -33.523193359375
-0.9013338685035706 -9.003340721130371 -30.333881378173828
-0.9948030114173889 -8.75628662109375 -29.084243774414062
-1.3343455791473389 -8.543611526489258 -29.126495361328125
-1.2884513139724731 -8.405388832092285 -28.565052032470703
-1.0275464057922363 -8.898367881774902 -26.479856491088867
-1.2223098278045654 -9.32871150970459 -23.586271286010742
-1.2876964807510376 -9.318291664123535 -23.438339233398438
-1.213707447052002 -9.021939277648926 -25.157554626464844
-1.4421422481536865 -9.252679824829102 -22.32784080505371
-3.206021547317505 -9.465875625610352 -17.90273666381836
-2.0343222618103027 -8.733384132385254 -21.49544334411621
-1.8526878356933594 -7.483658313751221 -27.617984771728516
-1.0977184772491455 -4.203987121582031 -13.410444259643555
-1.6832470893859863 -6.684422016143799 -17.18901824951172
-0.22040030360221863 -4.1929144859313965 -11.235861778259277
-1.5977697372436523 -6.1939377784729 -16.87849235534668
-1.567061185836792 -6.048332214355469 -15.675644874572754
-1.9901001453399658 -7.446568965911865 -16.951274871826172
-1.111098289489746 -5.114223480224609 -12.10073184967041
-2.805805206298828 -7.5619282722473145 -16.192153930664062
-3.622805118560791 -8.63821792602539 -16.106124877929688
-3.2660818099975586 -8.305025100708008 -16.198076248168945
-1.9112061262130737 -6.168922424316406 -14.624653816223145
-2.7350778579711914 -7.231307506561279 -17.15176773071289
-2.9431097507476807 -8.56821060180664 -19.17438316345215
-1.3575351238250732 -8.623063087463379 -23.59044647216797
-1.490926742553711 -9.227913856506348 -22.072904586791992
-1.4412262439727783 -9.872294425964355 -20.552955627441406
-1.9329049587249756 -9.367690086364746 -20.836889266967773
-0.9079641699790955 -8.882275581359863 -26.064403533935547
-1.1663234233856201 -8.491769790649414 -27.621082305908203
-0.8795615434646606 -8.973075866699219 -26.51665687561035
-0.6840542554855347 -9.076924324035645 -26.136363983154297
-0.7896760702133179 -9.382232666015625 -25.310775756835938
-1.0893700122833252 -9.990157127380371 -22.295684814453125
-2.0186538696289062 -10.361261367797852 -18.7271671295166
-1.1228103637695312 -10.298487663269043 -21.559791564941406
-0.932927668094635 -9.725031852722168 -25.421180725097656
-0.49188554286956787 -9.435979843139648 -27.197467803955078
-0.8966168165206909 -9.19919204711914 -29.39221954345703
-0.5964102149009705 -9.224215507507324 -30.99687957763672
-0.05295473337173462 -9.18994140625 -32.30340576171875
0.1636369824409485 -9.279996871948242 -32.75551223754883
0.39137595891952515 -9.295768737792969 -33.46040344238281
0.5756187438964844 -9.396156311035156 -33.80218505859375
0.6873403787612915 -9.523280143737793 -33.94865417480469
0.6479813456535339 -9.610482215881348 -33.736000061035156
0.89934903383255 -9.604454040527344 -34.36198043823242
1.1816108226776123 -9.61187744140625 -34.96480941772461
1.6446853876113892 -9.345002174377441 -36.24799728393555
1.739419937133789 -9.275899887084961 -36.54966354370117
1.3918170928955078 -9.559179306030273 -35.46380615234375
0.8504315614700317 -9.856107711791992 -33.997703552246094
0.726179301738739 -10.050849914550781 -33.34565734863281
1.2983298301696777 -9.660466194152832 -35.15397262573242
1.7335941791534424 -9.24917984008789 -36.52177429199219
1.0310707092285156 -9.835416793823242 -34.398536682128906
0.8346624374389648 -10.061176300048828 -33.64375305175781
1.7970736026763916 -9.408849716186523 -36.55415344238281
1.9131455421447754 -9.036051750183105 -37.44273376464844
1.8288466930389404 -9.475067138671875 -36.54057312011719
1.527742862701416 -9.783891677856445 -35.54241180419922
0.8835873603820801 -10.128373146057129 -33.853858947753906
1.020003318786621 -10.1315336227417 -33.89451217651367
1.970612645149231 -9.121520042419434 -37.36543655395508
1.9974054098129272 -9.174259185791016 -37.39040756225586
1.7760568857192993 -9.729623794555664 -36.15088653564453
2.082091808319092 -9.522078514099121 -37.08750534057617
2.0441160202026367 -9.128988265991211 -37.81242752075195
1.956031322479248 -8.837143898010254 -38.263240814208984
2.009035587310791 -8.922160148620605 -38.22853469848633
2.152346611022949 -9.444591522216797 -37.44154357910156
2.149076223373413 -9.400944709777832 -37.523162841796875
2.081162929534912 -9.183477401733398 -37.789031982421875
2.089956045150757 -9.236157417297363 -37.615455627441406
1.8349106311798096 -9.802605628967285 -36.19304275512695
1.2312817573547363 -10.257590293884277 -34.155906677246094
1.597352385520935 -9.997363090515137 -35.4857177734375
2.116478204727173 -9.414969444274902 -37.34347152709961
2.1066794395446777 -9.231127738952637 -37.764442443847656
2.114576816558838 -9.246824264526367 -37.797691345214844
2.1122543811798096 -9.180481910705566 -37.9696159362793
2.1010305881500244 -9.141728401184082 -38.02707290649414
2.1299991607666016 -9.285632133483887 -37.76640319824219
2.1656670570373535 -9.491327285766602 -37.3966064453125
2.048269748687744 -9.74290657043457 -36.79634094238281
1.6687829494476318 -10.087078094482422 -35.526466369628906
1.9592878818511963 -9.842061996459961 -36.4777717590332
2.082890272140503 -9.122326850891113 -38.02482223510742
1.876015305519104 -8.557107925415039 -38.75045394897461
1.9881665706634521 -8.820796966552734 -38.39852523803711
1.9863243103027344 -8.915220260620117 -38.184288024902344
2.0729258060455322 -9.174549102783203 -37.68989944458008
1.621950626373291 -9.875926971435547 -35.52893829345703
1.0165519714355469 -10.217212677001953 -33.686500549316406
0.9610896706581116 -10.170037269592285 -33.60735321044922
0.9756030440330505 -10.015161514282227 -33.94004440307617
1.1750984191894531 -9.884835243225098 -34.59408187866211
1.3262593746185303 -9.849270820617676 -34.93881607055664
1.5729773044586182 -9.68250846862793 -35.67685317993164
1.9334831237792969 -9.224447250366211 -36.994991302490234
1.9113855361938477 -9.097430229187012 -37.13202667236328
1.605654001235962 -9.510690689086914 -35.91019821166992
1.3427433967590332 -9.723152160644531 -35.04331588745117
1.6442548036575317 -9.419327735900879 -36.111366271972656
1.5711746215820312 -9.432206153869629 -35.913368225097656
0.9782964587211609 -9.818136215209961 -34.12248611450195
0.619551956653595 -9.908024787902832 -33.16862487792969
0.4811033606529236 -9.795310974121094 -32.89992904663086
0.3930257558822632 -9.79452896118164 -32.6776237487793
0.5908608436584473 -9.526745796203613 -33.49304962158203
0.8145173192024231 -9.413738250732422 -34.11337661743164
0.8116157650947571 -9.417052268981934 -34.10941696166992
0.7754022479057312 -9.341742515563965 -34.076622009277344
0.6843941807746887 -9.144319534301758 -34.0164794921875
0.45886367559432983 -9.11729621887207 -33.41082763671875
0.11046725511550903 -9.098228454589844 -32.66379928588867
-0.6486671566963196 -9.304667472839355 -30.465585708618164
-0.2919664978981018 -9.120201110839844 -29.642724990844727
-0.9849143028259277 -9.217301368713379 -29.284299850463867
-0.7423931360244751 -9.176396369934082 -29.39786720275879
-0.9242810606956482 -9.274396896362305 -29.61117935180664
-0.8729203939437866 -9.236335754394531 -30.249027252197266
-0.7943984270095825 -9.243976593017578 -30.301015853881836
-0.6416347622871399 -9.16257095336914 -30.839359283447266
-0.46860170364379883 -9.132963180541992 -31.251514434814453
0.047073543071746826 -8.805862426757812 -32.891178131103516
-0.374168336391449 -9.092002868652344 -31.59550666809082
-0.5872845649719238 -9.196605682373047 -29.484149932861328
-1.0601849555969238 -9.107275009155273 -29.033586502075195
-0.637887716293335 -8.921080589294434 -28.860050201416016
-1.2244243621826172 -8.90436840057373 -28.91815757751465
-1.3833065032958984 -8.856096267700195 -28.968393325805664
-1.0780284404754639 -8.821850776672363 -29.058542251586914
-1.166266918182373 -8.89623737335205 -29.791297912597656
-0.9880955219268799 -8.910162925720215 -30.278825759887695
-0.9613363742828369 -8.92654800415039 -30.18524169921875
-1.237313985824585 -8.878485679626465 -29.561355590820312
-1.0186703205108643 -8.56164264678955 -28.56289291381836
-0.9612876176834106 -9.091682434082031 -24.96735191345215
-1.2907564640045166 -8.043049812316895 -28.140254974365234
-1.6668776273727417 -8.04021167755127 -28.589937210083008
-1.0847281217575073 -8.400036811828613 -27.350391387939453
-1.0412039756774902 -8.764552116394043 -25.736948013305664
-1.504083275794983 -8.010433197021484 -28.070661544799805
-1.5343796014785767 -8.03951644897461 -28.536836624145508
-1.3438512086868286 -8.118593215942383 -28.00331687927246
-1.1519744396209717 -8.225031852722168 -27.343618392944336
-1.171421766281128 -8.680313110351562 -25.708065032958984
-2.3845701217651367 -7.185598373413086 -17.980398178100586
-4.309359550476074 -8.282381057739258 -17.05799102783203
-4.071816444396973 -8.712388038635254 -16.995861053466797
-4.428938865661621 -8.878582000732422 -15.88614273071289
-0.1559862196445465 -4.466150283813477 -8.98128890991211
0.09123855829238892 -0.2331780046224594 -4.133886814117432
0.41472890973091125 -0.5240064263343811 -4.9267988204956055
-0.10581287741661072 -0.7749566435813904 -5.77006721496582
-0.11113572120666504 -3.6146223545074463 -10.628401756286621
-0.09992215037345886 -3.1327526569366455 -8.417780876159668
-0.15550795197486877 -1.9984447956085205 -5.796443939208984
0.23429036140441895 -2.381679058074951 -6.417205333709717
-0.42578327655792236 -4.36689567565918 -11.157116889953613
-0.14670473337173462 -3.612354278564453 -8.458895683288574
0.031996384263038635 -2.154299259185791 -5.844996929168701
0.1627204716205597 -1.6769495010375977 -5.4708356857299805
-0.11242669820785522 -2.565666675567627 -7.999859809875488
-1.560163974761963 -5.040773868560791 -14.220588684082031
-2.741246223449707 -9.261934280395508 -18.71678352355957
-1.4771885871887207 -9.430468559265137 -21.595075607299805
-2.4790103435516357 -9.520966529846191 -18.82637596130371
-1.9248665571212769 -9.797572135925293 -19.45790672302246
-2.1632094383239746 -9.52737808227539 -19.356121063232422
-0.9946795105934143 -9.202641487121582 -23.97014617919922
-0.7539045810699463 -9.396326065063477 -24.27334213256836
-0.8639081716537476 -9.783125877380371 -23.584144592285156
-0.9085296392440796 -9.77226448059082 -23.969635009765625
-0.6016612648963928 -9.360004425048828 -26.66946029663086
-0.8355932235717773 -9.028820037841797 -28.25710678100586
-0.44909965991973877 -9.19728946685791 -28.111541748046875
-0.7646111249923706 -9.044286727905273 -29.345815658569336
-0.7935858368873596 -9.165009498596191 -30.166902542114258
-0.49780207872390747 -9.152862548828125 -31.17704200744629
-0.394344687461853 -9.274909019470215 -31.293350219726562
-0.5010886192321777 -9.323558807373047 -31.079143524169922
-0.6135614514350891 -9.352439880371094 -30.761497497558594
-0.755216121673584 -9.392922401428223 -29.81463623046875
-1.1489009857177734 -9.336485862731934 -28.812271118164062
-0.3036397695541382 -9.893868446350098 -26.650039672851562
-0.5463497042655945 -9.187410354614258 -28.94638442993164
-0.834399402141571 -9.409224510192871 -29.947521209716797
-0.19600021839141846 -9.536637306213379 -31.57158660888672
0.5899497270584106 -9.600358009338379 -33.56129455566406
1.4841837882995605 -9.443572998046875 -35.75428771972656
1.9059147834777832 -9.233448028564453 -36.983123779296875
1.9430352449417114 -9.25427532196045 -37.09257507324219
1.9604823589324951 -9.27573013305664 -37.12033462524414
1.7557179927825928 -9.504810333251953 -36.358760833740234
1.449314832687378 -9.702815055847168 -35.47287368774414
1.2502641677856445 -9.812824249267578 -34.940773010253906
1.1424236297607422 -9.867189407348633 -34.612884521484375
1.3295938968658447 -9.79244327545166 -35.10829544067383
1.423147201538086 -9.79955768585205 -35.2812614440918
1.7896629571914673 -9.556381225585938 -36.35224533081055
1.9663288593292236 -9.069778442382812 -37.537879943847656
2.032769203186035 -9.287857055664062 -37.289031982421875
1.6333999633789062 -9.869192123413086 -35.70097732543945
1.461747407913208 -10.027484893798828 -35.10170364379883
2.07293963432312 -9.278238296508789 -37.55473327636719
1.92568039894104 -8.727951049804688 -38.38334274291992
1.8996540307998657 -8.618935585021973 -38.56465530395508
2.0465025901794434 -9.058133125305176 -38.01272201538086
2.0995798110961914 -9.692426681518555 -36.948509216308594
1.9788422584533691 -9.805808067321777 -36.53481674194336
2.051020860671997 -9.08065128326416 -38.037296295166016
1.7091481685638428 -8.2536039352417 -39.0475959777832
2.081799030303955 -9.093500137329102 -38.118961334228516
2.2239346504211426 -9.604047775268555 -37.412986755371094
2.1761090755462646 -9.334145545959473 -37.907257080078125
1.8524127006530762 -8.501614570617676 -38.99159622192383
1.7332730293273926 -8.292397499084473 -39.19541931152344
2.02946138381958 -8.83717155456543 -38.58130645751953
2.2184414863586426 -9.613801002502441 -37.38392639160156
2.2193198204040527 -9.677885055541992 -37.2647819519043
2.187664031982422 -9.463544845581055 -37.5535888671875
2.144932746887207 -9.36614990234375 -37.66615295410156
2.0984230041503906 -9.164712905883789 -37.9896354675293
2.0771899223327637 -9.141844749450684 -37.996315002441406
2.0499987602233887 -9.034768104553223 -38.152915954589844
1.9812885522842407 -8.870255470275879 -38.325164794921875
2.0281729698181152 -9.02392864227295 -38.077632904052734
2.1103837490081787 -9.317825317382812 -37.573062896728516
2.0880227088928223 -9.559477806091309 -37.05642318725586
2.0708322525024414 -9.529655456542969 -37.03416061401367
2.031280279159546 -9.537067413330078 -36.94760513305664
1.9670896530151367 -9.582246780395508 -36.73397445678711
2.0544040203094482 -9.295302391052246 -37.34907913208008
2.014744281768799 -9.139155387878418 -37.546878814697266
2.0295467376708984 -9.30361270904541 -37.22712707519531
1.713834285736084 -9.678525924682617 -36.027626037597656
1.6313912868499756 -9.711642265319824 -35.77796173095703
1.8191204071044922 -9.474738121032715 -36.45848083496094
1.9499170780181885 -9.222325325012207 -37.067562103271484
1.7277604341506958 -9.460662841796875 -36.24280548095703
1.6935975551605225 -9.461468696594238 -36.152992248535156
1.4444947242736816 -9.669398307800293 -35.37789535522461
1.5495904684066772 -9.521000862121582 -35.771141052246094
1.7257170677185059 -9.353273391723633 -36.33225631713867
1.8359642028808594 -9.245100975036621 -36.71660614013672
1.881772756576538 -8.900007247924805 -37.43650436401367
1.867834210395813 -8.841078758239746 -37.575958251953125
1.9096771478652954 -9.084197998046875 -37.13627243041992
1.4770026206970215 -9.54297161102295 -35.52922439575195
0.9158588647842407 -9.774344444274902 -33.965476989746094
0.7315259575843811 -9.683320045471191 -33.65260314941406
0.644294261932373 -9.565715789794922 -33.57048416137695
0.7055269479751587 -9.407235145568848 -33.82057189941406
0.7005022764205933 -9.2908935546875 -33.942928314208984
0.6262208223342896 -9.235503196716309 -33.815773010253906
0.29397422075271606 -9.291609764099121 -32.99357223510742
-0.2550845742225647 -9.443341255187988 -31.586427688598633
-0.4699922800064087 -9.394285202026367 -31.183387756347656
-0.46041494607925415 -9.242531776428223 -31.3508243560791
-0.6043164730072021 -9.23170280456543 -31.032413482666016
-0.47296369075775146 -9.131840705871582 -31.40703773498535
-0.7639668583869934 -9.254294395446777 -30.24128532409668
-0.8537987470626831 -9.178943634033203 -30.222606658935547
-0.895718514919281 -9.01671028137207 -30.41188621520996
-0.9751346111297607 -9.011734962463379 -29.78205108642578
-1.0767858028411865 -8.902862548828125 -29.948184967041016
-1.1218616962432861 -8.826042175292969 -29.960309982299805
-1.201921820640564 -8.737025260925293 -29.53973960876465
-0.67069411277771 -8.622943878173828 -28.429367065429688
-0.8093916773796082 -8.818092346191406 -27.20905876159668
-0.9894188046455383 -9.366403579711914 -24.404579162597656
-1.3136839866638184 -9.541979789733887 -22.68320083618164
-1.3136589527130127 -9.295740127563477 -23.208715438842773
-1.2542626857757568 -8.174751281738281 -28.181068420410156
-1.50315260887146 -8.420981407165527 -29.291473388671875
-1.478163242340088 -8.422819137573242 -28.86632537841797
-0.9342281222343445 -8.797040939331055 -26.65674591064453
-1.3699661493301392 -8.328465461730957 -26.91556167602539
-1.5424954891204834 -7.914950847625732 -28.001432418823242
-1.0925580263137817 -7.965149879455566 -28.165842056274414
-1.5512971878051758 -7.966176509857178 -28.33806800842285
-1.2006638050079346 -8.678338050842285 -24.447683334350586
-1.3274917602539062 -8.411910057067871 -26.005144119262695
-0.8446247577667236 -4.792755126953125 -11.71956729888916
-1.643215537071228 -6.407202243804932 -14.792421340942383
-1.6994322538375854 -6.610637664794922 -16.00342559814453
-1.835519790649414 -7.045729637145996 -15.750125885009766
-1.308364987373352 -6.129466533660889 -13.015657424926758
-1.041628122329712 -5.480461120605469 -12.77568531036377
-0.6222655773162842 -3.6964316368103027 -9.209437370300293
-0.6034746170043945 -4.5264153480529785 -11.871582984924316
-1.4332956075668335 -6.254576206207275 -13.849984169006348
-1.525738000869751 -5.538163185119629 -13.62881851196289
-2.8135406970977783 -8.48387336730957 -16.018339157104492
-1.0686578750610352 -5.851894855499268 -12.578017234802246
-2.0924222469329834 -6.9108567237854 -16.015766143798828
-2.3427605628967285 -7.517970561981201 -15.380505561828613
-2.723733425140381 -8.018207550048828 -15.796411514282227
-3.4734954833984375 -9.444866180419922 -16.586898803710938
-2.6162753105163574 -9.552719116210938 -19.125356674194336
-1.3142609596252441 -9.545241355895996 -22.39739227294922
-1.2450505495071411 -9.53788948059082 -23.277040481567383
-2.345134735107422 -9.8485689163208 -19.935392379760742
-1.0706801414489746 -9.656437873840332 -22.7345027923584
-0.9549561142921448 -8.990275382995605 -26.33116912841797
-0.7240360975265503 -9.587573051452637 -25.58816146850586
-0.7836536765098572 -9.46444034576416 -26.2791748046875
-1.1612074375152588 -9.176406860351562 -26.754549026489258
-0.7784117460250854 -9.710383415222168 -24.77808380126953
-0.9902132749557495 -9.474605560302734 -25.28915786743164
-0.9719362854957581 -9.28978443145752 -25.34489631652832
-1.4997596740722656 -9.612289428710938 -21.978776931762695
-0.5287120938301086 -8.554689407348633 -28.606231689453125
-1.6968424320220947 -8.774333000183105 -28.716995239257812
-0.6691072583198547 -9.857589721679688 -23.977365493774414
-1.0765736103057861 -9.90853500366211 -22.93189811706543
-1.049755573272705 -10.3817777633667 -21.085025787353516
-1.4864987134933472 -10.617451667785645 -19.595653533935547
-0.7484896183013916 -9.749337196350098 -24.41567611694336
-0.6478247046470642 -8.993882179260254 -28.36882972717285
-0.9987839460372925 -9.128988265991211 -29.52642822265625
-1.0254197120666504 -9.254194259643555 -29.47869873046875
-0.9503189921379089 -9.324352264404297 -28.820554733276367
-0.3673964738845825 -9.195021629333496 -28.34871482849121
-0.49071186780929565 -9.57469654083252 -26.623580932617188
-0.7512651681900024 -9.709080696105957 -25.3847713470459
-0.9433956146240234 -10.2593412399292 -21.357982635498047
-0.5964918732643127 -9.632777214050293 -26.172143936157227
-0.2622276544570923 -9.124176979064941 -28.62760353088379
-1.0115916728973389 -9.301158905029297 -29.119396209716797
-0.45350754261016846 -9.34411907196045 -29.13970184326172
-0.5696437358856201 -9.406638145446777 -29.38306999206543
-0.8117367029190063 -9.466816902160645 -29.880170822143555
-0.2256922721862793 -9.553339958190918 -30.824817657470703
0.3483862280845642 -9.538862228393555 -32.89375686645508
1.1672585010528564 -9.514191627502441 -34.93364334106445
1.6334644556045532 -9.499707221984863 -36.02928161621094
1.9732584953308105 -9.269989013671875 -37.11151123046875
1.994596004486084 -9.099507331848145 -37.546260833740234
1.9429010152816772 -9.532095909118652 -36.721343994140625
1.6744358539581299 -9.806835174560547 -35.81961441040039
1.867726445198059 -9.64289665222168 -36.41785430908203
2.0464377403259277 -9.361186027526855 -37.222198486328125
2.059030532836914 -9.220352172851562 -37.5218391418457
2.0782089233398438 -9.508805274963379 -37.093292236328125
2.100086212158203 -9.417880058288574 -37.298423767089844
2.0994534492492676 -9.318781852722168 -37.47218704223633
2.1049387454986572 -9.512894630432129 -37.13756561279297
2.025606155395508 -9.667749404907227 -36.779930114746094
2.002293109893799 -9.728292465209961 -36.6689567565918
2.1527581214904785 -9.591643333435059 -37.1778564453125
1.9845209121704102 -8.8622465133667 -38.33358383178711
1.6131274700164795 -8.078964233398438 -39.2435302734375
2.1089181900024414 -9.178617477416992 -38.03074264526367
2.220412254333496 -9.717996597290039 -37.21134948730469
2.1317598819732666 -9.222541809082031 -38.05291748046875
1.8305046558380127 -8.454782485961914 -39.00698471069336
1.9989924430847168 -8.777596473693848 -38.70130157470703
1.9023011922836304 -8.581448554992676 -38.920711517333984
1.6783082485198975 -8.192008972167969 -39.31882095336914
1.5108188390731812 -7.905277252197266 -39.586181640625
1.323101282119751 -7.603705406188965 -39.84740447998047
1.8025293350219727 -8.423240661621094 -38.969154357910156
2.0470473766326904 -9.005413055419922 -38.22220230102539
2.0156352519989014 -8.86290168762207 -38.37601852416992
2.1017181873321533 -9.197392463684082 -37.85354995727539
2.0493955612182617 -9.044502258300781 -38.04430389404297
1.963592767715454 -8.766654014587402 -38.388092041015625
2.0157980918884277 -8.985008239746094 -38.051326751708984
2.043656826019287 -9.049046516418457 -37.9403190612793
1.955204963684082 -8.854532241821289 -38.156105041503906
1.9354023933410645 -8.757081031799316 -38.24018478393555
2.06394100189209 -9.387115478515625 -37.17971420288086
1.8909058570861816 -9.638788223266602 -36.45314407348633
2.045072555541992 -9.401147842407227 -37.0936164855957
1.9369730949401855 -8.879533767700195 -37.894447326660156
1.9127914905548096 -8.866922378540039 -37.86317825317383
1.9928622245788574 -9.150551795959473 -37.37310791015625
1.9805126190185547 -9.278497695922852 -37.07265090942383
1.9609029293060303 -9.222036361694336 -37.08365249633789
1.846056342124939 -9.360228538513184 -36.6259880065918
1.8780031204223633 -9.27946949005127 -36.778656005859375
1.9176303148269653 -9.2840576171875 -36.86866760253906
1.9218220710754395 -9.047324180603027 -37.27009201049805
1.8956398963928223 -8.938274383544922 -37.410858154296875
1.7943387031555176 -9.270971298217773 -36.578163146972656
1.2522002458572388 -9.600749015808105 -34.94343566894531
1.1427829265594482 -9.575178146362305 -34.70794677734375
1.2061580419540405 -9.316285133361816 -35.08781051635742
0.8837317824363708 -9.262290954589844 -34.41560363769531
0.14660298824310303 -9.464147567749023 -32.42438507080078
-0.33379995822906494 -9.350643157958984 -31.516504287719727
-0.8729709982872009 -9.400323867797852 -29.672800064086914
-1.0283347368240356 -9.302599906921387 -29.474838256835938
-0.8137497305870056 -9.064729690551758 -30.60723876953125
-0.6017680168151855 -9.027656555175781 -31.240079879760742
-0.891887366771698 -9.235751152038574 -30.134075164794922
-0.8417921662330627 -9.212430953979492 -30.363323211669922
-0.48227763175964355 -9.095864295959473 -31.4372501373291
-0.24678778648376465 -9.059069633483887 -31.841707229614258
-0.09940648078918457 -8.945180892944336 -32.34232711791992
-0.183444082736969 -8.927671432495117 -32.19172286987305
-0.24576634168624878 -8.857385635375977 -32.163429260253906
-0.8415104150772095 -8.96191120147705 -30.610986709594727
-1.138296127319336 -8.960787773132324 -29.470287322998047
-0.8996443748474121 -8.844648361206055 -29.097061157226562
-1.3494300842285156 -8.804778099060059 -28.863920211791992
-1.1738578081130981 -8.659602165222168 -28.7691650390625
-1.1220958232879639 -8.41656494140625 -28.339031219482422
-0.9607040882110596 -8.908180236816406 -25.6407470703125
-1.4274495840072632 -8.15374755859375 -27.509931564331055
-1.406585693359375 -8.099700927734375 -28.38816261291504
-1.613400936126709 -8.318929672241211 -29.13809585571289
-1.398078441619873 -8.284045219421387 -29.25600242614746
-1.2159404754638672 -8.182010650634766 -28.477218627929688
-1.1559536457061768 -8.218782424926758 -27.874805450439453
-1.3461722135543823 -7.97551155090332 -28.429838180541992
-1.1660329103469849 -7.989083290100098 -28.005409240722656
-1.4028098583221436 -8.744750022888184 -23.750804901123047
-2.0684118270874023 -8.761597633361816 -21.34345817565918
-2.788961410522461 -8.332040786743164 -16.240951538085938
-2.6756303310394287 -8.317655563354492 -16.20573616027832
-0.6346144676208496 -5.797161102294922 -12.170235633850098
-0.1667245328426361 -4.301227569580078 -8.933690071105957
-0.28228700160980225 -4.42548942565918 -9.519373893737793
-1.3019754886627197 -5.599116802215576 -13.07205581665039
-2.7636094093322754 -7.8624138832092285 -15.61716079711914
-3.80401611328125 -9.251876831054688 -15.932615280151367
-3.543874979019165 -9.775466918945312 -16.631484985351562
-3.8688809871673584 -9.006587028503418 -15.628641128540039
-3.3320202827453613 -9.089822769165039 -17.768096923828125
-1.3518273830413818 -8.980042457580566 -24.40677261352539
-1.643251657485962 -8.505426406860352 -27.166982650756836
-1.446079134941101 -9.761507987976074 -21.66625213623047
-2.111589193344116 -10.008960723876953 -19.23226547241211
-1.4849709272384644 -9.236395835876465 -22.445781707763672
-1.5057086944580078 -9.371454238891602 -22.86461639404297
-3.2632970809936523 -8.69359302520752 -15.429018020629883
-1.6536097526550293 -6.431300640106201 -13.147082328796387
-3.2624354362487793 -8.666067123413086 -16.72877311706543
-1.649561882019043 -9.400429725646973 -21.000642776489258
-2.038217544555664 -9.525388717651367 -19.899932861328125
-1.8345122337341309 -9.651590347290039 -19.964744567871094
-2.471651554107666 -8.888383865356445 -19.865922927856445
-0.9628060460090637 -8.625445365905762 -25.2071533203125
-1.0331876277923584 -8.366048812866211 -27.765850067138672
-0.6252780556678772 -8.708480834960938 -27.466609954833984
-1.1531922817230225 -8.51308822631836 -29.410736083984375
-1.1697347164154053 -8.698345184326172 -29.37589454650879
-1.0259013175964355 -8.738673210144043 -28.72385597229004
-0.918529748916626 -8.615044593811035 -28.246076583862305
-0.8615115284919739 -9.340433120727539 -25.455394744873047
-1.5067055225372314 -9.74245548248291 -21.3082218170166
-1.903787612915039 -9.609253883361816 -21.025657653808594
-0.6672141551971436 -8.847051620483398 -27.60283851623535
-1.009872317314148 -8.815201759338379 -28.859699249267578
-0.5002296566963196 -9.044105529785156 -28.47903823852539
-0.28885436058044434 -9.483086585998535 -27.18836212158203
-0.9299780130386353 -9.118865966796875 -28.94331932067871
-0.6288411021232605 -9.209907531738281 -28.84168815612793
-0.22965657711029053 -9.166592597961426 -29.428844451904297
-0.6651419997215271 -9.460323333740234 -30.549898147583008
-0.1338065266609192 -9.48165512084961 -31.671443939208984
-0.24749892950057983 -9.620735168457031 -31.418704986572266
0.15397024154663086 -9.502388954162598 -32.444705963134766
0.4854459762573242 -9.303367614746094 -33.65439224243164
0.4955410957336426 -9.463627815246582 -33.35993576049805
0.6806187629699707 -9.502545356750488 -33.69532775878906
0.9185819625854492 -9.394631385803223 -34.524417877197266
0.9373762607574463 -9.457825660705566 -34.501258850097656
1.0142319202423096 -9.413932800292969 -34.68742752075195
0.6488317847251892 -9.454826354980469 -33.83604431152344
-0.19083285331726074 -9.747915267944336 -31.45882797241211
-0.38683629035949707 -9.749380111694336 -30.789127349853516
-0.2284490466117859 -9.577058792114258 -31.436342239379883
-0.13429182767868042 -9.63994026184082 -31.664337158203125
0.04445451498031616 -9.788432121276855 -31.764097213745117
0.35460901260375977 -9.772818565368652 -32.746490478515625
0.6839028000831604 -9.870635986328125 -33.239776611328125
1.1579034328460693 -9.766767501831055 -34.65135192871094
1.5202853679656982 -9.744160652160645 -35.476318359375
2.0373568534851074 -9.310689926147461 -37.248756408691406
1.8972309827804565 -8.662696838378906 -38.38846969604492
1.7674585580825806 -8.391091346740723 -38.8226203918457
1.8225963115692139 -8.478821754455566 -38.77340316772461
1.9975346326828003 -8.856667518615723 -38.35832595825195
2.127307653427124 -9.2976655960083 -37.723384857177734
2.165135145187378 -9.535663604736328 -37.30685043334961
2.149585723876953 -9.501495361328125 -37.31324768066406
2.1430673599243164 -9.482217788696289 -37.31386947631836
2.1397316455841064 -9.476766586303711 -37.30508804321289
2.1432199478149414 -9.453727722167969 -37.37767028808594
2.1369478702545166 -9.525288581848145 -37.222476959228516
2.14585280418396 -9.505372047424316 -37.28307342529297
2.167701005935669 -9.582688331604004 -37.207977294921875
2.147481679916382 -9.38682746887207 -37.561065673828125
2.029386520385742 -8.936264038085938 -38.29715347290039
1.769319772720337 -8.35964584350586 -38.96358871459961
1.7890636920928955 -8.395580291748047 -38.89319610595703
2.0339043140411377 -9.007105827331543 -38.08987045288086
2.139349937438965 -9.357006072998047 -37.4691276550293
1.742913007736206 -9.863203048706055 -35.881526947021484
1.5191700458526611 -9.986778259277344 -35.27077865600586
1.662337303161621 -9.841714859008789 -35.65768051147461
1.9636166095733643 -8.999604225158691 -37.68836212158203
1.4631892442703247 -7.88607120513916 -38.983489990234375
1.7950108051300049 -8.538674354553223 -38.209991455078125
1.7548673152923584 -9.498790740966797 -36.265663146972656
1.445467472076416 -9.70701789855957 -35.31830978393555
1.2953791618347168 -9.68536376953125 -34.922847747802734
1.2534759044647217 -9.625250816345215 -34.89037322998047
1.3053332567214966 -9.60169506072998 -35.054893493652344
1.3663125038146973 -9.498859405517578 -35.32365798950195
1.1437002420425415 -9.590545654296875 -34.69971466064453
1.0111292600631714 -9.641731262207031 -34.293453216552734
1.573280930519104 -9.105521202087402 -36.203826904296875
1.5505563020706177 -8.985032081604004 -36.233360290527344
1.3798388242721558 -9.045571327209473 -35.785030364990234
1.132477045059204 -9.055368423461914 -35.1517219543457
0.47174954414367676 -9.454254150390625 -33.08940887451172
0.3545624017715454 -9.391777992248535 -32.94622039794922
0.7821531891822815 -8.98801326751709 -34.34012985229492
0.8433331847190857 -8.795686721801758 -34.66427230834961
-0.008967876434326172 -9.279424667358398 -32.12065124511719
-0.5538558959960938 -9.369430541992188 -30.216495513916016
-0.6907225251197815 -9.170209884643555 -30.729923248291016
0.010213851928710938 -8.735251426696777 -32.78067398071289
-0.21814298629760742 -8.827383041381836 -32.09687423706055
-0.6696729063987732 -9.076311111450195 -29.2351131439209
-0.39129894971847534 -9.411766052246094 -27.452489852905273
-1.0553343296051025 -8.91981029510498 -29.58078384399414
-0.09314286708831787 -8.47732925415039 -32.771568298339844
-0.16719388961791992 -8.594849586486816 -32.4613037109375
-0.47504037618637085 -8.816157341003418 -29.649658203125
-1.5015709400177002 -8.804007530212402 -28.93332290649414
-0.6722555756568909 -8.412249565124512 -29.220115661621094
-1.217688798904419 -8.688740730285645 -29.456586837768555
-1.2234241962432861 -8.7769136428833 -29.152427673339844
-0.9640164971351624 -8.772189140319824 -28.88037872314453
-1.0044054985046387 -8.800146102905273 -29.079435348510742
-1.1729578971862793 -8.760199546813965 -29.987403869628906
-1.0073041915893555 -8.722175598144531 -30.462017059326172
-1.0725629329681396 -8.794382095336914 -30.05495262145996
-1.2269231081008911 -8.711535453796387 -29.654138565063477
-1.0099185705184937 -8.420215606689453 -29.191160202026367
-1.53004789352417 -8.29943561553955 -28.72382926940918
-0.9566569924354553 -8.577681541442871 -26.776538848876953
-1.5332368612289429 -9.3267822265625 -21.777271270751953
-3.2216992378234863 -9.411347389221191 -17.389890670776367
-1.8508108854293823 -8.912580490112305 -21.717370986938477
-1.480339765548706 -7.835492134094238 -27.345298767089844
-1.7507261037826538 -7.90474796295166 -28.09031867980957
-1.3737459182739258 -7.978931903839111 -27.44249725341797
-1.5937347412109375 -8.819010734558105 -22.855785369873047
-3.3218352794647217 -9.044320106506348 -17.785518646240234
-3.6320478916168213 -8.616104125976562 -16.29077911376953
-3.8607239723205566 -8.40363883972168 -16.768625259399414
-2.69338059425354 0.9426950216293335 -2.1796300411224365
-2.334127902984619 0.9535852670669556 -3.3353171348571777
-0.880511999130249 0.8051496148109436 -4.779287815093994
-0.8404290676116943 -2.5493357181549072 -11.23322582244873
-1.1408445835113525 -4.615322113037109 -13.200786590576172
-1.577052354812622 -6.46660041809082 -14.16411304473877
-0.6117967367172241 -5.097743988037109 -9.527749061584473
-0.2830011248588562 -3.187371253967285 -9.485199928283691
-0.11966583132743835 -4.256277084350586 -11.532451629638672
-3.2556746006011963 -7.577647686004639 -18.634634017944336
-3.0644044876098633 -8.23286247253418 -15.860840797424316
-3.515197992324829 -8.898527145385742 -15.869879722595215
-3.207528829574585 -9.214961051940918 -18.19118881225586
-1.550185203552246 -8.857131958007812 -22.83522605895996
-1.0810036659240723 -7.975244998931885 -28.538965225219727
-1.6907801628112793 -8.186691284179688 -28.696815490722656
-1.3609638214111328 -8.215086936950684 -27.380264282226562
-2.956493377685547 -9.768561363220215 -17.360990524291992
-1.643257737159729 -8.73572063446045 -23.072052001953125
-1.6611809730529785 -8.642318725585938 -26.216854095458984
-2.25413179397583 -10.588762283325195 -17.862476348876953
-2.665875196456909 -7.443149566650391 -14.324224472045898
-2.4615936279296875 -9.488153457641602 -19.211042404174805
-2.1977498531341553 -9.611595153808594 -19.791240692138672
-1.076281189918518 -9.302346229553223 -23.605831146240234
-0.8390148878097534 -9.142645835876465 -26.252460479736328
-0.5814306139945984 -9.269991874694824 -26.788204193115234
-1.2634464502334595 -8.963312149047852 -27.75372886657715
-0.8505300879478455 -9.998494148254395 -23.766454696655273
-0.7683447599411011 -9.641637802124023 -24.758527755737305
-0.8129239678382874 -8.901576042175293 -27.768966674804688
-0.6170324683189392 -9.119060516357422 -27.92428207397461
-0.7260178327560425 -8.857599258422852 -29.040332794189453
-0.9489434361457825 -9.053651809692383 -28.965784072875977
-0.7061248421669006 -9.044873237609863 -28.725027084350586
-0.8294597864151001 -9.030021667480469 -28.589805603027344
-0.8609440922737122 -9.261613845825195 -27.487567901611328
-0.7062298059463501 -9.780782699584961 -25.392902374267578
-0.692478597164154 -10.056721687316895 -23.575706481933594
-0.21043992042541504 -9.727554321289062 -26.15310287475586
-0.7101996541023254 -8.987545013427734 -30.95537567138672
-0.49426859617233276 -9.213350296020508 -31.169755935668945
-0.4596173167228699 -9.392181396484375 -31.176713943481445
-0.3586694002151489 -9.647939682006836 -30.720630645751953
0.5407877564430237 -9.452070236206055 -33.44633102416992
1.6536359786987305 -9.12581729888916 -36.4363899230957
1.8830459117889404 -9.090188026428223 -37.12743377685547
1.9388540983200073 -9.283710479736328 -36.977874755859375
1.5396528244018555 -9.677002906799316 -35.63384246826172
1.1644399166107178 -9.901851654052734 -34.60662078857422
0.875810444355011 -10.11639404296875 -33.67281723022461
1.0972273349761963 -10.108953475952148 -34.117008209228516
2.0181822776794434 -9.321866989135742 -37.18059539794922
1.9372777938842773 -8.843650817871094 -38.06877136230469
2.0352816581726074 -9.092292785644531 -37.79208755493164
2.119978427886963 -9.543008804321289 -37.13444900512695
2.128554105758667 -9.48879623413086 -37.267765045166016
2.1009111404418945 -9.333145141601562 -37.52775192260742
1.9926332235336304 -8.90817642211914 -38.219791412353516
1.9500820636749268 -8.791529655456543 -38.367618560791016
1.998119592666626 -8.914880752563477 -38.25082015991211
2.0566561222076416 -9.0621337890625 -38.040679931640625
2.1319799423217773 -9.346989631652832 -37.58567428588867
2.1666452884674072 -9.492355346679688 -37.36036682128906
2.1454291343688965 -9.499397277832031 -37.29963684082031
2.144493579864502 -9.524569511413574 -37.26547622680664
2.126406192779541 -9.31309986114502 -37.649051666259766
2.1185097694396973 -9.184950828552246 -37.9742546081543
1.9695568084716797 -8.71905517578125 -38.68486404418945
1.498939871788025 -7.883378982543945 -39.66819381713867
1.238692045211792 -7.484375 -40.15473937988281
1.0720897912979126 -7.257569313049316 -40.465049743652344
1.0579230785369873 -7.240513801574707 -40.53401565551758
1.1718910932540894 -7.393978118896484 -40.387996673583984
1.366015076637268 -7.670799255371094 -40.11638641357422
1.3207345008850098 -7.602727890014648 -40.1326904296875
1.3639426231384277 -7.668002128601074 -40.06014633178711
1.3916220664978027 -7.709775447845459 -39.98762130737305
1.2810676097869873 -7.542854309082031 -40.093055725097656
1.2556910514831543 -7.512380599975586 -40.03371810913086
1.3804724216461182 -7.696574687957764 -39.758426666259766
1.6967265605926514 -8.234824180603027 -39.10676956176758
2.031964063644409 -8.998096466064453 -38.05183410644531
2.0507473945617676 -9.11436939239502 -37.65308380126953
1.5359902381896973 -9.789148330688477 -35.42823791503906
0.8894997835159302 -9.931245803833008 -33.56763458251953
0.6325816512107849 -9.252270698547363 -33.8519287109375
-0.3082934617996216 -9.208463668823242 -31.48001480102539
-0.2907527685165405 -10.247260093688965 -25.443561553955078
-2.0135080814361572 -10.981106758117676 -14.440242767333984
-1.4867582321166992 -9.816023826599121 -16.812158584594727
-1.3974354267120361 -8.015364646911621 -30.41653823852539
-0.6966056823730469 -7.967992782592773 -29.48685646057129
-1.528944969177246 -9.45132064819336 -20.846393585205078
-2.436424493789673 -8.981382369995117 -20.128570556640625
-3.1591806411743164 -10.273715019226074 -14.298481941223145
-1.1486989259719849 -2.157543420791626 -4.797139644622803
-0.8633809685707092 -2.160900831222534 -7.165813446044922
-3.262862205505371 -8.042961120605469 -17.580081939697266
-1.2350139617919922 -8.29336166381836 -24.45002555847168
-2.094107151031494 -9.19610595703125 -19.683683395385742
-1.7912317514419556 -8.562396049499512 -19.319032669067383
-2.450692653656006 -5.0846452713012695 -14.74769115447998
-2.049558162689209 -4.77395486831665 -13.8316650390625
-2.328261375427246 -6.473347187042236 -15.186018943786621
-2.940469741821289 -7.296084403991699 -20.190723419189453
-1.4719951152801514 -6.95981502532959 -28.695175170898438
-1.062657356262207 -7.363823413848877 -28.398271560668945
-0.9038997888565063 -7.677083969116211 -29.614103317260742
-1.104317545890808 -7.658626556396484 -31.00874137878418
-0.8637638688087463 -7.589616298675537 -29.73929214477539
-1.2081549167633057 -7.1002936363220215 -28.155305862426758
-2.322645902633667 -7.5615973472595215 -21.0244197845459
-2.4404067993164062 -5.454217433929443 -17.448871612548828
-3.002615451812744 -7.204850196838379 -19.476062774658203
-2.2427241802215576 -4.892805099487305 -16.684688568115234
-2.770111083984375 -6.450527667999268 -17.866518020629883
-2.6669769287109375 -7.96961784362793 -19.674774169921875
-1.51444411277771 -7.99852180480957 -23.76480484008789
-1.4211992025375366 -8.22118091583252 -23.547321319580078
-2.4801366329193115 -8.237448692321777 -19.698165893554688
-1.632622241973877 -7.8106584548950195 -23.48137855529785
-1.6902613639831543 -7.378673553466797 -23.79236602783203
-2.856870174407959 -7.102006912231445 -18.787168502807617
-2.054163932800293 -6.756528377532959 -18.049579620361328
-0.6126750707626343 0.1144440621137619 -6.126774311065674
-1.0387485027313232 1.0289831161499023 -4.343705654144287
-0.8196719288825989 1.04678475856781 -4.984425067901611
-0.9383780360221863 0.905536949634552 -3.842344284057617
-1.0498871803283691 0.950408399105072 -3.342799186706543
-0.9705289006233215 1.3780688047409058 -4.758474349975586
0.002093270421028137 0.5619938373565674 -5.8063764572143555
-0.7684769630432129 1.2267770767211914 -4.71539306640625
-1.197750449180603 1.2774319648742676 -4.124773025512695
-0.5330354571342468 0.8547390699386597 -4.173006534576416
-1.043961524963379 1.1811431646347046 -4.999565601348877
0.0775996744632721 0.7796139717102051 -6.008141994476318
-2.5886120796203613 1.3310623168945312 -2.371054172515869
-2.7597877979278564 1.205034613609314 -2.6275365352630615
-2.052595615386963 1.2692196369171143 -3.859060764312744
-2.698951005935669 1.1218376159667969 -2.3358139991760254
-2.3702166080474854 1.7049024105072021 -4.084649085998535
-2.281219482421875 2.0861058235168457 -5.021002769470215
-2.3293063640594482 2.2318649291992188 -5.487602233886719
-2.0672574043273926 1.836948037147522 -4.657042503356934
-2.1367650032043457 1.87191903591156 -3.983046293258667
-2.2473275661468506 2.137598752975464 -4.705514907836914
-1.7653151750564575 2.1860973834991455 -5.229292869567871
-1.2315210103988647 1.3705238103866577 -5.7538957595825195
-0.5223432779312134 0.06900063157081604 -6.8925299644470215
-2.9959685802459717 -7.310937404632568 -21.671100616455078
-0.9515361785888672 -5.036837577819824 -14.323864936828613
-0.2604636251926422 -1.784262776374817 -8.178709983825684
0.07601043581962585 -1.226832628250122 -6.311408996582031
-1.1361629962921143 1.2024412155151367 -4.833436489105225
-1.5740437507629395 0.6218108534812927 -2.3097097873687744
-1.1012927293777466 -0.32043519616127014 -1.4050556421279907
-1.4535950422286987 -0.06842127442359924 -1.186023235321045
-1.1239049434661865 0.1264825016260147 -2.4583377838134766
-0.2812865078449249 -0.3133043944835663 -4.573460578918457
-0.7626029253005981 -1.9345512390136719 -7.145667552947998
-1.067133903503418 -4.557941913604736 -12.404902458190918
-2.652594566345215 -7.356880187988281 -16.639251708984375
-2.9006166458129883 -6.840295791625977 -15.141944885253906
-2.0759389400482178 -8.99674129486084 -20.690256118774414
-1.3147969245910645 -8.46473503112793 -29.27216911315918
-0.9470836520195007 -8.870882034301758 -30.532032012939453
-0.8677056431770325 -9.069633483886719 -30.349361419677734
-0.9457055926322937 -9.211875915527344 -29.812583923339844
-1.0284044742584229 -9.239652633666992 -29.1995906829834
-0.8468095660209656 -9.082837104797363 -28.76494789123535
-0.39415043592453003 -9.903975486755371 -25.29257583618164
-0.7118486166000366 -9.87466812133789 -24.31968879699707
-0.2472652792930603 -8.515475273132324 -29.13066864013672
-1.0098509788513184 -9.171570777893066 -29.543672561645508
-0.10984998941421509 -9.049498558044434 -30.038509368896484
-0.4147907495498657 -9.070988655090332 -31.449430465698242
-0.371609628200531 -9.181358337402344 -31.51592445373535
-0.47410356998443604 -9.427194595336914 -30.9147891998291
0.1283053755760193 -9.140079498291016 -32.723976135253906
0.5081597566604614 -8.801783561706543 -34.13264465332031
-0.12137067317962646 -9.143494606018066 -31.869050979614258
-1.201485514640808 -9.228311538696289 -29.258670806884766
-0.6794766187667847 -9.993913650512695 -23.113672256469727
-1.7283159494400024 -9.509623527526855 -20.11516761779785
-0.7296772003173828 -9.367819786071777 -24.738197326660156
-0.5226708054542542 -9.570849418640137 -25.626195907592773
-0.18801230192184448 -9.364995002746582 -27.75242805480957
-0.4322289228439331 -9.202483177185059 -31.099472045898438
0.9375803470611572 -8.638748168945312 -35.23026657104492
1.3150537014007568 -8.647555351257324 -36.0998649597168
1.061311960220337 -9.144350051879883 -35.01734161376953
0.7935811877250671 -9.341767311096191 -34.02635955810547
1.2445348501205444 -8.686226844787598 -35.91628646850586
0.5735583305358887 -8.831416130065918 -34.232574462890625
-0.4344344139099121 -9.456172943115234 -30.038232803344727
-0.2488555908203125 -10.105135917663574 -23.1151180267334
-1.5430898666381836 -8.68024730682373 -29.561555862426758
-1.8555583953857422 -8.679837226867676 -21.496902465820312
-3.2475695610046387 -4.735387802124023 -10.838136672973633
-1.1526885032653809 -2.2557332515716553 -6.416222095489502
-1.2749371528625488 -3.834620475769043 -10.22685432434082
-1.7450388669967651 -7.3725266456604 -21.49665641784668
-1.2128292322158813 -7.681881904602051 -31.13658332824707
-1.1512627601623535 -10.602476119995117 -19.94434928894043
-0.6716276407241821 -4.846808433532715 -6.365496635437012
-1.5712988376617432 -3.022951364517212 -5.853362083435059
-2.136892795562744 -4.088663101196289 -10.899388313293457
-2.7111258506774902 -5.4579668045043945 -11.631009101867676
-2.77736759185791 -3.1590089797973633 -6.155430316925049
-2.559842824935913 -3.899320125579834 -5.291101455688477
-1.8816351890563965 -4.705788612365723 -5.772368431091309
-1.4545530080795288 -9.117762565612793 -18.208160400390625
-0.5191179513931274 -8.772500991821289 -30.9473876953125
0.9745702147483826 -7.514148235321045 -37.15515899658203
0.45273178815841675 -6.366107940673828 -39.18368911743164
1.2186977863311768 -7.735012054443359 -37.994163513183594
1.2999958992004395 -8.754759788513184 -35.953155517578125
0.38626527786254883 -9.354645729064941 -32.54567337036133
0.012733936309814453 -9.047811508178711 -32.72217559814453
-0.1450304388999939 -9.28829574584961 -30.528078079223633
-0.9850183129310608 -9.615771293640137 -28.921262741088867
-0.7462545037269592 -9.189727783203125 -30.215930938720703
-1.377814769744873 -9.164151191711426 -29.36768341064453
0.1478574275970459 -9.044440269470215 -24.307844161987305
0.32471394538879395 -8.242502212524414 -34.13798522949219
0.38271015882492065 -8.171929359436035 -34.14142608642578
-1.2643378973007202 -8.573633193969727 -30.263185501098633
-2.736147880554199 -5.60616397857666 -10.94698715209961
-2.376204252243042 -5.3633880615234375 -12.759416580200195
-2.0472981929779053 -2.9889533519744873 -10.54306411743164
-1.450984001159668 -7.778977870941162 -23.08755874633789
-0.27659672498703003 -7.443790435791016 -33.31757736206055
-0.7325085401535034 -8.944655418395996 -24.136648178100586
-1.1662975549697876 -7.340973377227783 -16.60188865661621
-1.8235151767730713 -7.033152103424072 -25.015716552734375
-2.7637925148010254 -8.60705280303955 -18.733074188232422
-0.3734762668609619 -2.564086675643921 -5.918604850769043
-1.1460450887680054 -0.372221440076828 -2.7528231143951416
-1.1171928644180298 0.24588759243488312 -3.1840312480926514
-0.9907768964767456 0.23538362979888916 -3.1288278102874756
-1.1489890813827515 -0.08405988663434982 -2.439600706100464
-1.2585301399230957 -0.21009165048599243 -4.952118873596191
-0.824285626411438 0.04971244931221008 -4.185407638549805
-0.2529769539833069 -2.264866590499878 -7.3758673667907715
-0.6698053479194641 -0.5421255826950073 -2.648778200149536
-0.9889415502548218 0.30677610635757446 -2.3623924255371094
-0.9761374592781067 0.1523151695728302 -2.572455406188965
-1.4921952486038208 0.6431894898414612 -2.178065061569214
-1.6792926788330078 0.5309812426567078 -2.061298131942749
-1.301504373550415 0.4089851379394531 -2.297030448913574
-1.0856109857559204 0.2354588806629181 -2.245933771133423
-1.2287589311599731 1.0469340085983276 -3.127027988433838
-1.2079640626907349 0.6122534275054932 -2.6907145977020264
-1.3943424224853516 0.6309110522270203 -2.0685954093933105
-0.7476292252540588 0.33663028478622437 -3.7477195262908936
-0.4255671203136444 -1.0808806419372559 -2.1735949516296387
-1.025468349456787 -0.7650296092033386 -1.9311774969100952
-0.7003535032272339 -0.15409164130687714 -1.8749982118606567
0.5625312924385071 -5.716675281524658 -14.512701988220215
0.24170523881912231 -5.4515604972839355 -15.034807205200195
-0.011339724063873291 -7.697300910949707 -20.763656616210938
-0.9214104413986206 0.339305579662323 -3.7629828453063965
-1.1995651721954346 0.8162034749984741 -2.705955743789673
-1.9676183462142944 1.3599841594696045 -2.9763195514678955
-2.1489570140838623 1.1952557563781738 -2.6227428913116455
-1.5918620824813843 1.556425929069519 -3.6538939476013184
-2.3235158920288086 1.5210373401641846 -3.4029057025909424
-2.0113964080810547 2.068230390548706 -4.4845099449157715
-2.2523434162139893 1.7907952070236206 -3.8991878032684326
-2.044084072113037 1.6214826107025146 -3.86755633354187
-2.310920000076294 1.559244155883789 -3.4092321395874023
-2.0299642086029053 1.6489242315292358 -3.6512482166290283
-2.368072271347046 1.94291090965271 -5.490756511688232
0.25948962569236755 -0.8787966966629028 -2.224821090698242
0.894372284412384 -1.2810704708099365 -5.856104373931885
-0.044489651918411255 -0.9800105094909668 -7.011487007141113
-0.8942928910255432 0.8179768919944763 -3.4658823013305664
-2.1187703609466553 1.099010944366455 -3.427788257598877
-1.3709641695022583 1.253149151802063 -4.076998710632324
-0.25646209716796875 0.14771267771720886 -5.811990737915039
-0.024698957800865173 -1.0983564853668213 -6.41416597366333
-2.3690237998962402 0.9424822330474854 -2.2379870414733887
-0.944709062576294 -0.6664819121360779 -1.4822015762329102
-2.5952460765838623 0.7501914501190186 -2.1777946949005127
-2.2947163581848145 0.022341035306453705 -1.0092538595199585
-2.276388645172119 0.02340026944875717 -1.0259004831314087
-1.584195613861084 0.6825960278511047 -2.12337327003479
-0.969673216342926 -0.19300594925880432 -1.5398155450820923
0.07990182191133499 -0.8915756940841675 -3.555927276611328
-0.5436154007911682 -3.4948551654815674 -7.3695068359375
-1.0922479629516602 -7.747434616088867 -14.938380241394043
0.10965414345264435 -3.2358689308166504 -8.032462120056152
-0.21083861589431763 -4.7745137214660645 -11.73577880859375
-0.7647208571434021 -5.350849628448486 -14.440537452697754
-0.9959207773208618 -1.5706595182418823 -7.2261271476745605
-0.4640258252620697 -1.331891655921936 -6.581459045410156
-0.052897363901138306 -3.8015623092651367 -10.336420059204102
-0.26814818382263184 -1.7850830554962158 -6.743520259857178
-1.3185441493988037 -4.019087314605713 -13.287416458129883
-3.4557838439941406 -8.15977954864502 -17.693302154541016
-3.5245347023010254 -8.571998596191406 -17.375782012939453
-2.8726806640625 -8.143132209777832 -15.773375511169434
-2.3160929679870605 -7.313623905181885 -16.075843811035156
-1.5258610248565674 -5.284369468688965 -11.194314956665039
-1.6430275440216064 -6.382536888122559 -13.612651824951172
-1.4096670150756836 -5.98281192779541 -11.763436317443848
-0.947643518447876 -4.2684197425842285 -7.690581798553467
-0.30747881531715393 -1.67938232421875 -3.8878254890441895
-1.047425389289856 -0.8302575349807739 -2.039318084716797
-1.0245426893234253 -0.5957120656967163 -2.6602425575256348
-0.29999518394470215 -2.7162766456604004 -5.837283611297607
-1.9968807697296143 -6.953751087188721 -14.398824691772461
-1.2760053873062134 -6.139525413513184 -14.087610244750977
-1.1753463745117188 -8.833559036254883 -23.019329071044922
-1.4440252780914307 -8.759004592895508 -22.671533584594727
-0.8282886147499084 -8.417670249938965 -27.244338989257812
-0.5184805989265442 -8.966959953308105 -26.079723358154297
-0.2973240613937378 -8.669203758239746 -27.887161254882812
-0.9800850749015808 -8.888055801391602 -28.923442840576172
-0.25959551334381104 -9.302148818969727 -25.97015380859375
-0.6894589066505432 -9.076273918151855 -30.251953125
-0.9096042513847351 -8.848503112792969 -30.672618865966797
-0.6654031872749329 -10.447652816772461 -23.841176986694336
-2.279271125793457 -6.717409610748291 -10.075968742370605
-2.096036672592163 -9.081010818481445 -18.31376075744629
-0.42026883363723755 -8.468779563903809 -31.07828140258789
1.0015290975570679 -7.6439528465271 -36.77837371826172
1.2984418869018555 -8.147001266479492 -36.781375885009766
0.5847154259681702 -8.872087478637695 -34.11454391479492
-0.44774991273880005 -8.901067733764648 -31.65062141418457
-0.9684106707572937 -10.49105167388916 -21.45786476135254
-1.216270089149475 -4.499889850616455 -6.060060977935791
-1.084869146347046 -4.954345703125 -6.215759754180908
0.08544722199440002 -8.015007019042969 -16.108089447021484
-0.018177270889282227 -8.304370880126953 -33.34819030761719
0.7313989996910095 -8.385805130004883 -34.97504425048828
0.235326886177063 -8.965466499328613 -33.145442962646484
-0.30907899141311646 -9.106905937194824 -31.56748390197754
-1.3390322923660278 -9.048650741577148 -28.839365005493164
-2.276287794113159 -10.846961975097656 -15.249588012695312
-1.089415431022644 -4.839354991912842 -7.180061340332031
-3.7909834384918213 -9.858270645141602 -14.637956619262695
-2.983102560043335 -7.459575176239014 -13.235143661499023
-3.3349111080169678 -5.755300521850586 -10.607556343078613
-2.100296974182129 -3.5258865356445312 -4.416383743286133
-1.2698659896850586 -3.1716041564941406 -6.357362747192383
-3.337860345840454 -8.096846580505371 -16.548744201660156
-1.438027262687683 -7.883568286895752 -20.921537399291992
-3.5276260375976562 -5.99507474899292 -16.982521057128906
-2.3330860137939453 -3.476482391357422 -12.52925968170166
-1.7137258052825928 -3.426985502243042 -9.433303833007812
-3.0168075561523438 -9.046712875366211 -15.6566801071167
-3.2587215900421143 -3.0235652923583984 -8.047372817993164
-0.13726860284805298 -3.9715936183929443 -11.285449981689453
-1.6391390562057495 -7.145585060119629 -29.68657112121582
-2.2727439403533936 -7.803395748138428 -27.959510803222656
-2.937959671020508 -5.848600387573242 -8.371315956115723
-1.6429566144943237 -3.547628402709961 -4.592423439025879
0.2670266032218933 -3.560800075531006 -6.381119728088379
-2.6901211738586426 -10.151495933532715 -16.465625762939453
-2.589755058288574 -6.151885032653809 -7.913804054260254
-0.40826961398124695 -3.0175247192382812 -2.002459764480591
-1.2564697265625 -0.3482993245124817 -3.002986431121826
-0.6559848785400391 -0.39290428161621094 -3.4029483795166016
-1.2579468488693237 0.33268648386001587 -4.838057994842529
-0.535865843296051 0.06361672282218933 -3.4381961822509766
-0.9168592691421509 0.4108012616634369 -2.9821767807006836
-1.084632158279419 0.6727849245071411 -3.0014028549194336
-0.9712417721748352 0.5278308987617493 -2.8304455280303955
-1.357053279876709 0.9748823046684265 -3.149568557739258
-1.410224437713623 0.9733020067214966 -2.9116415977478027
-1.3830125331878662 1.0521386861801147 -3.074455499649048
-1.2846423387527466 1.035664439201355 -3.1667656898498535
-1.1813347339630127 0.9814794063568115 -3.283879518508911
-1.6717309951782227 1.5033245086669922 -3.307630777359009
-2.0706663131713867 1.3739651441574097 -2.8920459747314453
-1.9517898559570312 1.1040574312210083 -2.313286781311035
-1.6468459367752075 1.598961353302002 -3.3480594158172607
-1.573728322982788 1.2138035297393799 -3.5781240463256836
-1.882507562637329 1.6405787467956543 -3.7914352416992188
-1.4157335758209229 1.1853283643722534 -3.7517812252044678
-1.6674001216888428 1.25087571144104 -3.6475841999053955
-2.117159366607666 1.6241843700408936 -3.222315788269043
-1.9491933584213257 0.8515656590461731 -2.016695499420166
-2.0002832412719727 1.1128814220428467 -2.8139562606811523
-2.0221612453460693 1.087562084197998 -2.9220130443573
-1.655730962753296 1.2237818241119385 -3.7181801795959473
-0.996740460395813 1.1271634101867676 -4.297555446624756
-0.38606390357017517 -1.8779469728469849 -9.078384399414062
1.2464184761047363 -2.6849381923675537 -8.01750373840332
-0.7766780853271484 0.13400185108184814 -2.8191258907318115
-0.5672850012779236 0.2706151008605957 -3.0303211212158203
-0.7876417636871338 0.8389583826065063 -4.0916523933410645
-1.4591540098190308 1.379105567932129 -4.062170028686523
-0.9166093468666077 1.126974105834961 -3.564460277557373
-2.3803482055664062 1.6696083545684814 -3.4416656494140625
-2.269979238510132 1.566733717918396 -3.7785890102386475
-2.2701284885406494 1.3875163793563843 -3.4316325187683105
-2.0905120372772217 1.008415937423706 -2.9892241954803467
-1.9148297309875488 1.0581395626068115 -3.193922758102417
-1.9228036403656006 1.520202875137329 -3.9014103412628174
-1.8840525150299072 1.571470856666565 -4.276289939880371
-2.096950054168701 1.7826547622680664 -4.440315246582031
-2.2896530628204346 1.609168291091919 -3.727710247039795
-2.6751575469970703 1.4631718397140503 -3.0718884468078613
-2.43664813041687 1.4820189476013184 -3.2551424503326416
-2.1973981857299805 1.9665629863739014 -4.416084289550781
-2.304621458053589 1.9124115705490112 -4.272421836853027
-2.5520811080932617 2.056688070297241 -4.25112771987915
-2.3751211166381836 1.7608202695846558 -4.213413238525391
-2.2019166946411133 -7.417064666748047 -17.978723526000977
-1.8376343250274658 -5.888467311859131 -17.566259384155273
-1.436984896659851 -4.2895355224609375 -15.482620239257812
-0.8249359726905823 -4.313323497772217 -13.246667861938477
0.5699683427810669 -1.6891199350357056 -4.970794677734375
0.9878169894218445 -3.2816262245178223 -11.85379695892334
-0.725302517414093 -6.462958335876465 -19.082271575927734
0.0663892924785614 -3.8306243419647217 -9.158700942993164
1.113686203956604 -1.865304708480835 -4.555318832397461
0.14547720551490784 -1.0454659461975098 -1.177688479423523
-2.0837833881378174 -0.5977739095687866 -0.3499397337436676
-1.285140037536621 -0.1926119327545166 -1.199276089668274
-1.293373942375183 0.9819173216819763 -3.793745994567871
-0.6030197143554688 0.9284619688987732 -4.894283771514893
-0.7278308868408203 0.48329073190689087 -6.825772762298584
-0.4097810983657837 0.22254523634910583 -5.061455249786377
-0.5348612666130066 -1.1634893417358398 -8.116240501403809
-2.6645264625549316 -7.379043102264404 -19.88431739807129
-1.237354040145874 -8.412888526916504 -23.91558265686035
-1.6169302463531494 -7.805072784423828 -28.34235954284668
-1.8004543781280518 -10.260056495666504 -19.27542495727539
-2.4902291297912598 -8.761966705322266 -15.433402061462402
-0.43095946311950684 -2.65509033203125 -4.444309711456299
-1.1579362154006958 -4.449869155883789 -9.861944198608398
-1.874988317489624 -8.367634773254395 -20.01016616821289
0.4303660988807678 -7.698528289794922 -34.87569046020508
0.7397890686988831 -7.939051151275635 -35.420074462890625
0.0032424330711364746 -8.977007865905762 -31.08370018005371
-0.741558313369751 -8.982182502746582 -30.895164489746094
-1.3262889385223389 -9.015207290649414 -29.716476440429688
-1.0578221082687378 -8.932754516601562 -28.003162384033203
-0.8702579736709595 -9.739897727966309 -23.070775985717773
-1.5760467052459717 -8.829249382019043 -27.87885284423828
-0.6519545316696167 -9.784860610961914 -24.837507247924805
-2.7647864818573 -10.12920093536377 -17.98924446105957
-2.2606911659240723 -10.807574272155762 -17.47943878173828
-3.0116384029388428 -9.156885147094727 -13.692391395568848
-2.8404951095581055 -8.243880271911621 -13.71502685546875
-3.062190055847168 -9.47594165802002 -14.748872756958008
-1.3223663568496704 -9.620216369628906 -21.937435150146484
-1.0134565830230713 -8.633015632629395 -29.24226188659668
-0.9273532629013062 -8.883842468261719 -30.233678817749023
-1.1038227081298828 -8.871538162231445 -29.61074447631836
-1.0160945653915405 -9.044750213623047 -26.134532928466797
-3.124026298522949 -9.325568199157715 -14.195083618164062
-1.625364065170288 -6.523053169250488 -16.901071548461914
-1.5801734924316406 -1.034501075744629 -10.030878067016602
-0.6685950756072998 -0.15174728631973267 -5.805572509765625
-0.8645979166030884 -0.45678868889808655 -4.553378105163574
-0.813172459602356 -2.3722095489501953 -5.658103942871094
-1.9523403644561768 -5.903930187225342 -13.022358894348145
-2.6639606952667236 -8.88602066040039 -18.1386775970459
-1.0639808177947998 -9.082866668701172 -23.140064239501953
-0.6281251907348633 -8.327136039733887 -28.50914764404297
-0.6901834607124329 -8.584729194641113 -29.610027313232422
-0.39286279678344727 -8.646434783935547 -29.816980361938477
-0.4496716260910034 -8.784382820129395 -29.979368209838867
-0.37063783407211304 -8.849242210388184 -30.751100540161133
-0.24643653631210327 -8.773789405822754 -31.755266189575195
-0.7304809093475342 -8.84007740020752 -30.90216064453125
-0.26679402589797974 -8.085326194763184 -29.656831741333008
-1.1268000602722168 -8.459661483764648 -30.08344078063965
-0.5133434534072876 -7.940186023712158 -29.13707160949707
-0.2635933756828308 -9.288580894470215 -26.279394149780273
-0.3688649535179138 -8.624895095825195 -23.593019485473633
-1.957350254058838 -8.573030471801758 -27.863521575927734
-1.629859447479248 -7.988148212432861 -17.792293548583984
-0.768045961856842 -7.472474098205566 -28.63241958618164
-0.09996503591537476 -7.6745429039001465 -33.724246978759766
-0.6042494177818298 -7.700994491577148 -30.450265884399414
-3.1679515838623047 -5.86722993850708 -16.060768127441406
-1.5111846923828125 -3.090278148651123 -9.906744003295898
-1.1864051818847656 -1.445326566696167 -5.810731410980225
-1.652443528175354 -2.4453933238983154 -6.366031646728516
-1.7042559385299683 -2.352243661880493 -5.169305801391602
-0.4970248341560364 -3.2318758964538574 -8.924004554748535
-2.018270969390869 -7.56167459487915 -21.81343650817871
-1.3758225440979004 -7.448154449462891 -29.764162063598633
-1.835756778717041 -7.7696428298950195 -28.242908477783203
-3.191070079803467 -9.65080451965332 -13.858393669128418
-1.0301085710525513 -4.63914155960083 -2.1683480739593506
-2.09383487701416 -5.854142665863037 0.08653461933135986
-0.807019829750061 -5.79436731338501 1.046736717224121
-0.5003860592842102 -5.267711639404297 0.8280155658721924
-1.8901169300079346 -6.0598649978637695 -0.457690954208374
-0.40690165758132935 -4.6293559074401855 -0.38886940479278564
-1.781812310218811 -6.638739585876465 -1.7362784147262573
-1.1759450435638428 -5.046170711517334 -2.0846269130706787
0.4886270761489868 -6.184774398803711 -9.763154983520508
-1.8239006996154785 -7.767062187194824 -29.626819610595703
-0.7967818379402161 -7.713712692260742 -31.837383270263672
-0.8159205317497253 -8.086854934692383 -27.439870834350586
-2.8325700759887695 -5.632152557373047 -13.619102478027344
-0.9209786057472229 -0.940314531326294 -6.54612398147583
-1.0650038719177246 -5.879249095916748 -21.783405303955078
-1.2603108882904053 -1.8886464834213257 -10.714513778686523
-1.4084919691085815 0.24647781252861023 -3.579204559326172
-1.4248862266540527 0.6999180316925049 -2.8468382358551025
-1.4468544721603394 1.1401128768920898 -3.058839797973633
-1.469819188117981 1.2567858695983887 -3.2603096961975098
-1.6663024425506592 1.5421854257583618 -3.4011313915252686
-1.663038730621338 1.523859977722168 -3.4263923168182373
-1.3880823850631714 1.347334384918213 -3.5486974716186523
-1.749975562095642 1.7839127779006958 -3.6054606437683105
-1.3951356410980225 1.4004149436950684 -3.4292449951171875
-1.3912992477416992 1.4312174320220947 -3.493236541748047
-1.5358527898788452 1.6319162845611572 -3.529184341430664
-1.6317650079727173 1.618500828742981 -3.638399600982666
-1.5011541843414307 1.3554576635360718 -3.507280111312866
-1.477806806564331 1.6748520135879517 -3.9575257301330566
-1.7773637771606445 1.5973509550094604 -3.7743701934814453
-1.8665071725845337 1.7233076095581055 -3.6929736137390137
-1.9462541341781616 1.6394816637039185 -3.7041215896606445
-1.6728473901748657 1.253639578819275 -3.7607364654541016
-2.1228268146514893 1.8485382795333862 -3.8845627307891846
-2.2171554565429688 0.823920726776123 -2.5563602447509766
-1.47793447971344 1.2663174867630005 -3.557673215866089
-1.6809805631637573 1.6160978078842163 -3.892674446105957
-1.5750846862792969 1.951121211051941 -4.211581230163574
-1.6095390319824219 1.6821601390838623 -4.132562637329102
-1.3322694301605225 0.9274524450302124 -3.444798469543457
-0.23010742664337158 1.1245527267456055 -6.473248481750488
-1.5424697399139404 1.1448253393173218 -3.4920248985290527
-2.0139405727386475 1.6450200080871582 -3.9404141902923584
-2.082510471343994 1.5627236366271973 -3.998591423034668
-2.374140739440918 1.3900890350341797 -3.2584586143493652
-2.6213555335998535 1.0608339309692383 -2.281914234161377
-2.488537073135376 1.4903202056884766 -3.407423496246338
-1.319948434829712 1.4951597452163696 -4.370936393737793
-2.1464786529541016 1.2111846208572388 -3.1925888061523438
-1.8782811164855957 1.2706282138824463 -3.423475980758667
-2.198185920715332 1.75868558883667 -4.04742431640625
-2.0086770057678223 1.8647849559783936 -4.014155864715576
-2.3382067680358887 1.6531215906143188 -3.6930088996887207
-1.984588384628296 0.4816455543041229 -1.5714328289031982
-1.974089503288269 1.0214587450027466 -2.107353925704956
-1.3027684688568115 -0.4754541218280792 -1.0314080715179443
-1.4071868658065796 -6.692852020263672 -18.553680419921875
-3.545360565185547 -8.346610069274902 -17.091941833496094
-1.4358973503112793 -8.932196617126465 -22.56372833251953
-1.6442570686340332 -9.789022445678711 -20.330913543701172
-3.173581600189209 -8.591690063476562 -14.807107925415039
-3.7319588661193848 -8.593481063842773 -15.962915420532227
-1.8101632595062256 -6.762890338897705 -14.003229141235352
-2.3663907051086426 -7.294020652770996 -15.976133346557617
-2.420795202255249 -6.825419902801514 -15.07152271270752
-2.4785356521606445 -6.7785162925720215 -17.380517959594727
-0.9197758436203003 -5.551331520080566 -9.230603218078613
-1.6905478239059448 -0.038496315479278564 -1.2017544507980347
-1.553194284439087 -0.26425299048423767 -1.07815682888031
-1.8563379049301147 0.16228070855140686 -1.3880693912506104
-1.6471670866012573 0.1339244246482849 -1.984255313873291
-1.541502833366394 0.4437917470932007 -2.3934898376464844
-1.6131693124771118 0.9232260584831238 -3.499462366104126
0.1869068443775177 -2.792757272720337 -12.818620681762695
-1.8561108112335205 -7.4523725509643555 -29.809871673583984
-1.592132568359375 -10.521382331848145 -18.01386260986328
-0.3860004246234894 -2.018861770629883 -3.541348695755005
-0.13099411129951477 -1.0532457828521729 -4.980146408081055
0.2010686695575714 -1.3486160039901733 -4.35037899017334
-1.195709228515625 -0.555675208568573 -1.8765968084335327
-0.47733646631240845 -0.5734203457832336 -5.201531410217285
-0.9462868571281433 -3.02938175201416 -7.964339733123779
-2.6173200607299805 -7.657140254974365 -16.651493072509766
-2.399073600769043 -7.914787292480469 -21.434526443481445
-2.3632469177246094 -7.486945629119873 -28.136598587036133
-2.622065782546997 -8.660994529724121 -14.162217140197754
0.11947643756866455 -3.140641212463379 -10.76564884185791
-3.1596922874450684 -8.012861251831055 -17.651283264160156
-2.2986819744110107 -7.920804977416992 -17.918041229248047
0.27530062198638916 -7.725606441497803 -34.565738677978516
0.9508263468742371 -7.810436248779297 -36.07761764526367
-0.040597736835479736 -9.06591510772705 -32.23969268798828
-0.5012629628181458 -9.30461597442627 -30.66893768310547
-0.9066107273101807 -9.124515533447266 -30.4793701171875
-0.975307047367096 -9.368135452270508 -28.680957794189453
-1.2140332460403442 -9.24382209777832 -29.016645431518555
-0.5371128916740417 -9.072879791259766 -31.097055435180664
0.12553244829177856 -9.052526473999023 -32.76842498779297
0.5619630217552185 -8.99931526184082 -34.018035888671875
0.5486045479774475 -9.02273178100586 -33.983924865722656
0.31541240215301514 -9.1535062789917 -33.068904876708984
-0.009244859218597412 -9.147897720336914 -32.43873977661133
-0.7444046139717102 -9.346510887145996 -30.522899627685547
-0.32222020626068115 -9.401520729064941 -29.732467651367188
-0.3309391140937805 -9.369701385498047 -30.98180389404297
0.8085511326789856 -8.824138641357422 -34.67902755737305
1.3764948844909668 -8.685279846191406 -36.20228958129883
1.1781976222991943 -9.09188175201416 -35.322296142578125
0.6477360725402832 -9.302528381347656 -33.788307189941406
0.37459731101989746 -9.099207878112793 -33.52811050415039
-0.015030145645141602 -9.065671920776367 -32.17827606201172
-1.3280291557312012 -9.168097496032715 -29.28567886352539
-1.169747233390808 -10.643115997314453 -20.784574508666992
-2.7103590965270996 -10.11821174621582 -14.58102798461914
-2.7430853843688965 -5.650432109832764 -8.561904907226562
-0.9207780361175537 -1.8313628435134888 -3.463958978652954
-1.3527257442474365 0.2123590111732483 -3.7259626388549805
-1.2051218748092651 0.35279345512390137 -3.9469833374023438
-1.2737584114074707 0.46639055013656616 -4.027028560638428
-1.321000576019287 0.9181609749794006 -4.759960651397705
-1.4839671850204468 0.8964377641677856 -4.975033760070801
-1.144599199295044 0.09904751181602478 -5.336181640625
-0.9134461283683777 -1.3233973979949951 -8.107540130615234
-2.031503200531006 -5.173856735229492 -16.269390106201172
-1.691378116607666 -0.8364076018333435 -7.537775993347168
-1.4148324728012085 -1.7576996088027954 -10.886792182922363
-0.9956845045089722 0.08462835848331451 -7.352337837219238
-1.4781527519226074 0.5030718445777893 -6.285070896148682
-1.4152308702468872 0.6089049577713013 -5.398161888122559
-0.7525830268859863 -1.5968502759933472 -6.525449752807617
-1.5668692588806152 -3.20263409614563 -10.209983825683594
-1.2810181379318237 -4.6375813484191895 -13.122269630432129
-0.2236396074295044 -1.4887028932571411 -12.994634628295898
-1.7528247833251953 -5.822379112243652 -26.068452835083008
-1.0756691694259644 -7.388360977172852 -30.788249969482422
-0.9264718294143677 -7.92841100692749 -30.3040714263916
-0.7659428715705872 -8.889504432678223 -26.552629470825195
-0.8202325105667114 -8.556732177734375 -22.14236831665039
-3.0580153465270996 -9.31212043762207 -22.915029525756836
-1.4720598459243774 -5.961509704589844 -7.518523216247559
-0.0016864240169525146 -7.7278594970703125 -10.572044372558594
-2.8726229667663574 -10.176758766174316 -17.856884002685547
-1.7070343494415283 -5.8891706466674805 -6.248108863830566
-1.9618663787841797 -6.491143226623535 -1.4004751443862915
-0.21452420949935913 -4.772487640380859 1.899321436882019
-0.2690314054489136 -5.67708158493042 3.173393726348877
-0.12322133034467697 -5.953768253326416 3.2697627544403076
-0.12340439856052399 -6.210250377655029 3.1694650650024414
-0.024981025606393814 -6.249532222747803 3.137025833129883
-0.0816895067691803 -6.128157615661621 3.2047784328460693
-0.09895509481430054 -6.092354774475098 3.1471588611602783
-0.07669197022914886 -6.0887041091918945 3.2367913722991943
-0.009850557893514633 -6.099143981933594 3.154128074645996
-0.015718430280685425 -6.0283379554748535 3.0878894329071045
0.10834139585494995 -6.110981464385986 3.1712517738342285
0.0652560368180275 -6.034450054168701 3.1805355548858643
-0.0028723813593387604 -5.919373035430908 3.1314785480499268
0.15299074351787567 -5.922513484954834 3.0687835216522217
0.0006382428109645844 -5.268092632293701 2.152463912963867
0.5567541718482971 -3.8965959548950195 -5.364345550537109
-2.989043712615967 -10.643921852111816 -13.392850875854492
-0.11662565171718597 -3.5592093467712402 -0.08494484424591064
-0.33520251512527466 -5.081176280975342 2.8101391792297363
-0.25122231245040894 -5.560329914093018 3.5547261238098145
-0.16166578233242035 -5.540302753448486 3.436122417449951
-0.23353907465934753 -5.446573257446289 3.4213857650756836
-0.21343012154102325 -5.438720703125 3.4077963829040527
-0.237497940659523 -5.415852069854736 3.4020578861236572
-0.3323180675506592 -5.401430606842041 3.4967727661132812
-0.3774103820323944 -5.352204322814941 3.459319591522217
-0.34867626428604126 -5.350694179534912 3.416300058364868
-0.32155856490135193 -5.381511211395264 3.449974775314331
-0.3323957324028015 -5.277897357940674 3.3672215938568115
-0.4274948239326477 -5.180802822113037 3.3167736530303955
-0.45333901047706604 -5.003323554992676 3.1884565353393555
-0.47266900539398193 -4.991633415222168 3.206578493118286
-0.31882765889167786 -4.303018093109131 2.314610719680786
-0.429298460483551 -3.5611417293548584 1.944032073020935
-0.30516529083251953 -0.16180194914340973 -3.9649510383605957
-1.6647790670394897 1.7084225416183472 -3.67647123336792
-0.5547434091567993 -0.517015814781189 -11.911476135253906
-0.9249473214149475 0.6073749661445618 -3.5265707969665527
-2.2567942142486572 1.1794507503509521 -2.662621021270752
-0.8756241202354431 1.1340911388397217 -4.001138687133789
-0.544026255607605 1.189454436302185 -6.330572605133057
0.5491327047348022 -0.5069404244422913 -6.373671531677246
-1.306527018547058 0.987370491027832 -3.0901803970336914
-1.6624964475631714 1.1880472898483276 -3.3471128940582275
-2.3954432010650635 1.353333830833435 -3.045969009399414
-1.314450979232788 0.7063512802124023 -3.2011587619781494
-1.3755497932434082 0.4566616117954254 -2.536346912384033
-0.1649191677570343 -0.33079013228416443 -10.523286819458008
0.11273276805877686 -1.029798984527588 -8.586235046386719
-3.0193490982055664 1.4705573320388794 -2.8622806072235107
-2.570521831512451 1.5875414609909058 -4.20570182800293
-0.46071097254753113 -1.4762264490127563 -12.223749160766602
-3.821927547454834 -7.854672431945801 -18.455955505371094
-3.1179816722869873 -8.490578651428223 -17.01494026184082
-2.433171272277832 -7.379605770111084 -18.365671157836914
-3.3295161724090576 -7.968231201171875 -17.41162109375
-2.997159004211426 -9.217087745666504 -18.189441680908203
-1.0083880424499512 -6.16871452331543 -11.84247875213623
-2.655033826828003 -7.254394054412842 -18.177534103393555
-3.7658867835998535 -8.755327224731445 -16.64716339111328
-3.801840305328369 -8.364696502685547 -16.33045768737793
-1.1618235111236572 -5.797178745269775 -12.201048851013184
-0.013128116726875305 -1.1211999654769897 -4.324308395385742
-0.3023586571216583 -3.4737493991851807 -8.62933349609375
-1.7721751928329468 -5.684813499450684 -17.24372673034668
-1.1145951747894287 -7.701824188232422 -31.084321975708008
-0.4354938864707947 -9.136165618896484 -26.647327423095703
-1.739025592803955 -8.25129222869873 -28.473114013671875
-1.4507670402526855 -9.08647346496582 -25.4735164642334
-1.9769054651260376 -10.10397720336914 -19.70672607421875
-0.2956433892250061 -7.429701805114746 -16.653427124023438
-1.758392572402954 -7.8021039962768555 -29.285987854003906
-0.6876764297485352 -8.060096740722656 -31.98809242248535
-1.3095223903656006 -8.39605712890625 -30.03711700439453
-1.1357624530792236 -9.679603576660156 -24.297199249267578
-1.1532542705535889 -8.981428146362305 -24.539064407348633
-1.2549970149993896 -9.894362449645996 -20.564252853393555
-1.3444143533706665 -8.202323913574219 -26.215869903564453
-0.8560938239097595 -9.815167427062988 -23.53777313232422
-1.0124086141586304 -9.747421264648438 -23.78864288330078
-0.9110375046730042 -10.441488265991211 -21.223840713500977
-1.3559988737106323 -8.461033821105957 -28.812849044799805
-1.2186577320098877 -8.600369453430176 -30.1203670501709
-0.4869651794433594 -9.48013973236084 -25.569305419921875
-0.6051365733146667 -9.054141998291016 -29.504030227661133
-0.28735774755477905 -8.832328796386719 -32.08161926269531
-0.21193182468414307 -8.796061515808105 -32.2769775390625
-0.8577048778533936 -9.118104934692383 -29.157291412353516
-1.1253381967544556 -10.177520751953125 -23.013490676879883
-3.7332751750946045 -10.210423469543457 -15.641021728515625
-1.4209706783294678 -7.199623107910156 -12.049837112426758
-2.9387741088867188 -8.752727508544922 -15.274347305297852
-3.189976453781128 -10.024561882019043 -16.50922203063965
-1.421621561050415 -10.692425727844238 -20.094013214111328
-0.7936038970947266 -10.46850872039795 -22.511940002441406
-1.1948091983795166 -9.19645881652832 -29.394018173217773
-0.8407929539680481 -9.168133735656738 -29.92183494567871
-1.479212999343872 -9.073681831359863 -28.706096649169922
-1.4207875728607178 -10.073556900024414 -22.96969985961914
-0.6402634382247925 -5.675868511199951 -9.700601577758789
-2.353127956390381 -8.572545051574707 -15.733799934387207
-0.08295181393623352 -4.0596232414245605 -10.450340270996094
-3.1740493774414062 -7.365806579589844 -17.061092376708984
1.0779539346694946 -4.775249004364014 -5.161699295043945
-1.3680752515792847 -6.783813953399658 -15.575484275817871
-1.721787929534912 -7.775998115539551 -15.893660545349121
-1.2819252014160156 -8.198036193847656 -24.37677574157715
-0.7966635823249817 -8.06551456451416 -31.29088592529297
-1.2863320112228394 -8.304194450378418 -29.501901626586914
-1.2537868022918701 -9.622550010681152 -21.208715438842773
-1.4846113920211792 -2.7644875049591064 -7.158617973327637
-0.4583965539932251 -1.974456787109375 -5.319379806518555
-0.9811788201332092 -2.4110143184661865 -11.991345405578613
-2.451597213745117 -8.820664405822754 -19.1522274017334
-1.362064242362976 -2.8795688152313232 -5.6984171867370605
-1.4098613262176514 -0.4638417661190033 -3.810251474380493
-1.3361248970031738 1.0006256103515625 -4.773093223571777
-1.4694576263427734 1.1719505786895752 -5.079744338989258
-1.6006132364273071 1.061310052871704 -5.419290065765381
-1.5056884288787842 1.0498992204666138 -4.959717273712158
-1.6957597732543945 1.04249107837677 -4.345187187194824
-1.0655601024627686 0.038606613874435425 -4.555805683135986
-0.8057063817977905 -1.1890000104904175 -6.337529182434082
-1.2198289632797241 -0.13329285383224487 -5.02933931350708
-1.126968502998352 -0.37701910734176636 -5.385002136230469
-1.5982749462127686 0.4627993404865265 -4.708136558532715
-1.636238694190979 0.5898804068565369 -3.614227771759033
-1.6091207265853882 1.415022611618042 -6.021961212158203
-1.3904393911361694 1.2983005046844482 -5.590329170227051
-1.098082184791565 0.9557076692581177 -5.388272285461426
-1.2936410903930664 0.8467509746551514 -5.916751384735107
-1.1055699586868286 0.6211814880371094 -4.464574813842773
-1.436180830001831 1.0349661111831665 -3.987096071243286
-1.6314729452133179 1.2799067497253418 -4.027186870574951
-1.4881402254104614 1.3868050575256348 -4.285629749298096
-1.0517292022705078 0.6824660301208496 -4.2260870933532715
-1.7650902271270752 -0.739504873752594 -4.555267810821533
-1.0224350690841675 -4.034588813781738 2.0999770164489746
-0.44369885325431824 -5.907594203948975 3.2642343044281006
-0.4985923171043396 -5.468064785003662 2.8409037590026855
-1.2874401807785034 -6.486782073974609 -1.0991499423980713
-0.6288766860961914 -4.96530818939209 -0.27920252084732056
0.13204926252365112 -5.203938007354736 2.0247888565063477
0.12184454500675201 -5.333260536193848 2.5508511066436768
-0.12733423709869385 -5.517904281616211 3.1278603076934814
-0.08335418999195099 -4.688687801361084 2.261345624923706
-1.2891654968261719 -6.021200180053711 -1.0965399742126465
-2.92387318611145 -6.1917924880981445 -6.637683391571045
2.3138763904571533 -6.4347357749938965 -5.516782760620117
-2.9970943927764893 -9.216652870178223 -19.0666561126709
-2.091278553009033 -6.5538530349731445 -8.086801528930664
-0.6734452247619629 -8.617419242858887 -8.71091079711914
0.9441242814064026 -4.3361287117004395 0.010534614324569702
-0.5069708824157715 -4.546817302703857 2.4807660579681396
-0.49533888697624207 -5.228096008300781 3.0188522338867188
-0.008398499339818954 -5.639946460723877 3.3214526176452637
-0.20884311199188232 -5.520196914672852 3.2644286155700684
-0.1467282623052597 -5.643269062042236 3.5637526512145996
0.344632089138031 -5.814170837402344 3.3068621158599854
-0.025541149079799652 -5.259500980377197 3.0834717750549316
1.00077486038208 -3.3926262855529785 0.5654661655426025
2.2245025634765625 -5.83048677444458 -2.172703981399536
0.7821540832519531 -5.197366237640381 1.0066276788711548
0.8003389239311218 -5.25656270980835 2.455989122390747
-0.1580275297164917 -5.5902323722839355 3.5326569080352783
-0.3733886778354645 -5.455155372619629 3.5973966121673584
-0.35599616169929504 -5.432147026062012 3.51063871383667
-0.383076548576355 -5.459264278411865 3.5784752368927
-0.3709924519062042 -5.513843536376953 3.5817246437072754
-0.4372033178806305 -5.077637672424316 3.1819472312927246
-0.33778560161590576 -5.157718181610107 3.1646461486816406
-0.2908274531364441 -5.228453159332275 3.1600661277770996
-0.25375986099243164 -5.1038737297058105 2.9385316371917725
-0.15508393943309784 -4.718836307525635 2.613104820251465
1.720352053642273 -5.563769817352295 -3.221316337585449
0.43539243936538696 -4.4753193855285645 -0.8506906032562256
0.5331007242202759 -7.531801223754883 -13.108450889587402
0.2501819133758545 -5.680245876312256 -5.956703186035156
-0.6101914048194885 -4.323674201965332 2.144017219543457
-0.7413210868835449 -4.504848957061768 2.4153871536254883
-0.8528004288673401 -4.691726207733154 2.6570210456848145
2.2196547985076904 -5.050462245941162 -1.393951177597046
-2.9406485557556152 -6.782217502593994 -21.581586837768555
0.9373367428779602 -3.1258609294891357 -3.575978994369507
0.3096650242805481 -2.985142707824707 -2.9733948707580566
1.2411521673202515 -3.901031255722046 -4.786872386932373
-2.7182092666625977 1.1024209260940552 -3.1038899421691895
-2.966580629348755 1.5918513536453247 -2.9797189235687256
-2.4053640365600586 1.704576849937439 -7.110707759857178
-1.2521733045578003 -0.15622054040431976 -8.951739311218262
-0.7687435150146484 -3.2472026348114014 -13.242364883422852
0.828905463218689 -1.4225661754608154 -6.301047325134277
-1.1537890434265137 -0.768506646156311 -7.660554885864258
-0.28405505418777466 0.23219656944274902 -3.759730577468872
-0.5596609115600586 -0.12627285718917847 -6.315356254577637
-1.7110445499420166 -6.0901875495910645 -17.965654373168945
-1.472377896308899 -6.2432355880737305 -18.740354537963867
-4.311282157897949 -9.152376174926758 -16.18276023864746
-0.5906871557235718 -5.331845760345459 -11.645068168640137
-0.588808000087738 -2.931741714477539 -7.44518518447876
-0.3165709674358368 0.21981793642044067 -4.4708404541015625
-1.3810029029846191 0.9533267021179199 -3.936643600463867
-2.319371223449707 1.7873884439468384 -4.0615105628967285
-1.7354732751846313 0.8930286169052124 -3.746717929840088
-1.3690582513809204 1.467736840248108 -4.510701656341553
-0.9476122856140137 0.9966669082641602 -6.641087055206299
0.23337307572364807 -1.3939669132232666 -7.538486957550049
-0.7288343906402588 -1.2546857595443726 -8.225661277770996
-0.773921012878418 0.272107869386673 -3.4229791164398193
-0.1307711899280548 -0.6650726199150085 -3.4718246459960938
-1.048534870147705 0.9282143712043762 -2.844081401824951
-0.08272001147270203 -0.208232119679451 -5.986070156097412
-1.6490399837493896 0.49310341477394104 -2.6493172645568848
0.007059365510940552 -1.0476304292678833 -5.831910133361816
-2.695338726043701 -7.769928455352783 -21.470027923583984
0.33493685722351074 -3.896925687789917 -7.411473751068115
-0.7109462022781372 -2.230365037918091 -9.486919403076172
-0.8576820492744446 -3.3754985332489014 -13.123743057250977
-2.2925283908843994 -7.802316665649414 -17.527498245239258
-2.154245138168335 -5.3023786544799805 -13.89165210723877
-1.6165474653244019 -5.450385570526123 -10.638606071472168
-0.5202892422676086 -4.874295711517334 -9.285224914550781
-3.6412134170532227 -9.121817588806152 -14.725887298583984
-2.3894829750061035 -8.514791488647461 -18.810834884643555
-1.6521737575531006 -7.88880729675293 -28.478540420532227
-1.8584630489349365 -8.145491600036621 -28.785459518432617
-0.86411452293396 -8.451172828674316 -26.90287971496582
-1.0130410194396973 -8.246033668518066 -25.009960174560547
-2.526184558868408 -8.96031665802002 -16.937185287475586
-2.9010233879089355 -8.244922637939453 -16.53311538696289
-0.8366386890411377 -3.100531816482544 -7.697142124176025
-0.4339795708656311 -0.8377583622932434 -6.3490095138549805
-0.939787745475769 0.3739914298057556 -6.101348876953125
-0.6868311166763306 0.3490494191646576 -4.340452194213867
-0.8609270453453064 0.6960928440093994 -4.621576309204102
-1.108720064163208 1.2116400003433228 -4.841876029968262
-1.0582542419433594 1.1096585988998413 -4.336876392364502
-1.3638395071029663 1.497194766998291 -4.974907398223877
-0.9357796311378479 1.06318199634552 -5.152764320373535
-0.624175488948822 0.9248160719871521 -5.750491142272949
-0.849526047706604 0.838732898235321 -4.764801502227783
-1.312118411064148 1.039484977722168 -3.9563379287719727
-0.9161615371704102 0.1308327615261078 -3.6347768306732178
-0.9037076234817505 0.09372366964817047 -5.010621547698975
-0.32015520334243774 -2.224562168121338 -8.83712100982666
-1.1577422618865967 0.4003283977508545 -4.296332359313965
-1.6577762365341187 1.0253291130065918 -3.186215877532959
-1.5426779985427856 1.216196894645691 -3.0772640705108643
-1.3927465677261353 0.9714797139167786 -3.044438123703003
-1.4170305728912354 0.9642406702041626 -3.0946967601776123
-1.6701323986053467 1.1228705644607544 -3.003157615661621
-1.4318947792053223 0.727330207824707 -2.9990909099578857
-1.4754176139831543 0.8521181344985962 -3.116476535797119
-1.557004451751709 1.0294454097747803 -4.754316329956055
-1.3655085563659668 0.771754801273346 -3.4620261192321777
-1.515450119972229 0.5008149743080139 -2.8834218978881836
-1.4371483325958252 0.7652316689491272 -3.1788170337677
-1.6165778636932373 1.0925170183181763 -3.4795799255371094
-1.517446517944336 0.7328351736068726 -3.1191463470458984
-1.71312415599823 0.8971860408782959 -3.2039411067962646
-1.5461959838867188 1.1553599834442139 -4.031894207000732
-1.3058722019195557 0.7971620559692383 -3.892416000366211
-1.2429548501968384 1.1031168699264526 -4.345718860626221
-1.3414024114608765 0.7125095725059509 -3.6517531871795654
-1.4191598892211914 0.8955789804458618 -3.6310455799102783
-1.1825549602508545 0.548240602016449 -3.5942137241363525
-1.5093598365783691 1.274838924407959 -3.99369740486145
-1.5834686756134033 1.466477632522583 -4.2925639152526855
-1.1903059482574463 0.9651897549629211 -4.778792381286621
-1.1502801179885864 0.9229449033737183 -5.096429824829102
-1.138790488243103 1.007395625114441 -5.078432559967041
-1.3003548383712769 0.7165265083312988 -3.6661746501922607
-1.1097877025604248 0.854036271572113 -6.980408668518066
-1.2947328090667725 -0.2287723571062088 -7.979935169219971
-0.7962386608123779 -1.6299623250961304 -7.595341205596924
-0.8148757815361023 0.24369068443775177 -4.464491844177246
-0.6745667457580566 0.6381132006645203 -5.156748294830322
-1.0060560703277588 0.4176555275917053 -6.699188709259033
-1.5900942087173462 -0.20545750856399536 -5.3222150802612305
-1.020835518836975 -2.3311362266540527 1.1245238780975342
-0.4540930688381195 -5.304744720458984 3.4074368476867676
-0.363823264837265 -5.661269664764404 3.650803327560425
-0.49734699726104736 -5.554876804351807 3.7609050273895264
-0.41539716720581055 -5.581003189086914 3.7039620876312256
-0.3327522873878479 -5.634513854980469 3.658740997314453
-0.2804505527019501 -5.550458908081055 3.5284993648529053
-0.08489745855331421 -5.726318359375 3.310797929763794
-0.08408889174461365 -5.444694995880127 2.4470303058624268
0.05408255755901337 -4.397561550140381 -5.744833946228027
-2.9162466526031494 -8.099762916564941 -20.836830139160156
-1.0866107940673828 -7.726856231689453 -26.391862869262695
-2.271804094314575 -7.85609245300293 -28.666412353515625
-1.5868074893951416 -9.062779426574707 -23.515583038330078
-3.8250601291656494 -6.814609527587891 -10.795059204101562
0.37966033816337585 -6.026122093200684 -7.720895767211914
-4.676264762878418 -7.9277496337890625 -22.079875946044922
-2.399170398712158 -8.842041969299316 -15.191595077514648
-2.074496269226074 -7.782430648803711 -10.527189254760742
0.502661406993866 -3.8044064044952393 -5.269813060760498
0.08246764540672302 -6.167702674865723 -11.171579360961914
-2.302473545074463 -7.201006889343262 -28.8476619720459
-2.0121970176696777 -6.302107810974121 -10.351807594299316
-3.7742631435394287 -8.183196067810059 -23.322378158569336
-3.490769386291504 -8.26517391204834 -23.10867691040039
-0.628100574016571 -3.4391472339630127 0.012929409742355347
-0.8636306524276733 -4.476507186889648 2.460489273071289
-0.8984622955322266 -4.955429553985596 3.05647611618042
-0.5975862145423889 -5.333192348480225 3.3962631225585938
-1.1043840646743774 -5.105213642120361 3.2099316120147705
-1.1382222175598145 -5.06193208694458 3.211261510848999
-0.6539736986160278 -5.329054832458496 3.360989809036255
-0.6792992353439331 -5.218575954437256 3.268130302429199
-0.5685457587242126 -5.227656364440918 3.288468360900879
0.5685732960700989 -5.383405685424805 2.655447006225586
-0.7030606865882874 -5.3161115646362305 3.4082696437835693
-0.7137781977653503 -5.282699108123779 3.3853397369384766
-0.711389422416687 -5.254080772399902 3.327077627182007
-0.6271105408668518 -5.117610931396484 3.123718023300171
-0.5426061153411865 -1.7378183603286743 0.2336626648902893
1.270801305770874 -8.457582473754883 -14.634867668151855
0.13699251413345337 -3.695058822631836 1.28607177734375
0.42729219794273376 -4.477149963378906 1.7498136758804321
-0.4055364727973938 -4.667105197906494 2.592118263244629
-3.2042527198791504 1.9145184755325317 -4.127066612243652
-3.2799034118652344 1.6560577154159546 -3.3980021476745605
-1.951442837715149 1.310295820236206 -5.381577491760254
-2.525675058364868 2.0672037601470947 -4.409215450286865
-2.4523847103118896 1.7084780931472778 -4.643149375915527
-2.6717257499694824 1.8221923112869263 -4.185754299163818
-2.7776520252227783 2.087597608566284 -4.508155345916748
-2.4677395820617676 1.9708563089370728 -5.032042503356934
-2.744858980178833 2.0968358516693115 -4.945309162139893
-2.9754457473754883 1.772216558456421 -4.052170753479004
-2.770390748977661 2.2763936519622803 -4.661444664001465
-2.7918100357055664 2.3468782901763916 -5.223939895629883
-2.553774356842041 1.8401732444763184 -4.918026924133301
-2.2613391876220703 1.6037894487380981 -4.954657554626465
-2.209547758102417 2.0142738819122314 -4.822616100311279
-2.105341911315918 2.1696784496307373 -5.157981872558594
-1.8675282001495361 1.985643744468689 -5.492588043212891
-2.05998158454895 1.1166478395462036 -2.532649278640747
-2.3568356037139893 0.4329323172569275 -1.3185546398162842
-1.9420862197875977 1.650546669960022 -2.795745849609375
-1.9659119844436646 1.6333611011505127 -4.101568698883057
-2.0592312812805176 1.121268391609192 -3.1669559478759766
-2.098864793777466 1.5497522354125977 -3.8726072311401367
-1.7955893278121948 1.776484727859497 -4.464842319488525
-1.5526432991027832 1.0308572053909302 -3.9960227012634277
-1.685176134109497 1.7279839515686035 -5.29921817779541
-0.36173897981643677 0.1464826762676239 -7.176514625549316
0.6092396974563599 -2.5982563495635986 -12.713879585266113
-0.1553088128566742 -0.4635421931743622 -10.622092247009277
-1.2987536191940308 1.2495856285095215 -4.1837286949157715
-0.9952840805053711 1.0585529804229736 -4.297895908355713
-1.0624685287475586 1.165826678276062 -5.023383140563965
-1.2407093048095703 0.6497853398323059 -6.936907768249512
-1.161628007888794 -8.119810104370117 -21.7215518951416
-0.16082598268985748 -1.0332891941070557 -5.767387390136719
-1.2921544313430786 -3.3786885738372803 -17.590721130371094
-1.3344612121582031 -7.054338455200195 -30.13286018371582
-1.71657133102417 -7.572963237762451 -29.79244613647461
-3.2302911281585693 -9.60406494140625 -16.15913963317871
-1.0109305381774902 -3.603367567062378 -5.629573822021484
-1.0265400409698486 -0.2463817596435547 -3.157557964324951
-0.2896895408630371 -1.9203431606292725 -9.054401397705078
-0.42260006070137024 -1.8715153932571411 -10.278838157653809
-0.9894986748695374 -4.3829755783081055 -12.87574577331543
-1.5862994194030762 0.9067608118057251 -3.4105029106140137
-1.8012665510177612 1.5528937578201294 -3.715974807739258
-1.3883728981018066 1.3440052270889282 -3.6535000801086426
-1.675113320350647 1.530383825302124 -3.4459619522094727
-1.816070318222046 1.7634401321411133 -4.013158798217773
-1.7852325439453125 1.7328026294708252 -3.7067337036132812
-1.4317175149917603 1.2979904413223267 -3.7484822273254395
-1.460947036743164 1.4565441608428955 -4.659921646118164
-1.2115366458892822 1.6742334365844727 -6.027358055114746
-1.8001354932785034 2.127502202987671 -5.0441508293151855
-1.3655333518981934 1.3642486333847046 -4.644759178161621
-1.294018030166626 1.0905343294143677 -3.883510112762451
-0.5965630412101746 0.5987163186073303 -5.432233810424805
-1.0502831935882568 0.2448505163192749 -7.6404242515563965
-1.257511854171753 0.7496943473815918 -3.327939033508301
-1.3427037000656128 0.9859588146209717 -3.5833356380462646
-1.2466189861297607 0.8587314486503601 -3.420910596847534
-1.2158101797103882 0.8191599249839783 -4.538300037384033
-1.4896979331970215 1.2483090162277222 -3.828819751739502
-1.4293123483657837 1.2282872200012207 -3.8621695041656494
-1.3506076335906982 0.8875641822814941 -3.1213531494140625
-1.1513434648513794 0.5997436046600342 -3.1250104904174805
-1.355930209159851 0.855694055557251 -3.116515636444092
-1.4887944459915161 1.1104912757873535 -3.2804622650146484
-1.5083575248718262 1.2112765312194824 -3.9349095821380615
-1.23922598361969 1.2376703023910522 -4.6159772872924805
-1.3046989440917969 1.1403522491455078 -3.953258752822876
-1.5530768632888794 0.9485520124435425 -3.2436647415161133
-1.4627593755722046 0.7518420219421387 -3.2137699127197266
-1.0754940509796143 0.26946431398391724 -3.0182840824127197
-1.5070394277572632 0.9475089311599731 -3.2756998538970947
-1.5119150876998901 0.9724917411804199 -3.321204423904419
-1.2915544509887695 0.7749354243278503 -3.7009437084198
-1.1359323263168335 0.5610411763191223 -4.850991249084473
-0.983535647392273 0.8201085329055786 -4.177717685699463
-1.1748707294464111 0.815066397190094 -3.6129536628723145
-1.2324355840682983 0.517626166343689 -3.131096601486206
-1.4206222295761108 0.9350355863571167 -3.204162836074829
-1.6009297370910645 1.195175290107727 -3.4741904735565186
-1.4167169332504272 1.363584280014038 -4.837351322174072
-1.321691632270813 1.1231313943862915 -4.050758361816406
-1.436691403388977 1.1485376358032227 -3.752089023590088
-1.363755464553833 1.4969122409820557 -4.702188014984131
-1.309679627418518 1.2428594827651978 -4.891016960144043
-1.252744197845459 1.4015823602676392 -4.7757649421691895
-1.2623035907745361 1.447532296180725 -5.051283836364746
-1.5099865198135376 1.4056928157806396 -4.69783353805542
-1.5643086433410645 1.6715199947357178 -4.667568683624268
-1.5981063842773438 1.4794760942459106 -3.9339866638183594
-1.5967588424682617 1.3910268545150757 -3.7300753593444824
-1.504841923713684 1.6728510856628418 -4.1010637283325195
-1.6214487552642822 1.514510154724121 -3.804440975189209
-1.8046038150787354 1.6845510005950928 -3.596026659011841
-1.435523271560669 1.3947241306304932 -3.8049092292785645
-1.4362375736236572 1.591406226158142 -4.980634689331055
-1.387080430984497 1.2251625061035156 -3.6379175186157227
-0.9723156690597534 0.8244166374206543 -3.8399739265441895
-0.8360198140144348 -0.4770820438861847 -6.427262306213379
-0.8985173106193542 -0.8376126885414124 -5.744821071624756
-0.8752914071083069 -1.9226282835006714 0.4432566463947296
-0.9188767671585083 -2.3812103271484375 1.1767555475234985
-2.045247793197632 1.6625231504440308 -3.5858116149902344
-1.2848538160324097 0.5667591094970703 -2.215981960296631
-1.110788345336914 -0.8725859522819519 -0.03638738393783569
-1.3319673538208008 1.2350393533706665 -4.63494873046875
-1.5200680494308472 1.4446700811386108 -3.537238597869873
-1.7010252475738525 1.2821062803268433 -3.193131446838379
-1.6504724025726318 1.3193928003311157 -3.2191054821014404
-1.704248309135437 1.6714632511138916 -3.5129969120025635
-1.4339423179626465 1.2152223587036133 -3.2282614707946777
-0.1512078195810318 -2.328763723373413 0.565328061580658
-0.3298518657684326 -1.5557599067687988 0.1476351022720337
-1.3998100757598877 -0.22099000215530396 -0.42748090624809265
-1.0166831016540527 -2.889848470687866 1.858048677444458
1.1764293909072876 -5.482701778411865 0.1461169272661209
0.2192414104938507 -4.984048366546631 2.6325173377990723
-0.42477333545684814 -5.291467189788818 3.359222173690796
-0.19325345754623413 -5.0044379234313965 2.8607945442199707
1.3869174718856812 -3.616452217102051 0.4713471531867981
0.06343262642621994 -2.6523923873901367 0.5892015099525452
-0.6237722635269165 -4.860672950744629 2.9240734577178955
-0.9586262702941895 -5.253993988037109 3.4105098247528076
-0.4856005311012268 -5.512704849243164 3.4448771476745605
-0.7639346718788147 -5.2823662757873535 3.398967981338501
-0.7196286916732788 -5.34454870223999 3.4674975872039795
-0.6620309352874756 -5.2129058837890625 3.236149311065674
0.3174630105495453 -4.183350563049316 1.469942569732666
2.1231770515441895 -7.992501735687256 -8.177529335021973
0.1950829029083252 -4.419718265533447 1.770186424255371
-1.3425519466400146 -5.084868907928467 3.2829864025115967
-1.2436301708221436 -5.264631271362305 3.469797372817993
-1.2992470264434814 -5.144097805023193 3.3589706420898438
-1.383090853691101 -5.127810955047607 3.3842897415161133
-2.6130764484405518 2.331737995147705 -5.214359283447266
-2.6678547859191895 2.328425645828247 -5.268367767333984
-2.684629440307617 1.9623229503631592 -4.531323432922363
-2.8671622276306152 2.4140987396240234 -4.914364814758301
-2.382736921310425 1.9155750274658203 -5.086850643157959
-2.7853405475616455 2.298583507537842 -5.239040374755859
-2.42248797416687 1.995072603225708 -5.231126308441162
-2.246297836303711 1.8923338651657104 -5.12504768371582
-1.5382964611053467 0.7446808815002441 -5.06174373626709
-2.0773868560791016 1.3034825325012207 -3.7561612129211426
-1.1592978239059448 -0.14648033678531647 -2.6771514415740967
-0.8475475907325745 -0.2831827700138092 -3.1648082733154297
-2.463813066482544 2.415682792663574 -5.27204704284668
-1.3824394941329956 0.8486947417259216 -5.687867164611816
-1.768126130104065 1.2338260412216187 -5.799084186553955
-1.5034763813018799 1.2770395278930664 -5.070366382598877
-2.0791678428649902 2.344240665435791 -5.6951799392700195
-1.2928156852722168 1.2213867902755737 -5.347702503204346
-1.7414072751998901 1.9015008211135864 -4.7494964599609375
-1.3962079286575317 1.44296133518219 -5.051021099090576
-1.2238364219665527 1.3899050951004028 -5.5275139808654785
-1.709351897239685 2.0389463901519775 -5.876038551330566
-1.1115999221801758 1.4673032760620117 -5.735426902770996
-1.8375492095947266 2.1374950408935547 -5.290372848510742
-2.0547738075256348 2.291667938232422 -4.987608432769775
-1.8407752513885498 2.0160982608795166 -5.138556480407715
-1.8322726488113403 2.0679996013641357 -5.201189994812012
-1.3533657789230347 1.404550552368164 -5.065422058105469
-1.644404411315918 1.7650043964385986 -4.928947448730469
-1.5837982892990112 1.9231958389282227 -5.8473639488220215
-1.6475028991699219 1.6040459871292114 -4.409023761749268
-1.660454511642456 1.3740661144256592 -3.7741928100585938
-1.5270406007766724 1.3779164552688599 -3.4676148891448975
-1.9895399808883667 1.4889609813690186 -3.734312057495117
-1.695124864578247 1.5871576070785522 -3.8913230895996094
-1.4831398725509644 1.2091525793075562 -3.7128167152404785
-0.1880967617034912 -0.2853192687034607 -5.380800247192383
1.0233794450759888 -5.985583782196045 -15.812211990356445
-1.6201815605163574 -0.3859928250312805 -1.6494574546813965
-0.7497361302375793 -0.9712478518486023 -2.03792405128479
0.14308220148086548 -1.6517789363861084 -2.8163204193115234
0.16982904076576233 -5.059544563293457 -11.567811965942383
-1.0538097620010376 0.0918629840016365 -3.0689995288848877
-1.8445508480072021 1.4886362552642822 -3.180143356323242
-1.6693246364593506 1.5213333368301392 -3.8695054054260254
-1.4244482517242432 1.2791343927383423 -3.1133522987365723
-1.6647412776947021 1.30173921585083 -3.4188308715820312
-2.026740550994873 1.392199993133545 -3.495910406112671
-1.795771598815918 1.6931861639022827 -3.5437867641448975
-1.6909966468811035 1.2773809432983398 -3.343240976333618
-2.3646063804626465 0.6252583861351013 -1.9566171169281006
-2.162018299102783 0.8900026082992554 -1.8916014432907104
-1.8568394184112549 0.9879195690155029 -2.853689670562744
-1.4815212488174438 1.4245752096176147 -3.1308910846710205
-1.081546425819397 0.612013578414917 -3.1905157566070557
-1.4871963262557983 0.6709785461425781 -3.293635845184326
-1.4106910228729248 1.0852020978927612 -4.064425945281982
-1.7763476371765137 1.4701701402664185 -3.555245876312256
-1.7860758304595947 1.52862548828125 -3.4279539585113525
-1.8170381784439087 1.491699457168579 -3.47175669670105
-1.7634332180023193 1.446784257888794 -3.5489513874053955
-0.9576794505119324 0.20008696615695953 -4.052985668182373
-0.7948307991027832 -3.738327741622925 -14.432594299316406
-1.2479965686798096 -1.5409764051437378 -9.626007080078125
-1.4980456829071045 -3.9454166889190674 -14.448783874511719
-1.54014253616333 0.9130634069442749 -3.70133376121521
-1.8486040830612183 1.5114591121673584 -3.3551430702209473
-1.761275291442871 1.3519660234451294 -3.172617197036743
-1.6366101503372192 1.2287695407867432 -3.134201765060425
-1.59751296043396 1.1156991720199585 -3.1644113063812256
-1.7456475496292114 1.2360748052597046 -3.1939640045166016
-1.4637190103530884 1.0137392282485962 -3.306725263595581
-1.6798090934753418 1.4152095317840576 -3.6955881118774414
-1.7238425016403198 1.1900714635849 -3.457765817642212
-1.5969138145446777 1.2300446033477783 -3.610908031463623
-1.6939542293548584 1.2723357677459717 -3.585272789001465
-1.7266550064086914 1.1140100955963135 -3.2783608436584473
-1.5002974271774292 0.7213872075080872 -3.218271255493164
-1.6857415437698364 1.2102805376052856 -3.7560760974884033
-1.2542004585266113 0.6519399881362915 -3.3156585693359375
-1.1198623180389404 0.451322078704834 -3.2562923431396484
-1.0335726737976074 0.6985724568367004 -3.6676740646362305
-0.7472410202026367 0.6952286958694458 -4.498425483703613
-1.2711464166641235 1.056401014328003 -3.779956579208374
-1.3924802541732788 0.8864918947219849 -3.5229291915893555
-1.347124457359314 1.3123012781143188 -5.297858238220215
-1.090817928314209 1.09413480758667 -4.8621416091918945
-1.6036772727966309 1.2891725301742554 -3.5396318435668945
-1.4868203401565552 1.3762246370315552 -4.239952087402344
-1.1266002655029297 0.9694870710372925 -4.462965488433838
-1.0687977075576782 1.1484326124191284 -5.056936740875244
-1.2566484212875366 1.1042596101760864 -3.687899112701416
-1.2936543226242065 0.8649357557296753 -3.1764721870422363
-1.5160176753997803 1.2786270380020142 -3.6727280616760254
-1.6022591590881348 1.3862192630767822 -3.473780632019043
-1.6693699359893799 1.6700676679611206 -4.226132392883301
-1.6763713359832764 1.607782244682312 -4.442610263824463
-1.5389386415481567 1.5611168146133423 -4.098531723022461
-1.5688714981079102 1.5409212112426758 -3.9374074935913086
-1.791358470916748 1.899990200996399 -4.793554782867432
-1.5208946466445923 1.3072998523712158 -3.9934439659118652
-1.4722185134887695 1.319062352180481 -3.7925188541412354
-0.4909159541130066 0.3785681128501892 -5.686281204223633
-1.1111494302749634 0.6539357900619507 -3.7925665378570557
-1.9489046335220337 1.7742300033569336 -3.9360082149505615
-0.5068998336791992 -0.04919850081205368 -3.4008185863494873
-1.1944950819015503 0.6910287141799927 -2.604029417037964
-1.542073369026184 1.6490788459777832 -3.4893381595611572
-1.5446051359176636 1.4241106510162354 -3.5022194385528564
-1.4031703472137451 1.3476407527923584 -3.326833486557007
-1.4440852403640747 1.474855661392212 -3.4345972537994385
-1.2640371322631836 0.8390198349952698 -2.488560438156128
-0.9024475812911987 -2.688349485397339 1.7856574058532715
-0.4784747064113617 -1.992699146270752 0.5435483455657959
-1.5317447185516357 1.507646918296814 -4.042831897735596
-1.5085325241088867 0.9193482995033264 -2.0119411945343018
-0.7509105205535889 -4.7635393142700195 3.1560442447662354
-0.6012932062149048 -5.396773815155029 3.608299732208252
-0.5156652331352234 -5.338180065155029 3.428389310836792
-0.6084079146385193 -5.4174933433532715 3.5710208415985107
-0.3962249457836151 -5.569913387298584 3.600931406021118
-0.6367216110229492 -5.380013465881348 3.5233969688415527
-0.5394476056098938 -5.2309064865112305 3.342235803604126
0.11932481825351715 -5.016626358032227 -2.427927017211914
-0.7947936654090881 -3.2550437450408936 1.7146024703979492
-0.62204509973526 -5.20453405380249 3.1114230155944824
-1.1640362739562988 -4.966893196105957 3.1176490783691406
-0.9317927956581116 -5.137343406677246 3.207273006439209
-0.7650967836380005 -5.211430072784424 3.247833728790283
-0.6812532544136047 -5.122618198394775 3.1362476348876953
-0.3910021185874939 -4.571308135986328 2.4428234100341797
1.4538942575454712 -10.292213439941406 -21.359783172607422
1.939220666885376 -4.717225074768066 -6.453934669494629
-4.2067742347717285 -5.4650349617004395 -21.286954879760742
-3.1634011268615723 -8.128556251525879 -19.585681915283203
-3.4608826637268066 -8.343400955200195 -18.92110824584961
-0.820966899394989 -3.780754566192627 -5.92549467086792
-2.9060516357421875 2.1430511474609375 -4.785770416259766
-2.26784348487854 1.952764868736267 -5.628530979156494
-2.113097906112671 1.5803169012069702 -5.14901876449585
-2.1054956912994385 1.7638310194015503 -5.456355094909668
-1.7927179336547852 1.2528408765792847 -5.670852184295654
-1.2566988468170166 0.6512085795402527 -5.305320739746094
-1.6071897745132446 1.9062190055847168 -5.808020114898682
-2.6275274753570557 2.8804519176483154 -6.109594821929932
-1.964475154876709 1.9738413095474243 -5.11248779296875
-1.525455355644226 1.1339337825775146 -5.973465919494629
-1.5519367456436157 0.885405421257019 -6.300713062286377
-1.4274158477783203 1.0952051877975464 -5.9162445068359375
-1.2849560976028442 1.0668647289276123 -5.506361484527588
-1.3250657320022583 1.06833815574646 -5.743907928466797
-1.650007724761963 1.5125714540481567 -5.7887372970581055
-1.0812945365905762 0.6424896121025085 -4.97123384475708
-0.7832880616188049 0.3845703601837158 -4.7509565353393555
-1.3450671434402466 0.9739474654197693 -5.175961017608643
-1.502993106842041 1.5803706645965576 -5.733548641204834
-0.8969399333000183 0.8551945686340332 -5.375859260559082
-1.7888957262039185 2.1149203777313232 -5.397594451904297
-1.6581302881240845 2.065988302230835 -5.3856520652771
-1.4783934354782104 1.6012825965881348 -5.472900867462158
-1.317283272743225 1.7379305362701416 -5.493590831756592
-1.7066757678985596 1.832139015197754 -4.588535785675049
-1.3478723764419556 1.5226447582244873 -5.7420125007629395
-1.2892165184020996 1.1628025770187378 -4.222920894622803
-0.6803823709487915 0.7534130215644836 -5.403202056884766
-1.5587927103042603 0.23292389512062073 -11.023022651672363
-2.4309728145599365 -4.932651042938232 -23.805248260498047
-0.4135695695877075 -0.9134272933006287 -10.29735279083252
-0.8505905270576477 0.7098382115364075 -5.289222717285156
-1.7928884029388428 1.1110444068908691 -3.047435760498047
-1.6183291673660278 1.5410029888153076 -3.976759672164917
-1.605953335762024 1.9509971141815186 -5.789038181304932
-0.7433447241783142 0.9601967334747314 -6.09749698638916
-0.2260207235813141 -3.753162384033203 -17.00330924987793
-0.11053282022476196 -1.947910189628601 -10.311368942260742
-1.4690659046173096 1.649655818939209 -5.356691360473633
-1.3560442924499512 1.747495174407959 -5.12090539932251
-1.568864345550537 1.6407723426818848 -4.93635368347168
-1.6315723657608032 1.5790551900863647 -3.402467727661133
-1.496742844581604 1.2370816469192505 -3.264695644378662
-0.8022128343582153 0.28919291496276855 -4.045339584350586
-0.3811774253845215 -0.31575673818588257 -5.221066474914551
-0.9910033941268921 -9.37414836883545 -23.314741134643555
-0.8043850660324097 -0.4119095802307129 -4.477570056915283
-1.1304497718811035 -0.32916688919067383 -7.998838424682617
0.07029200345277786 -1.5319838523864746 -4.298911094665527
0.8585749268531799 -3.2442402839660645 -11.478534698486328
-2.32070255279541 -6.189279079437256 -26.37296485900879
-1.7857064008712769 -7.830164432525635 -22.806148529052734
-3.209534168243408 -8.528877258300781 -17.25031852722168
-2.252314567565918 -9.671575546264648 -15.839815139770508
-0.8320052027702332 -1.6035257577896118 -1.8612780570983887
-1.8341041803359985 1.0752272605895996 -2.520934820175171
-1.7337751388549805 1.4676867723464966 -3.245853900909424
-1.5785517692565918 1.311052680015564 -3.2844643592834473
-1.651983380317688 1.3378959894180298 -3.353130340576172
-1.5272231101989746 1.1545966863632202 -3.268146514892578
-1.3001739978790283 0.805777370929718 -3.2854294776916504
-1.4798965454101562 1.0603240728378296 -3.1894450187683105
-1.7189606428146362 1.533351182937622 -3.4787120819091797
-1.5482282638549805 1.228782057762146 -3.388378858566284
-1.501966118812561 1.078262448310852 -3.229067802429199
-1.4647481441497803 1.1523094177246094 -3.2377660274505615
-1.5064376592636108 1.1834176778793335 -3.377502918243408
-1.3412590026855469 0.9783902764320374 -3.534675121307373
-1.0488314628601074 0.5553572177886963 -3.239295482635498
-1.0347754955291748 0.4693063795566559 -3.285923719406128
-1.0590823888778687 0.7284910082817078 -4.413668155670166
-1.212238073348999 0.7911789417266846 -3.9859094619750977
-1.2894960641860962 0.6996129751205444 -3.5344505310058594
-1.3651485443115234 0.968612551689148 -3.743377208709717
-1.3608201742172241 0.9714758396148682 -3.8319685459136963
-1.31000816822052 1.1816731691360474 -5.347768306732178
-1.0620081424713135 0.6435012817382812 -3.6898863315582275
-1.5075554847717285 1.2389010190963745 -3.8392696380615234
-1.340566873550415 1.141329050064087 -4.041206359863281
-1.1067508459091187 0.9781520366668701 -4.253167629241943
-0.9878454804420471 1.2891312837600708 -5.702916622161865
-1.3116798400878906 1.2388055324554443 -6.204623222351074
-1.3704537153244019 1.0260941982269287 -3.8421058654785156
-1.2553486824035645 1.0518501996994019 -4.1306891441345215
-1.1955829858779907 1.3162460327148438 -7.463457107543945
-0.9667062163352966 0.9339573383331299 -5.4511518478393555
-0.7662192583084106 1.1681535243988037 -6.713218688964844
-1.0337393283843994 1.539832592010498 -6.898308277130127
-1.1537386178970337 1.6135914325714111 -6.099728584289551
-1.1650657653808594 1.7803013324737549 -6.766613483428955
-1.3196375370025635 1.574296236038208 -6.098088264465332
-0.9722049832344055 1.1873644590377808 -7.401097297668457
-1.2049789428710938 1.6501036882400513 -7.407237529754639
-1.4297339916229248 1.7697899341583252 -6.6501922607421875
-1.3145643472671509 0.006780579686164856 -6.252828598022461
-0.7997183799743652 -1.049262523651123 -2.1125974655151367
-1.5252375602722168 -4.72593879699707 3.2718887329101562
-1.4805525541305542 -5.4382147789001465 4.04271125793457
-0.3612508475780487 -5.540280342102051 3.4472992420196533
-0.35784095525741577 -5.550541877746582 3.488835334777832
-0.3902204632759094 -5.631702423095703 3.5834925174713135
-0.41758009791374207 -5.65888786315918 3.683926582336426
-0.47338205575942993 -5.631250381469727 3.7351653575897217
-0.49452054500579834 -5.656131267547607 3.8205156326293945
-0.4903838634490967 -5.657398223876953 3.827579975128174
-0.47682997584342957 -5.616975784301758 3.786837100982666
-0.3510555028915405 -5.670537948608398 3.6839632987976074
-0.49040812253952026 -5.56222677230835 3.6960690021514893
-0.4870309829711914 -5.630311012268066 3.777048110961914
-0.5295838117599487 -5.556511402130127 3.6059060096740723
-0.513962984085083 -5.497740268707275 3.568748950958252
-0.4173333942890167 -5.720241069793701 3.844863176345825
-0.5528462529182434 -5.677048206329346 3.9519336223602295
-0.5356221199035645 -5.579180717468262 3.797375202178955
-0.4766567051410675 -5.513528823852539 3.6478519439697266
-0.5404878854751587 -5.535848140716553 3.7264556884765625
-0.608493983745575 -5.529336929321289 3.744208812713623
-0.8252503871917725 -5.420727252960205 3.656208038330078
-1.028686285018921 -5.2115960121154785 3.3407537937164307
-0.5798159241676331 -5.50595760345459 3.6569459438323975
-0.595038890838623 -5.297524452209473 3.4250636100769043
-0.9648189544677734 -5.276887893676758 3.437978744506836
-0.7628396153450012 -5.261019229888916 3.4278759956359863
-0.7609506845474243 -5.356048107147217 3.536468982696533
-0.8479905724525452 -5.3106207847595215 3.500054359436035
-0.8831326365470886 -5.309258937835693 3.503932476043701
-0.4144948124885559 -4.248727321624756 2.2122232913970947
0.021425124257802963 -4.447308540344238 2.166898012161255
-0.7454941868782043 -5.198833465576172 3.298569440841675
-1.0754914283752441 -3.8355627059936523 2.232520580291748
-0.7933976650238037 -0.6366780400276184 -0.5887795686721802
-1.4189581871032715 -0.28963735699653625 -0.6378058195114136
0.5863552689552307 -0.9655092358589172 -3.8226852416992188
-1.718986988067627 1.456798791885376 -4.146350383758545
-1.5640695095062256 -0.4593556523323059 -6.50944709777832
-0.621440052986145 -6.843118667602539 -18.350830078125
-1.5444059371948242 -7.9170708656311035 -21.059349060058594
-2.8444314002990723 1.9075775146484375 -4.859277725219727
-2.9100444316864014 2.278491735458374 -4.447978496551514
-2.1052212715148926 2.081486225128174 -6.108801364898682
-2.130171537399292 1.8415871858596802 -4.267872333526611
-2.5931458473205566 1.6609537601470947 -4.487270832061768
-2.797300100326538 1.7648732662200928 -4.203470230102539
-2.902657985687256 1.5741430521011353 -3.7238245010375977
-2.9341001510620117 1.208079218864441 -2.307300567626953
-2.995901584625244 1.300924301147461 -2.616670846939087
-3.0237669944763184 1.1233153343200684 -2.3001089096069336
-2.7752976417541504 1.2797085046768188 -2.735593795776367
-1.2650083303451538 0.5780012607574463 -4.036290645599365
-2.7846782207489014 0.9712114334106445 -2.3855109214782715
-2.746065616607666 1.1900432109832764 -2.598433017730713
-2.7149581909179688 1.4361494779586792 -2.7761738300323486
-2.528843402862549 1.2864669561386108 -3.172111749649048
-2.5051608085632324 1.74200439453125 -3.5650198459625244
-1.9354411363601685 1.4756606817245483 -3.768200159072876
-0.3951857388019562 0.258931040763855 -4.82560920715332
-2.3563425540924072 1.541340708732605 -3.4304800033569336
-2.350796699523926 1.639495849609375 -3.687028169631958
-1.3505452871322632 1.481675148010254 -5.067339897155762
-1.4745503664016724 1.5906139612197876 -4.717756748199463
-2.1289875507354736 2.268188714981079 -4.593042850494385
-1.322782039642334 1.354954481124878 -5.430883407592773
-1.2614128589630127 1.5817795991897583 -5.382589340209961
-1.2452633380889893 1.5860927104949951 -5.750818252563477
-1.5165590047836304 1.6946582794189453 -5.564478874206543
-1.9159458875656128 1.9585500955581665 -4.560327529907227
-2.063779592514038 1.5613353252410889 -3.9734420776367188
-1.872090220451355 1.7677090167999268 -4.189243316650391
-1.590212345123291 1.9948116540908813 -5.9282402992248535
-1.1548399925231934 1.4894939661026 -5.286195278167725
-1.0428566932678223 1.411274790763855 -5.423920154571533
-1.0523476600646973 1.3680191040039062 -5.252914905548096
-1.163559913635254 1.4275239706039429 -4.991343021392822
-0.9656660556793213 0.9913303852081299 -5.4048943519592285
-1.2615495920181274 1.2051254510879517 -7.210968971252441
-0.2758910059928894 0.512873649597168 -6.144111633300781
-0.9014825820922852 0.7408892512321472 -6.803382396697998
-0.7421832084655762 1.0376160144805908 -6.155778408050537
-0.8812898993492126 0.581331193447113 -9.51763916015625
-1.3879873752593994 2.083749294281006 -7.302595615386963
-0.9525129795074463 1.5442372560501099 -6.310035228729248
-1.501076340675354 1.7068082094192505 -4.813869476318359
-1.1048645973205566 1.514011025428772 -5.376729488372803
-1.1332625150680542 1.2987464666366577 -4.395056247711182
-1.2937930822372437 1.5907261371612549 -5.4132843017578125
-1.3591675758361816 1.4338998794555664 -4.551231861114502
-1.4160630702972412 1.4936507940292358 -4.279321670532227
-1.5599033832550049 1.5583003759384155 -4.8789286613464355
-1.6909846067428589 1.6330069303512573 -4.273906230926514
-1.5037556886672974 1.520393967628479 -4.312625885009766
-1.3861196041107178 1.4169498682022095 -4.3505144119262695
-1.5062414407730103 1.8496465682983398 -5.2983479499816895
-1.438522458076477 1.59930419921875 -4.3754119873046875
-1.5616697072982788 1.4224388599395752 -4.037031173706055
-1.6813604831695557 1.5740537643432617 -4.222471237182617
-1.6649847030639648 1.6461760997772217 -3.754263162612915
-1.8354133367538452 1.4546921253204346 -3.3981173038482666
-1.4689419269561768 1.202526569366455 -3.4796032905578613
-1.5649361610412598 1.8203524351119995 -4.932027339935303
-1.3498859405517578 1.7615618705749512 -5.89398717880249
-0.8319487571716309 1.2396471500396729 -5.484649658203125
-1.2588239908218384 1.696435809135437 -7.8004045486450195
-1.1903276443481445 2.044600486755371 -7.788122653961182
-0.7010113000869751 1.6598397493362427 -7.318587779998779
-1.019658088684082 1.6763854026794434 -7.622191429138184
-1.0946184396743774 1.325720191001892 -5.910116195678711
-0.9525102376937866 1.5308161973953247 -6.185496807098389
-1.260859489440918 1.5687634944915771 -6.650525093078613
-0.8288856744766235 1.194970965385437 -6.355926990509033
-1.1732770204544067 1.219313621520996 -7.794463157653809
-1.194238543510437 0.920548141002655 -6.711995601654053
-0.48336780071258545 -1.2485343217849731 -8.347715377807617
-0.6045153737068176 -0.3261949419975281 -6.317059516906738
-1.4548190832138062 0.16493475437164307 -6.767775535583496
-1.0132287740707397 -0.5259132981300354 -5.792120456695557
-1.4131337404251099 -1.2306649684906006 -7.089974403381348
-0.7913186550140381 -0.78533536195755 -2.906780242919922
-0.887818455696106 -3.028108596801758 1.5020570755004883
-0.5042286515235901 -5.353553295135498 3.2364466190338135
-0.4902305603027344 -5.522455215454102 3.3963425159454346
-0.4646013379096985 -5.577757358551025 3.4267656803131104
-0.45470261573791504 -5.649929523468018 3.5043137073516846
-0.4096198081970215 -5.691565990447998 3.5114593505859375
-0.43459463119506836 -5.72415018081665 3.5812299251556396
-0.43544691801071167 -5.678067684173584 3.549112319946289
-0.43593427538871765 -5.699769020080566 3.575892686843872
-0.4933030605316162 -5.655074119567871 3.6382365226745605
-0.4300936162471771 -5.692425727844238 3.596114158630371
-0.4859756827354431 -5.698854923248291 3.6570165157318115
-0.4307365417480469 -5.769953727722168 3.6607677936553955
-0.44009941816329956 -5.702369689941406 3.608546733856201
-0.4173593819141388 -5.721867561340332 3.590041160583496
-0.43145492672920227 -5.7090229988098145 3.600285053253174
-0.562262237071991 -5.626285552978516 3.7681188583374023
-0.5187234878540039 -5.756556034088135 3.863985538482666
-0.5269849896430969 -5.752701759338379 3.901043653488159
-0.5045525431632996 -5.763040542602539 3.9070045948028564
-0.563952624797821 -5.795688629150391 3.9844954013824463
-0.484203964471817 -5.724902629852295 3.8521945476531982
-0.4696785509586334 -5.7427239418029785 3.8741934299468994
-0.0029152147471904755 -5.564338207244873 3.3016066551208496
0.09198860824108124 -5.3840532302856445 3.0384700298309326
-0.4855053424835205 -2.4427525997161865 0.9197291135787964
0.9638410210609436 -9.113365173339844 -7.680051326751709
0.7589284777641296 -3.8655974864959717 0.9383220076560974
0.5662380456924438 -4.728444576263428 2.0174407958984375
-0.34596794843673706 -4.781459808349609 2.8725342750549316
-1.3773287534713745 -6.01452112197876 -0.7883705496788025
1.418630838394165 -3.5797691345214844 -3.371051788330078
0.4939318299293518 -5.310389041900635 -1.0891518592834473
-0.09125884622335434 -4.1638875007629395 -1.5656676292419434
1.6632847785949707 -3.5914103984832764 -2.9223458766937256
0.016011059284210205 -7.45107889175415 -11.708474159240723
0.8825889229774475 -4.1663408279418945 -4.049867153167725
-0.3425743579864502 -3.7992024421691895 -6.529086589813232
-0.29038286209106445 -1.6823983192443848 -4.926128387451172
-2.365635395050049 -7.978478908538818 -19.88835334777832
-2.963517665863037 -6.537773132324219 -25.58037567138672
-2.4073448181152344 -7.568643093109131 -15.618629455566406
-3.4810903072357178 -8.648869514465332 -17.642709732055664
-2.2051234245300293 -7.916253566741943 -22.4622802734375
-1.6097180843353271 -7.956242561340332 -24.719865798950195
-1.7375096082687378 -8.981626510620117 -21.069581985473633
-1.6859380006790161 -8.020716667175293 -24.086849212646484
-2.7330753803253174 -8.490131378173828 -17.8283748626709
-1.866357445716858 -8.530559539794922 -21.902170181274414
-2.625025510787964 -8.34665584564209 -20.406213760375977
-4.053088188171387 -7.935413837432861 -18.039993286132812
-2.737417221069336 -7.870307922363281 -17.392860412597656
-4.4213972091674805 -7.6545515060424805 -18.07537078857422
-2.2717630863189697 -7.617332458496094 -21.919113159179688
-1.772066593170166 -6.238915920257568 -16.607336044311523
-1.1707696914672852 -0.6423000693321228 -3.236116409301758
-0.13541585206985474 -6.0808234214782715 -14.783504486083984
-3.362058401107788 1.8529969453811646 -4.276031494140625
-3.270028829574585 1.8443615436553955 -3.9121170043945312
-3.0869503021240234 1.1802728176116943 -2.951645851135254
-3.0813770294189453 1.0877115726470947 -3.1668078899383545
-3.2176294326782227 2.0108673572540283 -3.7782557010650635
-2.5773720741271973 1.7410579919815063 -5.077812194824219
-2.6430487632751465 1.6292792558670044 -4.193371772766113
-2.892240285873413 0.6218423843383789 -2.0829715728759766
-2.7247936725616455 1.8729097843170166 -4.23667573928833
-2.2243740558624268 1.5773426294326782 -4.836643218994141
-2.089149236679077 1.3381457328796387 -4.8006272315979
-2.0465781688690186 1.3303714990615845 -4.430621147155762
-2.866238594055176 1.4378859996795654 -2.968160390853882
-2.215207576751709 1.3772714138031006 -3.8596677780151367
-2.1608481407165527 1.6689625978469849 -3.6931354999542236
-2.1971142292022705 1.6885775327682495 -4.358375072479248
-2.3699421882629395 2.090277671813965 -5.0599822998046875
-1.4517829418182373 1.0021113157272339 -5.296351432800293
-2.6506829261779785 1.7422511577606201 -3.874462604522705
-2.2989087104797363 1.758994460105896 -4.1452813148498535
-2.796926259994507 1.2906144857406616 -2.610952854156494
-2.4694840908050537 1.383479356765747 -2.4133667945861816
-2.47269868850708 1.2934579849243164 -3.149628162384033
-1.719180941581726 1.2557075023651123 -4.342286586761475
-2.0590078830718994 1.8712468147277832 -4.238499164581299
-2.071328639984131 2.0220656394958496 -4.217409133911133
-2.028844118118286 1.6969388723373413 -4.162627220153809
-2.0136826038360596 1.757387399673462 -3.2493858337402344
-1.3692922592163086 0.7714772820472717 -3.923203945159912
-1.6137937307357788 1.6118725538253784 -4.570716857910156
-1.7138891220092773 1.4961938858032227 -4.083110809326172
-1.7023322582244873 0.8963175415992737 -3.6116151809692383
-1.9494013786315918 1.7981181144714355 -3.8094863891601562
-1.407511591911316 1.4275966882705688 -3.9138646125793457
-1.4127130508422852 1.4320870637893677 -4.402331829071045
-1.3877315521240234 1.350178599357605 -3.50435471534729
-1.7183045148849487 1.4527729749679565 -3.4360265731811523
-1.2327109575271606 1.4084088802337646 -3.456188440322876
-1.6230244636535645 1.5181435346603394 -3.604252338409424
-1.828855276107788 1.895885705947876 -4.164513111114502
-1.494309902191162 1.5985910892486572 -3.55474853515625
-1.4960893392562866 1.46308171749115 -4.1824846267700195
-1.5822958946228027 1.4339054822921753 -3.8476622104644775
-1.290210485458374 1.335418939590454 -4.215550899505615
-0.7575598955154419 0.9658558368682861 -4.6516008377075195
-1.6144438982009888 1.7120898962020874 -4.46156644821167
-1.4935466051101685 1.896083950996399 -5.3275227546691895
-0.6741052865982056 1.2929646968841553 -6.3458476066589355
-1.0505750179290771 1.5340850353240967 -6.4844160079956055
-1.1946775913238525 0.2551426887512207 -7.393886566162109
-0.999472439289093 -0.801497220993042 -6.543342113494873
-0.141730397939682 -1.3286314010620117 -4.088932514190674
-0.22569674253463745 -1.3878116607666016 -4.782046794891357
-1.5023388862609863 -3.660709857940674 -14.00430679321289
-2.4681711196899414 -6.514552116394043 -21.0806941986084
-2.6052279472351074 -6.9700608253479 -21.35723114013672
-0.6844791769981384 -3.7886910438537598 -9.3766508102417
-0.6088107228279114 -0.6238384246826172 -4.309528350830078
-0.8170707821846008 0.23229652643203735 -3.8985579013824463
-0.5384920835494995 -0.04363410919904709 -3.7680916786193848
-0.2603874206542969 -0.6115179061889648 -3.7337188720703125
-0.9615383744239807 -1.2608634233474731 -6.790428638458252
-1.1393052339553833 -1.6388673782348633 -9.992250442504883
-0.9955177307128906 0.22560115158557892 -6.794235706329346
-1.6351959705352783 0.9182117581367493 -7.66642427444458
-1.1069278717041016 0.7871260046958923 -6.095943927764893
-1.3441345691680908 1.1451036930084229 -5.06797981262207
-1.4674298763275146 0.7782555818557739 -3.9100489616394043
-1.2657405138015747 0.8859248161315918 -4.408035755157471
-1.5078718662261963 1.149254560470581 -4.3997015953063965
-1.5733462572097778 0.9187943339347839 -4.230863571166992
-0.8739595413208008 0.5488340854644775 -8.091117858886719
-0.6997470259666443 -2.622594118118286 -9.382654190063477
-0.978305459022522 -2.0816433429718018 -5.473435401916504
-1.7223657369613647 -0.7902913093566895 -1.8846389055252075
-0.827486515045166 -3.8730764389038086 1.6034265756607056
-0.38354575634002686 -6.023391246795654 3.1449594497680664
-0.37431246042251587 -6.105180263519287 3.387371063232422
-0.36888840794563293 -6.040541172027588 3.4385766983032227
-0.326614111661911 -5.938232421875 3.4256751537323
-0.3392651081085205 -5.927320957183838 3.5072927474975586
-0.371951699256897 -5.966005802154541 3.599668502807617
-0.3848828971385956 -5.93345308303833 3.598597288131714
-0.3925035297870636 -5.96533203125 3.672119617462158
-0.4204050302505493 -5.964146137237549 3.7336339950561523
-0.38843879103660583 -5.956758499145508 3.715592384338379
-0.3830749988555908 -5.9742021560668945 3.721003770828247
-0.4076664447784424 -5.8797101974487305 3.6735997200012207
-0.39872193336486816 -5.904926776885986 3.717318296432495
-0.33277833461761475 -5.9186506271362305 3.686351776123047
-0.027313102036714554 -5.811178207397461 3.303194761276245
0.0111604705452919 -6.032196998596191 3.491708993911743
-0.4262997806072235 -5.935554027557373 3.8021581172943115
-0.43443363904953003 -5.868837356567383 3.7616758346557617
-0.33530616760253906 -5.828728199005127 3.644563674926758
-0.25598376989364624 -5.718592643737793 3.4250168800354004
1.440018892288208 -3.8472371101379395 -0.371517151594162
-0.5173743963241577 -9.426511764526367 -13.895963668823242
-0.8874279856681824 -5.235279560089111 -0.3545825779438019
-0.5575062036514282 -5.18160343170166 3.20558500289917
0.8062441349029541 -3.5106444358825684 0.4994989037513733
0.22800660133361816 -10.263891220092773 -12.566675186157227
-0.4455569386482239 -4.192052364349365 2.0449740886688232
-0.2630786895751953 -5.434078216552734 -1.2856886386871338
2.071489095687866 -4.980540752410889 -0.35014936327934265
1.0453877449035645 -5.9550652503967285 2.484478712081909
-0.3803897500038147 -5.26789665222168 3.346625328063965
-0.4765837490558624 -5.606637001037598 3.738447427749634
-0.4219783842563629 -5.618926525115967 3.7144179344177246
-0.32453998923301697 -5.524975299835205 3.5554864406585693
-0.4299001097679138 -5.316772937774658 3.405942916870117
0.12901927530765533 -4.748881816864014 2.2849369049072266
-0.34800833463668823 -4.173576354980469 2.1182000637054443
0.033387456089258194 -1.5172083377838135 -0.4558104872703552
-0.6635929942131042 -1.819847822189331 -8.945952415466309
-1.101029872894287 0.7779406309127808 -2.9871997833251953
-1.3066980838775635 1.274449110031128 -3.2973861694335938
-1.5864304304122925 0.1889442503452301 -8.42916488647461
-0.05588287115097046 -0.7575737833976746 -6.613604545593262
-1.2685145139694214 0.8596351742744446 -3.1315500736236572
-1.3909282684326172 -0.8329542279243469 0.3481422960758209
0.3714243173599243 -3.7109577655792236 1.535483479499817
-0.32710373401641846 -2.1384122371673584 -0.49885618686676025
-3.385345935821533 -6.253255844116211 -25.616662979125977
-1.7670656442642212 -7.95950984954834 -23.54560089111328
-2.2674219608306885 -7.8821611404418945 -21.802268981933594
-1.454742193222046 -6.880361080169678 -29.608604431152344
-1.2057830095291138 -7.221136569976807 -29.256067276000977
-1.676041841506958 -7.578546524047852 -24.167089462280273
-2.8584060668945312 -6.856678485870361 -27.62433433532715
-1.9265968799591064 -7.188121318817139 -25.557170867919922
-2.5440878868103027 -8.244892120361328 -18.76138687133789
-2.6149301528930664 -8.348821640014648 -15.419771194458008
-1.966779351234436 -6.7204084396362305 -17.776880264282227
-2.3933441638946533 -6.657272815704346 -29.34370994567871
-1.5000979900360107 -7.324243068695068 -30.62213897705078
-1.1569936275482178 -7.806164741516113 -26.96168327331543
-2.8131933212280273 0.5529381632804871 -2.8675079345703125
-3.0182743072509766 1.8036171197891235 -5.109541416168213
-3.1880033016204834 2.5389020442962646 -6.182469844818115
-2.7831358909606934 1.9864476919174194 -5.691489219665527
-2.7560441493988037 1.4850164651870728 -4.988024711608887
-2.7920169830322266 1.571973443031311 -4.563144207000732
-2.807640790939331 1.608110785484314 -4.488396644592285
-2.8500115871429443 1.9978501796722412 -4.448484897613525
-2.491300582885742 2.234525680541992 -5.893948078155518
-2.5063936710357666 2.3049612045288086 -5.685152530670166
-2.5296630859375 2.3228344917297363 -5.809545040130615
-2.542583703994751 2.46695613861084 -6.26321268081665
-2.7202236652374268 1.679724931716919 -3.8445940017700195
-3.005927324295044 1.3505516052246094 -2.654345989227295
-2.5032145977020264 1.4622758626937866 -3.2812628746032715
-2.622074842453003 1.532689094543457 -3.7929983139038086
-2.6454896926879883 1.8786191940307617 -4.307352066040039
-2.8468098640441895 1.6040387153625488 -3.430757999420166
-2.5996716022491455 1.9617724418640137 -4.30902624130249
-2.2772328853607178 1.9873547554016113 -5.040462970733643
-1.899012804031372 1.6469498872756958 -4.741121768951416
-2.695197820663452 1.8905515670776367 -3.2813830375671387
-2.8103787899017334 0.797400176525116 -2.259011745452881
-0.5677982568740845 0.2828834652900696 -3.8578789234161377
-1.2785899639129639 0.8527017831802368 -4.42617130279541
-1.0887752771377563 0.39003607630729675 -10.051434516906738
0.04794631898403168 -0.6141728162765503 -7.057560920715332
-0.31366389989852905 -0.11461169272661209 -5.193858623504639
-0.8801938891410828 0.45732736587524414 -3.7599587440490723
-2.2573189735412598 1.5582246780395508 -3.575009822845459
-1.6811981201171875 1.5383270978927612 -4.07070255279541
-2.105440139770508 1.795879602432251 -4.050037860870361
-1.5295993089675903 1.386506199836731 -4.286647796630859
-1.739433765411377 1.9453943967819214 -4.558299541473389
-1.8477396965026855 1.7119072675704956 -3.999873638153076
-2.048452854156494 1.6435216665267944 -4.040946006774902
-1.8628673553466797 1.552034616470337 -3.850635051727295
-1.866723895072937 1.9712985754013062 -3.6272435188293457
-1.3674561977386475 0.9626144170761108 -3.74401593208313
-1.6884406805038452 1.62168288230896 -3.939985513687134
-1.0486698150634766 1.4196999073028564 -4.60111665725708
-1.4845410585403442 1.6654160022735596 -4.282495021820068
-1.4183473587036133 1.5945769548416138 -4.313290119171143
-1.8225256204605103 1.6607189178466797 -3.693115234375
-1.5208579301834106 1.096026062965393 -3.431241512298584
-1.1996772289276123 0.9396531581878662 -3.4365057945251465
-1.1391903162002563 1.2414829730987549 -3.728578805923462
-1.9698631763458252 1.8857489824295044 -3.4959335327148438
-1.6154046058654785 1.5448750257492065 -4.251196384429932
-2.0901107788085938 2.887902021408081 -7.018043518066406
-1.3708164691925049 1.812829852104187 -6.589570045471191
-0.8140367269515991 2.1389036178588867 -8.142874717712402
-0.8763404488563538 1.7621649503707886 -6.890468597412109
-0.2459210902452469 0.8278061151504517 -6.778136730194092
-0.6341081857681274 0.3799777626991272 -5.08404016494751
-1.1135751008987427 0.7239062190055847 -4.512808799743652
-1.1487008333206177 0.7259219884872437 -5.1438212394714355
-1.1839812994003296 1.0522202253341675 -5.787357330322266
-1.281195878982544 -0.51601243019104 -10.395964622497559
-0.05189381539821625 -0.26432108879089355 -5.731533527374268
-1.5032950639724731 1.385471224784851 -5.383012294769287
-1.2458521127700806 1.0478737354278564 -5.936934471130371
-0.934237539768219 0.7799676060676575 -4.90610408782959
-1.4399724006652832 1.5378813743591309 -6.380908012390137
-1.2453551292419434 1.4316343069076538 -7.431792736053467
-1.4375560283660889 1.3068805932998657 -9.070332527160645
-1.2656590938568115 1.2270050048828125 -6.138701915740967
-1.1251269578933716 0.9106764793395996 -5.334689140319824
-0.8573154807090759 0.2387557327747345 -7.02064323425293
-1.4689815044403076 -3.1883413791656494 -19.731765747070312
-1.560299277305603 -6.07789945602417 -29.190345764160156
-3.0646042823791504 -6.434917449951172 -17.302902221679688
-2.245819568634033 -5.256284713745117 -13.076629638671875
-1.3954670429229736 -1.1173065900802612 -2.8406131267547607
-0.5131512880325317 -1.328931450843811 -2.8328702449798584
-0.8276112079620361 -2.543065071105957 -6.730871677398682
-0.9871280789375305 -0.379182368516922 -3.4002487659454346
-1.982055902481079 1.2960317134857178 -3.8777477741241455
-1.8062593936920166 1.3052310943603516 -3.7081451416015625
-1.6037113666534424 0.9605041742324829 -3.5972859859466553
-1.4118123054504395 1.2190135717391968 -4.412617206573486
-0.6908650994300842 -0.98097163438797 -2.877751111984253
-1.9677928686141968 -1.9397437572479248 -1.8368382453918457
-0.9802235960960388 -1.9667730331420898 -0.8280222415924072
-0.5720441341400146 -4.378279685974121 2.4116623401641846
-0.3544619381427765 -5.8375983238220215 3.5322110652923584
-0.3224271535873413 -5.947280406951904 3.611438274383545
-0.34307074546813965 -5.891679763793945 3.59879732131958
-0.37061208486557007 -5.900887966156006 3.654358148574829
-0.3617626130580902 -5.904557228088379 3.7038092613220215
-0.38452866673469543 -5.878937244415283 3.712390184402466
-0.43257078528404236 -5.837141036987305 3.7364211082458496
-0.4087827205657959 -5.783121585845947 3.6794772148132324
-0.3586207628250122 -5.835089206695557 3.637270927429199
-0.28732559084892273 -5.7824506759643555 3.535269021987915
-0.4020724296569824 -5.773812770843506 3.6754307746887207
-0.37507152557373047 -5.771003246307373 3.658834457397461
-0.3044945299625397 -5.7071967124938965 3.546426296234131
0.5881243944168091 -4.930443286895752 1.9832127094268799
0.18941187858581543 -6.1730546951293945 -3.6624789237976074
1.4111285209655762 -5.6216721534729 -3.2628748416900635
0.24305668473243713 -5.613576889038086 -1.3493635654449463
0.29729849100112915 -3.2795982360839844 -0.7171746492385864
-3.516753673553467 -10.10999584197998 -15.709259033203125
-2.5976383686065674 -7.056783676147461 -12.369071960449219
-3.245762825012207 -9.060714721679688 -14.535686492919922
-1.9022588729858398 -5.628745079040527 -9.922099113464355
-0.8363057971000671 -6.795519828796387 -12.429397583007812
-0.34587985277175903 -1.545392632484436 -3.385362148284912
-1.2914174795150757 -0.592753529548645 -0.8798916339874268
-1.4556853771209717 -0.076142817735672 -0.9892441034317017
-1.3558063507080078 0.3181880712509155 -1.5093374252319336
-1.8598538637161255 -0.08101185411214828 -0.6494516134262085
-1.6158926486968994 -0.47071462869644165 -0.35204702615737915
-1.1159731149673462 0.6377617716789246 -2.1662793159484863
-0.27456945180892944 -1.2138922214508057 -1.015235185623169
0.1511767953634262 -1.7328333854675293 -0.28488627076148987
0.32035696506500244 -1.8672459125518799 -0.9901313781738281
-0.6073321104049683 -0.5104114413261414 -0.8062200546264648
0.8088146448135376 -1.1118102073669434 -3.3080883026123047
-1.634421706199646 0.05915576592087746 -1.4147915840148926
0.1624453365802765 -0.8025636672973633 -5.326509952545166
-0.5087721347808838 -7.179455280303955 -19.377052307128906
-0.6102861166000366 -0.4795509874820709 -4.133149147033691
-0.3425658345222473 -1.1498990058898926 -5.626680374145508
0.5745807886123657 -1.9848809242248535 -7.8736701011657715
0.8834332227706909 -2.315905809402466 -7.089978218078613
-0.535528302192688 -0.5420405864715576 -2.8113150596618652
1.1865839958190918 -3.626089572906494 -9.925219535827637
-0.14354993402957916 -0.6731648445129395 -3.791687250137329
-0.07185113430023193 -0.8387957215309143 -5.57240104675293
0.5297508835792542 -1.0793533325195312 -2.8992695808410645
-0.13559871912002563 -3.2525634765625 -9.075085639953613
0.5933502912521362 -3.8670244216918945 -8.656553268432617
-0.08874159306287766 -1.1500904560089111 -1.5329140424728394
0.05823430418968201 -0.7214839458465576 -2.4007062911987305
-1.849174976348877 -3.1173644065856934 -15.469648361206055
-3.3118433952331543 1.1990504264831543 -2.914666175842285
-3.3765220642089844 1.436536431312561 -3.095912456512451
-3.454533338546753 2.1579277515411377 -4.44313907623291
-3.0661892890930176 1.6503360271453857 -4.565917015075684
-3.097064733505249 2.0036849975585938 -4.602179527282715
-3.1158032417297363 2.341787815093994 -4.964618682861328
-3.0085489749908447 2.128814697265625 -4.798223972320557
-3.0394339561462402 1.9771878719329834 -4.278542995452881
-3.0037550926208496 2.243795871734619 -4.893579483032227
-2.880617380142212 1.7245348691940308 -4.184675216674805
-2.6600327491760254 2.5700721740722656 -6.160452842712402
-2.798685073852539 2.4318504333496094 -5.198860168457031
-2.57814359664917 2.358206272125244 -5.595609188079834
-2.4240684509277344 2.2387685775756836 -5.840294361114502
-2.664642810821533 2.631829023361206 -5.633927345275879
-2.412069082260132 2.289095878601074 -5.109091281890869
-2.3111941814422607 2.206998109817505 -5.509933948516846
-2.18114972114563 1.916442632675171 -4.892443656921387
-1.811321496963501 1.3186079263687134 -5.215849876403809
-2.30060076713562 1.8762736320495605 -4.7433342933654785
-2.3494369983673096 2.4085397720336914 -5.083127021789551
-2.1413912773132324 2.4904091358184814 -5.843738555908203
-2.273210287094116 2.357656717300415 -4.995173454284668
-1.807568073272705 1.33444344997406 -4.699357032775879
-1.734616994857788 2.050753593444824 -5.898183822631836
-1.8007051944732666 2.04079008102417 -5.495866298675537
-1.6199328899383545 1.9800118207931519 -6.001348972320557
-2.115468740463257 2.0019264221191406 -4.60742712020874
-1.8387484550476074 1.7399753332138062 -4.533330917358398
-1.6608092784881592 1.6892452239990234 -4.552737236022949
-1.8862587213516235 1.7712945938110352 -3.9567720890045166
-1.837372899055481 1.5850876569747925 -4.161031723022461
-1.727664828300476 1.5954337120056152 -3.999180793762207
-1.673550009727478 1.4982500076293945 -3.8933537006378174
-1.4356034994125366 1.5775600671768188 -4.349750518798828
-1.6712079048156738 2.0826971530914307 -5.284924507141113
-1.5035855770111084 1.7865960597991943 -4.692566871643066
-0.6272653341293335 1.1895344257354736 -5.4631452560424805
-1.2801589965820312 1.5646950006484985 -4.953855514526367
-1.398366093635559 1.5878005027770996 -4.409244060516357
-1.1963837146759033 1.320678472518921 -4.32874059677124
-1.3021230697631836 1.3882719278335571 -4.518506050109863
-0.8097004294395447 0.8021817803382874 -4.77429723739624
-0.6745124459266663 0.7229332327842712 -4.174152851104736
-0.9106947779655457 0.8920654654502869 -4.1181960105896
-0.7189168334007263 0.6124159097671509 -4.5810546875
-1.2222545146942139 -0.60950767993927 -1.126985788345337
-0.8367719650268555 -4.352765083312988 3.0695509910583496
-0.44763344526290894 -5.060555458068848 3.3624155521392822
-0.009304996579885483 -5.310370922088623 3.114178419113159
-0.010143261402845383 -3.8534791469573975 1.3902214765548706
0.14334064722061157 -1.927667260169983 -1.2716275453567505
0.07568232715129852 -0.7152968645095825 -3.1111111640930176
-0.3248126208782196 -0.3898112177848816 -2.755364418029785
-0.9007887840270996 0.20969364047050476 -2.937246561050415
-0.7848979234695435 0.19930949807167053 -2.9158918857574463
-1.2091549634933472 -0.9017637968063354 -3.814052104949951
-0.7430759072303772 -2.6720917224884033 0.268310546875
-0.4955771267414093 -5.48407506942749 3.0594522953033447
-0.46658042073249817 -5.803460121154785 3.3980941772460938
-0.6043606996536255 -5.646742820739746 3.0416369438171387
0.5658484697341919 -3.0717155933380127 -0.3196988105773926
-1.2648980617523193 -3.3776495456695557 -3.0818376541137695
-0.5838205218315125 -4.21348762512207 1.7661199569702148
-0.7390972971916199 -4.7627153396606445 2.382350206375122
-0.9274861812591553 -1.6494102478027344 -1.3609715700149536
-1.0273067951202393 -0.7736027240753174 -5.222174167633057
-1.3592243194580078 -0.7188798189163208 -8.518285751342773
-1.3352893590927124 0.6444871425628662 -6.739701747894287
-1.0310741662979126 1.1749353408813477 -5.60333251953125
-1.3846070766448975 1.6612375974655151 -6.168593406677246
-1.2694017887115479 1.7251582145690918 -6.460879802703857
-0.6165558099746704 0.9960074424743652 -6.653591632843018
-1.0157511234283447 0.869606614112854 -10.042457580566406
-1.4127652645111084 0.7951478958129883 -10.130987167358398
-1.1893718242645264 1.376206874847412 -8.66488265991211
-1.3066157102584839 1.5973061323165894 -6.937386989593506
-2.756533145904541 1.1860759258270264 -4.628475189208984
-1.1303154230117798 -2.817120313644409 0.967390775680542
-0.29186907410621643 -5.959559440612793 3.224245548248291
-0.31146037578582764 -6.171623229980469 3.5260119438171387
-0.31484973430633545 -6.153524875640869 3.6218719482421875
-0.3496730625629425 -6.128717422485352 3.6601181030273438
-0.2667650282382965 -6.197019100189209 3.6603782176971436
-0.3055970370769501 -6.177609443664551 3.7156357765197754
-0.293695330619812 -6.143725395202637 3.7022924423217773
-0.3108527958393097 -6.138487815856934 3.7093617916107178
-0.2548713684082031 -6.143436908721924 3.6633033752441406
-0.28010785579681396 -6.133217811584473 3.753838300704956
-0.3176345229148865 -6.0554728507995605 3.7544915676116943
-0.29466512799263 -6.0858964920043945 3.7681236267089844
-0.32383647561073303 -6.03380823135376 3.807541847229004
-0.29627811908721924 -6.064305782318115 3.790283679962158
-0.36065390706062317 -5.9685750007629395 3.7813117504119873
-0.33755916357040405 -6.051602363586426 3.84352970123291
-0.3890623152256012 -5.957018852233887 3.809277296066284
-0.35867226123809814 -5.935906410217285 3.7554519176483154
-0.277993768453598 -5.914193630218506 3.6613290309906006
-0.29173368215560913 -5.955821514129639 3.732187032699585
-0.35924381017684937 -5.917019367218018 3.779613733291626
-0.40434738993644714 -5.8674421310424805 3.797557830810547
-0.31901612877845764 -5.866637229919434 3.6566529273986816
-0.3727334141731262 -5.810893535614014 3.6705477237701416
-0.34699004888534546 -5.794625759124756 3.6254429817199707
-0.14685916900634766 -5.60966157913208 3.300225257873535
-0.21379564702510834 -5.592989921569824 3.3393867015838623
-0.3814445734024048 -5.697239875793457 3.5722506046295166
-0.3984735310077667 -5.6634321212768555 3.5518176555633545
-0.3472806215286255 -5.670443534851074 3.5336222648620605
-0.33744850754737854 -5.576798915863037 3.4256138801574707
-0.29401519894599915 -5.506433010101318 3.3561103343963623
-0.14836394786834717 -5.2485127449035645 2.999002695083618
0.20489941537380219 -3.5315868854522705 1.1454246044158936
1.0236799716949463 -2.9618077278137207 -6.166759490966797
-1.9005805253982544 -3.2850725650787354 -11.512211799621582
0.7619001865386963 -3.5838072299957275 -7.318556785583496
-3.63986873626709 -7.394968032836914 -19.620208740234375
-1.9641122817993164 -7.566854953765869 -17.816394805908203
0.23935486376285553 -1.624564528465271 -5.515484809875488
-0.569455623626709 0.49049800634384155 -6.035340785980225
-1.7570245265960693 1.9187335968017578 -3.9463329315185547
-1.4997594356536865 1.5465586185455322 -3.5801875591278076
-1.5417560338974 1.5125629901885986 -3.823850631713867
-1.9050434827804565 1.966367244720459 -3.922473907470703
-2.0204520225524902 1.0513414144515991 -2.433579683303833
-1.972872018814087 1.1090577840805054 -2.324069023132324
-1.908006191253662 1.349217414855957 -3.115513324737549
-2.2039856910705566 1.4040710926055908 -2.861962080001831
-2.064846992492676 2.2459750175476074 -4.374566555023193
-1.9687349796295166 2.082747220993042 -4.456048011779785
-1.940062165260315 2.0504558086395264 -4.1247453689575195
-2.080169916152954 1.4681806564331055 -3.493518352508545
-1.8393973112106323 1.7779024839401245 -3.89652419090271
-2.2408483028411865 1.649565577507019 -3.6476891040802
-1.3963863849639893 1.2490208148956299 -3.514949321746826
-0.7998181581497192 1.9220315217971802 -9.299086570739746
-2.5502946376800537 1.4603625535964966 -3.1080589294433594
-3.4461634159088135 1.885165810585022 -3.9103689193725586
-3.257622718811035 1.9528385400772095 -4.301130294799805
-3.1403629779815674 1.7896581888198853 -4.3565263748168945
-3.2475099563598633 1.6975175142288208 -3.9694981575012207
-2.887094736099243 2.1090195178985596 -4.815156936645508
-2.6193816661834717 2.039567232131958 -5.693695068359375
-2.593493938446045 2.2735860347747803 -6.216011047363281
-2.850313186645508 2.0100183486938477 -5.10726261138916
-2.736785650253296 2.246464252471924 -5.045539855957031
-2.6801857948303223 1.895582914352417 -4.627235412597656
-2.5226597785949707 1.8291492462158203 -4.211181640625
-2.2141311168670654 2.083427667617798 -5.6857194900512695
-2.363046884536743 1.8999593257904053 -4.403583526611328
-2.261857748031616 1.7921674251556396 -4.770445346832275
-2.208569288253784 1.6174159049987793 -4.469367027282715
-2.414271831512451 2.1510109901428223 -4.918706893920898
-2.357145309448242 2.0812833309173584 -5.212919235229492
-2.201125144958496 1.988187551498413 -4.465567111968994
-2.3635761737823486 2.3191885948181152 -5.087643623352051
-2.2905373573303223 2.2206037044525146 -5.031765937805176
-2.1306073665618896 2.1259231567382812 -4.909724712371826
-2.2005066871643066 2.262974739074707 -5.096513271331787
-2.101299285888672 1.81926429271698 -4.864718914031982
-2.209973096847534 2.109541416168213 -4.625233173370361
-2.109283685684204 1.8949376344680786 -4.363680839538574
-2.3970730304718018 2.408154249191284 -4.453633785247803
-2.2892017364501953 1.8541059494018555 -4.01160192489624
-1.8164867162704468 1.7328943014144897 -4.2595744132995605
-1.7221722602844238 1.6787915229797363 -4.220449924468994
-2.1074774265289307 2.0386147499084473 -4.182088851928711
-2.251622438430786 1.8620610237121582 -4.094100475311279
-2.0807085037231445 1.6774537563323975 -3.9638099670410156
-1.9537452459335327 1.9898877143859863 -4.527063846588135
-1.812503457069397 1.906278133392334 -4.353448390960693
-1.7346019744873047 1.8624972105026245 -4.403689861297607
-1.137199878692627 1.362792730331421 -4.718822002410889
-0.9844332933425903 1.403158187866211 -4.940510272979736
-1.503845453262329 1.5600296258926392 -3.4925620555877686
-1.7108798027038574 1.667695164680481 -3.523141860961914
-1.72307550907135 1.7228330373764038 -3.5477256774902344
-1.8189913034439087 1.2022898197174072 -3.0562028884887695
-1.8474165201187134 1.3377642631530762 -2.4663357734680176
-1.5274734497070312 1.3455318212509155 -3.487985372543335
-1.0807018280029297 1.4464192390441895 -5.660388946533203
-0.9373161792755127 1.0503209829330444 -4.974614143371582
-0.6504408121109009 0.6948735117912292 -4.600979804992676
-0.5386785268783569 0.4863075613975525 -5.0160980224609375
-0.4789729714393616 0.15009832382202148 -5.627536773681641
-0.6195178627967834 0.549544632434845 -4.94285249710083
-1.1497681140899658 0.9905081987380981 -4.392244338989258
-1.3766549825668335 0.9518777132034302 -3.1105871200561523
-1.3329178094863892 -0.2544417083263397 -0.7625604867935181
-1.1854113340377808 -2.222219705581665 1.4508510828018188
-0.6611450910568237 -5.048964023590088 3.3703248500823975
-0.5187737941741943 -5.662825584411621 3.741565704345703
-0.5028552412986755 -5.77802038192749 3.788789987564087
-0.46202903985977173 -5.864660739898682 3.7808754444122314
-0.4368182420730591 -5.9283528327941895 3.7961478233337402
-0.4055332839488983 -6.076196670532227 3.7885055541992188
-0.4237181842327118 -6.102858543395996 3.7924935817718506
-0.41322240233421326 -6.147482872009277 3.7407402992248535
-0.37607526779174805 -6.307447910308838 3.760369062423706
-0.3671753406524658 -6.321852207183838 3.736401319503784
-0.35337674617767334 -6.400392055511475 3.6137304306030273
-0.40948179364204407 -6.42811393737793 3.695988416671753
-0.31599316000938416 -6.376100063323975 3.335617780685425
-0.3705625534057617 -6.525824546813965 3.5333430767059326
-0.3633759915828705 -6.554712295532227 3.384070634841919
-0.27138280868530273 -6.621908187866211 3.3084797859191895
-0.25524598360061646 -6.640015125274658 3.157459020614624
-0.20695975422859192 -6.63346004486084 3.176457166671753
-0.16994085907936096 -6.659953594207764 3.1647565364837646
-0.13911888003349304 -6.702241897583008 3.2241666316986084
-0.12872104346752167 -6.716129302978516 3.2048213481903076
-0.14405538141727448 -6.635153293609619 3.149270534515381
-0.1386929154396057 -6.691940784454346 3.1145129203796387
-0.062103983014822006 -6.703968524932861 3.0960135459899902
-0.110317662358284 -6.604601860046387 3.309683322906494
-0.18082332611083984 -6.604931831359863 3.4970757961273193
-0.12710857391357422 -6.576450824737549 3.523899793624878
-0.16921082139015198 -6.496640682220459 3.5842435359954834
-0.15677505731582642 -6.555344581604004 3.6686336994171143
-0.18340563774108887 -6.427602291107178 3.6916332244873047
-0.1132223829627037 -6.5104875564575195 3.702491521835327
-0.23171646893024445 -6.351077556610107 3.7474632263183594
-0.18523666262626648 -6.420884132385254 3.8076183795928955
-0.17491726577281952 -6.350399017333984 3.725062131881714
-0.17048797011375427 -6.3168768882751465 3.709613800048828
-0.275612473487854 -6.261338233947754 3.805392026901245
-0.3224296569824219 -6.229682922363281 3.8833980560302734
-0.37363606691360474 -6.139760494232178 3.8646106719970703
-0.3814765214920044 -6.086403846740723 3.863187313079834
-0.35437580943107605 -6.123748302459717 3.8483242988586426
-0.3570304811000824 -6.00619649887085 3.759035110473633
-0.0675971657037735 -6.093355178833008 3.579556465148926
-0.21628911793231964 -5.938082218170166 3.5750977993011475
-0.309606671333313 -5.922883987426758 3.673457384109497
-0.2826656103134155 -5.287412166595459 3.0459275245666504
-0.24925675988197327 -7.31846809387207 -2.4566071033477783
-0.23321640491485596 -5.381106376647949 3.035653829574585
-0.41896387934684753 -5.846388816833496 3.743130683898926
-0.35859981179237366 -5.824503421783447 3.6193759441375732
-0.317979097366333 -5.897263526916504 3.7090625762939453
-0.35728058218955994 -5.8874993324279785 3.7149341106414795
-0.3215682804584503 -5.8498969078063965 3.637969732284546
-0.2979980409145355 -5.806673049926758 3.5700039863586426
-0.31310486793518066 -5.763343811035156 3.530102014541626
-0.4447742998600006 -5.735051155090332 3.6050987243652344
-0.4041012227535248 -5.752591609954834 3.5942728519439697
-0.5391381978988647 -5.602653980255127 3.5452845096588135
-0.5426997542381287 -5.571434020996094 3.5198376178741455
-0.5560986995697021 -5.595109462738037 3.5402584075927734
-0.5371975302696228 -5.616454124450684 3.529938220977783
-0.3685230016708374 -4.971566200256348 2.7659871578216553
0.21513506770133972 -5.139954090118408 2.438790798187256
-0.5584628582000732 -5.4111833572387695 3.2870771884918213
-0.6916447877883911 -5.424107074737549 3.4332196712493896
-0.6628427505493164 -5.377796173095703 3.322298049926758
-0.6421991586685181 -5.333617210388184 3.2939555644989014
-0.4894581139087677 -5.141280174255371 2.9893438816070557
-0.4783441424369812 -2.4645941257476807 0.6989858746528625
2.2321531772613525 -5.707980155944824 -3.4113197326660156
0.3328111171722412 -3.4487087726593018 0.6849578619003296
1.6347274780273438 -9.081169128417969 -9.403745651245117
0.01834321767091751 -2.6452572345733643 0.3152892589569092
-0.3083522915840149 -7.156912803649902 -14.599264144897461
-0.7033586502075195 -5.676693916320801 -14.207146644592285
0.46316948533058167 -2.5586817264556885 -1.1456760168075562
2.8368608951568604 -5.581301212310791 -3.282423496246338
-0.11964999884366989 -4.5787200927734375 2.02608585357666
-0.6884549856185913 -5.034979343414307 2.8889970779418945
-1.416196584701538 -5.167407512664795 3.3940281867980957
-1.3739153146743774 -5.194614410400391 3.373905658721924
-1.4606919288635254 -5.196308135986328 3.431952953338623
-1.5010275840759277 -5.239319324493408 3.4801130294799805
-1.5615259408950806 -5.24387788772583 3.5227503776550293
-1.6157766580581665 -5.1929240226745605 3.4710874557495117
-2.7490572929382324 2.274980306625366 -5.620917797088623
-2.0507850646972656 1.6809979677200317 -6.261408805847168
-1.9560000896453857 2.029832363128662 -6.059765815734863
-2.858602523803711 1.7781132459640503 -4.288222789764404
-3.246652126312256 2.0054638385772705 -4.080045223236084
-3.1322524547576904 2.278217315673828 -4.849871635437012
-3.0040664672851562 2.3939738273620605 -4.872892379760742
-2.239149332046509 2.196363925933838 -6.347214698791504
-1.7288482189178467 1.8486336469650269 -6.389002799987793
-1.1012706756591797 1.0268253087997437 -7.318373203277588
-1.8121720552444458 2.088245153427124 -4.78252649307251
-2.254884958267212 2.0315959453582764 -5.456737518310547
-2.7563302516937256 1.6968053579330444 -4.408290863037109
-2.213376522064209 2.019425392150879 -5.249359607696533
-2.071476697921753 1.4710901975631714 -4.303653717041016
-2.1104960441589355 1.972058653831482 -5.113820552825928
-2.1518728733062744 2.3159403800964355 -5.718047142028809
-1.5926271677017212 1.8616806268692017 -6.031037330627441
-1.742582082748413 2.422515392303467 -5.802978515625
-2.3486862182617188 2.497640609741211 -5.718490123748779
-1.927189588546753 2.184375286102295 -5.654492378234863
-1.215841293334961 1.2078737020492554 -8.527933120727539
-1.4778707027435303 1.6206704378128052 -5.301143646240234
-1.5456366539001465 1.8729736804962158 -5.935055732727051
-2.3087854385375977 2.9825708866119385 -7.081397533416748
-1.7821162939071655 1.8594720363616943 -5.064194679260254
-1.8587219715118408 1.9066179990768433 -4.567229270935059
-2.155592203140259 2.0255355834960938 -4.409908294677734
-1.3540258407592773 1.748164176940918 -5.854272842407227
-1.5695791244506836 1.877109169960022 -5.061100006103516
-1.3677761554718018 1.4395524263381958 -4.91181755065918
-1.8012025356292725 2.0778448581695557 -5.41399621963501
-1.8134547472000122 1.7344101667404175 -3.517014980316162
-1.7996876239776611 1.7102245092391968 -3.8078904151916504
-1.5857583284378052 1.5521315336227417 -3.9792532920837402
-1.7903227806091309 1.752312183380127 -3.769979476928711
-1.7608540058135986 1.5868709087371826 -3.5829505920410156
-1.4214935302734375 1.2569700479507446 -3.362548351287842
-1.4350128173828125 1.1994287967681885 -3.522441864013672
-1.2477000951766968 1.4402499198913574 -4.30795955657959
-1.291724443435669 1.554983377456665 -4.666045188903809
-1.38178551197052 1.7063961029052734 -5.3367390632629395
-1.2705389261245728 1.9363529682159424 -6.448531150817871
-1.6262449026107788 2.226341724395752 -6.516415596008301
-0.9262427091598511 1.4924156665802002 -6.546239376068115
-1.0070472955703735 1.8354952335357666 -7.2004523277282715
-0.962851345539093 1.9445222616195679 -7.395946025848389
-1.089634656906128 1.5747114419937134 -6.614466667175293
-0.7385532855987549 1.1089069843292236 -6.52170467376709
-0.8378036022186279 1.2206848859786987 -6.3425421714782715
-1.5799152851104736 1.553893804550171 -6.110941410064697
-0.9124343991279602 -0.5370663404464722 -8.024876594543457
0.13038264214992523 -1.226820707321167 -4.92064094543457
-0.8709011673927307 -3.597975969314575 -9.713645935058594
-0.8103842735290527 -2.7018258571624756 -7.707616806030273
-1.0658081769943237 -0.024472452700138092 -3.7450947761535645
-0.4627501368522644 -2.1297812461853027 -7.696605205535889
-1.127572774887085 -3.1138627529144287 -9.133028984069824
-1.1247302293777466 -1.8432023525238037 -7.173877239227295
-1.1383953094482422 -3.5025949478149414 -14.926615715026855
-1.7253577709197998 0.981663167476654 -4.209463596343994
-1.4979363679885864 1.1183621883392334 -3.8405725955963135
-1.4517886638641357 -0.5411339998245239 -1.2798911333084106
-0.7625231146812439 -3.553539752960205 1.6850619316101074
-0.3455621600151062 -5.892284870147705 3.436729907989502
-0.1636372059583664 -6.268897533416748 3.5224227905273438
-0.21907050907611847 -6.239441871643066 3.4734346866607666
-0.2292536199092865 -6.328622341156006 3.3951265811920166
-0.2953885793685913 -6.44590950012207 3.296104907989502
-0.15619416534900665 -6.460022926330566 3.288506031036377
-0.16383802890777588 -6.571601390838623 3.3995914459228516
-0.17260271310806274 -6.610109806060791 3.35768985748291
-0.1896612048149109 -6.581248760223389 3.4028756618499756
-0.16600750386714935 -6.640756130218506 3.3743271827697754
-0.19507227838039398 -6.563494682312012 3.3880867958068848
-0.17594893276691437 -6.61620569229126 3.4653666019439697
-0.12076601386070251 -6.60286283493042 3.4117956161499023
-0.16772465407848358 -6.496590614318848 3.474264621734619
-0.15259413421154022 -6.532114505767822 3.5037028789520264
-0.12761855125427246 -6.530296802520752 3.3440403938293457
-0.06794267892837524 -6.505270481109619 3.4148943424224854
-0.12074452638626099 -6.4852614402771 3.528066396713257
-0.09938755631446838 -6.375382423400879 3.5690629482269287
-0.059056684374809265 -6.381688594818115 3.4596903324127197
0.005099155008792877 -6.348031044006348 3.4022984504699707
-0.007331028580665588 -6.391485214233398 3.459169864654541
-0.06385505944490433 -6.337950706481934 3.4755735397338867
-0.08703040331602097 -6.315341472625732 3.6211330890655518
-0.12752750515937805 -6.229237079620361 3.61843204498291
-0.14708475768566132 -6.226730823516846 3.6921427249908447
-0.1295500099658966 -6.139835834503174 3.5936851501464844
-0.19114810228347778 -6.153988838195801 3.7112441062927246
-0.2165890783071518 -6.100920677185059 3.702122926712036
-0.18762505054473877 -6.077569484710693 3.6718897819519043
-0.21375323832035065 -5.9928412437438965 3.629363536834717
-0.23297768831253052 -5.9311699867248535 3.626251697540283
-0.22400254011154175 -5.898705959320068 3.6138429641723633
-0.29231515526771545 -5.914872646331787 3.6812028884887695
-0.36736083030700684 -5.729577541351318 3.422084331512451
-0.24823322892189026 -5.884560585021973 3.6354689598083496
-0.2598055601119995 -5.816517353057861 3.572690963745117
-0.19427448511123657 -5.846037864685059 3.503220796585083
-0.23397594690322876 -5.799503803253174 3.503016471862793
-0.30304646492004395 -5.726052284240723 3.526934862136841
-0.32531291246414185 -5.724020004272461 3.5100040435791016
-0.07768294960260391 -5.695010185241699 3.2579166889190674
-0.09591019153594971 -4.769003391265869 2.44238018989563
1.312624454498291 -4.915438175201416 1.0749231576919556
0.387730211019516 -4.032405376434326 1.2378031015396118
-0.0032210201025009155 -7.562692165374756 -3.511164426803589
-0.612960934638977 -4.439586639404297 2.4970898628234863
-0.5334162712097168 -5.56619119644165 3.4908690452575684
-0.48778393864631653 -5.595579147338867 3.507497549057007
-0.5905972719192505 -5.569896221160889 3.510544538497925
-0.6324815154075623 -5.527214050292969 3.4953982830047607
-0.6782739758491516 -5.541996002197266 3.5233044624328613
-0.7089455127716064 -5.508608341217041 3.5003864765167236
-0.7822717428207397 -5.459051609039307 3.483328342437744
-0.820486843585968 -5.450693130493164 3.491018772125244
-0.8411248922348022 -5.45065450668335 3.4744112491607666
-0.8619649410247803 -5.419193267822266 3.4699690341949463
-0.8793190717697144 -5.462779521942139 3.482480049133301
-0.9737763404846191 -5.402523517608643 3.493319272994995
-0.9847418069839478 -5.397323131561279 3.479555368423462
-1.0381940603256226 -5.331477165222168 3.4371776580810547
-1.0407854318618774 -5.370182514190674 3.501426935195923
-1.1667473316192627 -5.3021559715271 3.428422689437866
-1.1274793148040771 -5.297448635101318 3.3872764110565186
-1.1451276540756226 -5.334295272827148 3.4388153553009033
-1.2101823091506958 -5.27076530456543 3.3528215885162354
-1.3069881200790405 -5.181755065917969 3.3645029067993164
-1.3400788307189941 -5.198531627655029 3.358954906463623
-1.3264082670211792 -5.229519367218018 3.350231409072876
-1.1483674049377441 -4.659104347229004 2.7351598739624023
-0.29924148321151733 -3.56807541847229 1.1333118677139282
2.4540140628814697 -5.0317864418029785 -0.47877663373947144
-1.4875463247299194 -4.442422866821289 2.5835981369018555
-2.6408698558807373 1.9325554370880127 -5.186071872711182
-2.5111148357391357 1.921923279762268 -4.77866792678833
-2.4515860080718994 1.8847944736480713 -5.111701488494873
-2.435077667236328 2.1735353469848633 -5.615196228027344
-2.5209414958953857 2.5354843139648438 -5.922336578369141
-2.4309628009796143 2.2990121841430664 -5.735589027404785
-2.399278163909912 2.179718494415283 -5.914923667907715
-2.8702571392059326 2.177190065383911 -4.205387592315674
-3.0391595363616943 1.8454670906066895 -3.811007261276245
-3.034682273864746 1.9123501777648926 -3.956630229949951
-2.668992280960083 1.9472932815551758 -4.388510704040527
-2.7718043327331543 1.9386780261993408 -4.253289222717285
-2.54689359664917 1.9611066579818726 -4.561533451080322
-2.4024949073791504 1.998582363128662 -4.580079078674316
-2.537976026535034 1.5997337102890015 -4.164929389953613
-2.635462999343872 1.6651206016540527 -3.80079984664917
-2.688913583755493 2.008875608444214 -4.359778881072998
-2.4561121463775635 1.5131125450134277 -4.117539405822754
-2.2311437129974365 1.6866365671157837 -4.349003314971924
-2.513242721557617 2.061893939971924 -4.836362838745117
-1.9744954109191895 2.128812789916992 -5.428752899169922
-2.9576425552368164 2.896975517272949 -4.98527717590332
-1.1963975429534912 0.4966309666633606 -5.079762935638428
-2.569688320159912 1.9063901901245117 -4.470935344696045
-2.503941059112549 1.6205812692642212 -3.6963655948638916
-2.1713883876800537 1.8097362518310547 -4.387065887451172
-2.0178775787353516 2.3205020427703857 -5.2421064376831055
-1.2433117628097534 1.1579575538635254 -6.493467807769775
0.3576164245605469 -4.7562360763549805 -14.405622482299805
-2.4515981674194336 1.2319538593292236 -3.303926706314087
-2.0852317810058594 1.5961259603500366 -4.236354351043701
-1.4306659698486328 1.5364080667495728 -4.6610283851623535
-1.245102047920227 1.4263592958450317 -4.63028621673584
-1.6852127313613892 1.8892176151275635 -5.168331623077393
-1.290933609008789 1.4651298522949219 -4.518436908721924
-1.5187383890151978 1.6533210277557373 -4.892685890197754
-1.882333517074585 2.22799015045166 -5.1134138107299805
-1.6582258939743042 2.0209712982177734 -5.092338562011719
-1.6798557043075562 1.7084591388702393 -4.176957130432129
-2.0524559020996094 2.303758382797241 -4.930931568145752
-1.8278700113296509 2.0504891872406006 -4.943629741668701
-1.191574215888977 1.612682819366455 -5.229659080505371
-1.8142499923706055 1.8095858097076416 -4.387665271759033
-2.0574700832366943 2.1193180084228516 -4.334969520568848
-2.0768465995788574 2.33756685256958 -4.518763065338135
-1.5731943845748901 1.78653085231781 -4.742448329925537
-0.9102147221565247 1.0723079442977905 -4.685723304748535
-1.1871336698532104 1.4462270736694336 -5.057551383972168
-1.1125620603561401 1.4235652685165405 -5.628495216369629
-0.655356764793396 0.7124025821685791 -8.919495582580566
-0.5261793732643127 0.11679297685623169 -6.545601844787598
0.1863487958908081 -1.1295357942581177 -5.935376167297363
-0.6585317254066467 -0.9462093710899353 -4.9205498695373535
-0.7206338047981262 -1.2065328359603882 -4.592296600341797
-0.5846496224403381 -2.074826240539551 -4.54519510269165
-0.33904755115509033 -1.0472279787063599 -3.8656697273254395
-0.06501069664955139 -1.1292811632156372 -4.267369270324707
-0.6867258548736572 -1.7920719385147095 -6.520955562591553
-1.147213339805603 0.6478188037872314 -4.960746765136719
-1.3781143426895142 1.3562921285629272 -5.65091609954834
-1.7346999645233154 0.7971141338348389 -5.8002519607543945
-1.465685486793518 -1.6415573358535767 -0.022131651639938354
-0.3501449227333069 -5.4282965660095215 3.1111490726470947
-0.30795055627822876 -5.687186241149902 3.149484395980835
-0.8088545203208923 -3.4447097778320312 1.6311254501342773
-0.9168751239776611 -0.19805443286895752 -3.2423415184020996
-1.334383487701416 0.7099190950393677 -4.158701419830322
-1.583911418914795 -0.4834253787994385 -2.007197856903076
-0.9663567543029785 -2.9479665756225586 0.5324738025665283
0.4130821228027344 -2.0079405307769775 -3.8084020614624023
-0.4010564088821411 -1.2177741527557373 -7.6503424644470215
-1.1072311401367188 0.31507253646850586 -4.23336124420166
-1.2810373306274414 -1.243483066558838 -1.1562988758087158
-0.7104803919792175 -4.183371067047119 1.6187918186187744
-0.28590989112854004 -6.031782150268555 3.0858428478240967
-0.24343524873256683 -6.352585792541504 3.3067069053649902
-0.12939238548278809 -6.392337799072266 3.2998294830322266
-0.15956632792949677 -6.281513214111328 3.400136947631836
-0.19987694919109344 -6.205503940582275 3.3925070762634277
-0.17980079352855682 -6.341313362121582 3.446988105773926
-0.10336153209209442 -6.37269926071167 3.4576351642608643
-0.12082561105489731 -6.329181671142578 3.446720838546753
0.2229609191417694 -6.6790008544921875 3.4534108638763428
0.05654624104499817 -6.297434329986572 3.3559515476226807
-0.10927838087081909 -6.13937520980835 3.4140868186950684
-0.09089696407318115 -6.127830505371094 3.454972743988037
-0.07505201548337936 -6.28178071975708 3.5638887882232666
-0.15118317306041718 -6.165342330932617 3.567321538925171
-0.1853743940591812 -6.187850475311279 3.665616273880005
-0.23655518889427185 -6.180883407592773 3.7519161701202393
-0.18750979006290436 -6.164381504058838 3.6947083473205566
-0.259590744972229 -6.018789768218994 3.632082939147949
1.0593825578689575 -6.289626121520996 2.094428300857544
0.24514999985694885 -5.8916401863098145 2.98518705368042
-0.22359225153923035 -5.954809188842773 3.5850319862365723
-0.07303842902183533 -6.1386542320251465 3.679564952850342
-0.28040653467178345 -5.964451313018799 3.7480194568634033
-0.09416796267032623 -5.860774993896484 3.512141466140747
-0.18100322782993317 -5.8024749755859375 3.505652666091919
-0.28712883591651917 -5.840383529663086 3.6788463592529297
-0.20209114253520966 -5.962319850921631 3.7118492126464844
-0.21198770403862 -5.852215766906738 3.610431432723999
-0.257523775100708 -5.774317264556885 3.6280415058135986
-0.2772933840751648 -5.789713382720947 3.6561994552612305
-0.18898743391036987 -5.811734199523926 3.607912540435791
0.44014039635658264 -5.443997859954834 2.732013463973999
1.3560489416122437 -6.83419942855835 -1.2555208206176758
-0.32214710116386414 -5.689571857452393 3.5776124000549316
-0.31485652923583984 -5.650960445404053 3.4463725090026855
0.5922759771347046 -4.022093296051025 1.2818087339401245
0.9461178779602051 -9.0886812210083 -7.329870223999023
-0.4621196985244751 -4.589226245880127 2.554777145385742
-0.33630961179733276 -5.6857404708862305 3.617119550704956
-0.5672130584716797 -3.6344165802001953 1.9650301933288574
-0.10214096307754517 -10.843442916870117 -19.42284393310547
-0.6310412883758545 -3.3334434032440186 1.4913060665130615
0.19212061166763306 -2.1379592418670654 -2.504366397857666
0.022944629192352295 -8.508259773254395 -12.237147331237793
0.14126072824001312 -4.129169464111328 1.7426478862762451
0.4882257282733917 -5.376147270202637 2.8323006629943848
1.2098305225372314 -3.700214385986328 -2.501049280166626
-3.7685866355895996 -8.573244094848633 -18.760225296020508
-3.9569835662841797 -9.556892395019531 -14.35409164428711
-1.4075427055358887 -2.438304901123047 0.2985852360725403
1.7112499475479126 -9.866442680358887 -13.538422584533691
-0.4582015872001648 -4.147547721862793 2.125213384628296
-0.7110275626182556 -5.0978803634643555 3.063300609588623
-0.4984126687049866 -5.014151096343994 2.7664053440093994
-1.0290731191635132 -4.9079976081848145 3.0460071563720703
-1.1385403871536255 -5.20171594619751 3.307788610458374
-1.2164369821548462 -5.1126179695129395 3.2396883964538574
-1.1965007781982422 -5.123552322387695 3.249539852142334
-0.9582825303077698 -4.801185131072998 2.887050151824951
-0.37528783082962036 -3.8401477336883545 1.2456215620040894
-1.0831958055496216 -4.20107889175415 2.2302799224853516
-0.683144211769104 -4.113868236541748 2.006512403488159
-0.4975932240486145 -4.567431926727295 2.2503390312194824
-0.7764082551002502 -0.9391331076622009 -6.077353477478027
-0.6316957473754883 0.3024042844772339 -7.13604736328125
-0.8827782869338989 -0.17993465065956116 -7.728760719299316
0.09905882179737091 -1.0503231287002563 -5.646825790405273
-1.1153700351715088 -2.2462265491485596 -8.012543678283691
-0.4714212417602539 0.00017145276069641113 -7.423843860626221
-2.5225040912628174 2.3982372283935547 -5.011791229248047
-2.624664783477783 2.684708833694458 -5.9043121337890625
-1.8483084440231323 1.306166648864746 -6.192973613739014
-2.3038604259490967 2.449730396270752 -6.356783866882324
-1.8459185361862183 2.1441290378570557 -6.006780624389648
-1.7441571950912476 0.9384639263153076 -6.5992302894592285
-2.115464210510254 1.8484063148498535 -4.915813446044922
-1.029550313949585 0.7682936787605286 -4.144561290740967
-2.0462706089019775 1.1915199756622314 -3.9882750511169434
-1.9013618230819702 1.741638422012329 -4.549927234649658
-1.8484108448028564 1.8956718444824219 -4.922433376312256
-1.8818844556808472 2.144505262374878 -5.554128646850586
-2.062490940093994 2.1017019748687744 -4.914339542388916
-2.125159740447998 2.119992256164551 -4.698803424835205
-2.1000266075134277 1.75520658493042 -4.30913782119751
-1.8894275426864624 1.6769870519638062 -4.293338775634766
-2.2327396869659424 2.3354809284210205 -4.6809587478637695
-1.421703577041626 1.6676619052886963 -5.360393047332764
-1.6538195610046387 1.953826904296875 -5.633452892303467
-1.9582651853561401 2.000368118286133 -5.038194179534912
-1.4019908905029297 1.607174277305603 -5.3551154136657715
-1.9410886764526367 2.2044034004211426 -5.716897964477539
-1.7718968391418457 1.8849228620529175 -4.98085880279541
-1.4647576808929443 1.8906714916229248 -5.779696464538574
-1.6436909437179565 1.815199375152588 -4.982028961181641
-1.554663062095642 1.841787338256836 -4.960348129272461
-1.4219086170196533 1.5201616287231445 -4.369174003601074
-1.30421781539917 1.7699886560440063 -5.624072074890137
-0.5230666399002075 0.6441022753715515 -5.643815040588379
-0.9351113438606262 1.065787672996521 -5.581354141235352
-0.5051067471504211 0.7067438364028931 -5.713445663452148
-0.8586517572402954 1.3533662557601929 -6.022637367248535
-1.120479702949524 1.3624024391174316 -5.572369575500488
-1.0897972583770752 1.5475693941116333 -6.2522172927856445
-1.5254641771316528 1.9895375967025757 -6.237096309661865
-0.4913666844367981 0.9019853472709656 -6.743588447570801
-0.8539435863494873 1.3860788345336914 -5.501245498657227
-0.9776121377944946 1.792563796043396 -6.861011981964111
-1.174296498298645 1.994045376777649 -6.860671043395996
-1.2063980102539062 1.9253368377685547 -6.768702983856201
-1.2126970291137695 1.8024982213974 -6.22133207321167
-1.2135164737701416 1.5050402879714966 -6.441851615905762
-1.1201040744781494 1.9283500909805298 -7.156833648681641
-1.0584989786148071 1.600324273109436 -5.887846946716309
-1.3941012620925903 1.6651878356933594 -5.20794153213501
-1.8740684986114502 1.7604528665542603 -4.027299880981445
-1.6421900987625122 1.1995315551757812 -3.4554829597473145
-1.152633547782898 0.9710583090782166 -4.452412128448486
-0.6775691509246826 0.8715736865997314 -7.74383020401001
-1.3194701671600342 1.1280021667480469 -4.554356098175049
-1.63029146194458 1.4669106006622314 -4.0475263595581055
-1.298355221748352 0.9691556096076965 -4.040244102478027
-0.9302191734313965 1.122551679611206 -6.715087413787842
-1.0292160511016846 0.8905236721038818 -6.266055107116699
-1.4361159801483154 1.3564269542694092 -6.074054718017578
-0.8047662377357483 0.9099418520927429 -5.451735496520996
-1.0601670742034912 1.4003450870513916 -8.993139266967773
-1.2416749000549316 0.8930118083953857 -9.76220417022705
-0.9173505306243896 1.32827627658844 -7.248140811920166
-0.5005422234535217 1.0023707151412964 -6.807260036468506
-0.9059653282165527 1.3241329193115234 -6.857149600982666
-1.2114824056625366 1.2018619775772095 -5.99737548828125
-1.5885789394378662 1.2725262641906738 -6.4400458335876465
-1.4372799396514893 1.3761701583862305 -5.509228706359863
-1.2624033689498901 1.1106934547424316 -5.7788801193237305
-1.1873705387115479 0.9471911191940308 -5.107514381408691
-1.0851091146469116 0.8321121335029602 -4.7005391120910645
-1.1072520017623901 0.7603062391281128 -4.331418514251709
-1.244881510734558 0.8266245126724243 -4.013059139251709
-1.1693804264068604 0.24795380234718323 -3.2174391746520996
-1.4340988397598267 0.9238467216491699 -3.7378835678100586
-1.2005399465560913 0.7404676675796509 -3.863896131515503
-0.9336683750152588 0.42043328285217285 -3.961237668991089
-0.5892819166183472 -0.09139307588338852 -4.636295795440674
-2.3525726795196533 -0.422865629196167 -4.676295757293701
-0.9563140273094177 -2.5729455947875977 0.27507346868515015
-0.7445045709609985 -3.6956169605255127 1.3485610485076904
-0.42751574516296387 -2.6819000244140625 -0.9207354187965393
-0.3872491121292114 -4.91637659072876 2.381744146347046
-0.14720311760902405 -5.994906425476074 3.310234785079956
-0.2451643943786621 -5.98289155960083 3.3442347049713135
-0.23976996541023254 -6.1045308113098145 3.4052531719207764
-0.198378324508667 -6.085625171661377 3.3079864978790283
0.33109235763549805 -5.6328277587890625 2.221158504486084
0.45375069975852966 -5.961848258972168 1.5786181688308716
-0.0534142404794693 -5.729212760925293 2.94732666015625
-0.22275426983833313 -6.127320766448975 3.6124775409698486
-0.28976771235466003 -5.918188095092773 3.6279964447021484
-0.07635744661092758 -6.00610876083374 3.493213653564453
-0.2239380180835724 -5.760298728942871 3.519514799118042
-0.22618938982486725 -5.777250289916992 3.553741693496704
-0.4602624475955963 -4.070030212402344 2.0885300636291504
0.5115966796875 -7.560639381408691 -9.217463493347168
-0.3957231342792511 -8.163163185119629 -6.371144771575928
-0.4203625023365021 -4.7475361824035645 2.513148784637451
-0.29114070534706116 -5.584121227264404 3.276381015777588
0.04185665026307106 -5.690645694732666 3.285348415374756
0.35321909189224243 -5.428983211517334 2.6183342933654785
-0.26458653807640076 -5.070252895355225 2.7379724979400635
-0.16239488124847412 -5.020510673522949 2.615654706954956
2.466533899307251 -5.555807590484619 0.8376481533050537
2.1513938903808594 -5.903023719787598 0.7798523902893066
-0.011629953980445862 -4.895096778869629 2.499371290206909
1.038503646850586 -5.349131107330322 2.2656781673431396
1.309821367263794 -5.155452728271484 1.6688885688781738
-0.6711521744728088 -5.095036506652832 3.0061721801757812
-0.5365880727767944 -5.252259731292725 3.0977766513824463
0.11816766113042831 -3.2917072772979736 0.9535070657730103
1.0192561149597168 -7.518497467041016 -6.345014572143555
2.046844720840454 -5.874444961547852 0.5694029331207275
-0.2644634544849396 -5.010438442230225 2.7906203269958496
-0.457046777009964 -3.93334698677063 2.1451611518859863
1.8200864791870117 -9.826594352722168 -12.797367095947266
-0.580814003944397 -4.663883686065674 2.6989030838012695
-0.5163220763206482 -5.274176597595215 3.2222812175750732
-0.7155640125274658 -5.015186309814453 2.955019235610962
-0.3130130469799042 -5.360785007476807 3.208547353744507
-0.6555538773536682 -5.283787727355957 3.363680601119995
-0.5832456350326538 -4.885565757751465 2.692150592803955
-0.6932610869407654 -5.1303582191467285 3.2139291763305664
0.8841884136199951 -4.732912063598633 0.6475275754928589
2.618638515472412 -6.155911922454834 -0.3307979106903076
-0.6696197390556335 -4.807478904724121 2.6147608757019043
-1.1481547355651855 -5.034540176391602 3.0942881107330322
-0.882379412651062 -5.12001371383667 3.076979637145996
-1.1103968620300293 -5.074501037597656 3.053028106689453
-1.1241024732589722 -5.0413994789123535 3.004761219024658
-0.14748209714889526 -4.815279006958008 2.1721653938293457
1.9087028503417969 -3.567140817642212 -0.34822189807891846
-0.2862834632396698 -5.998991966247559 -11.990084648132324
-0.7247198820114136 -6.102162837982178 -12.521683692932129
-3.589599609375 2.566957950592041 -4.7022624015808105
-3.0262837409973145 2.64839768409729 -5.189704418182373
-3.506488561630249 2.4521536827087402 -4.570887088775635
-3.16036319732666 2.1538174152374268 -4.6574883460998535
-3.424936056137085 2.1912660598754883 -4.272137641906738
-3.1897921562194824 1.6725943088531494 -3.155707359313965
-3.3103833198547363 1.3911974430084229 -2.88162899017334
-3.3517255783081055 1.8737446069717407 -3.4358859062194824
-3.120321750640869 1.9407188892364502 -3.9020044803619385
-3.352797031402588 2.2889151573181152 -4.458656311035156
-3.174288511276245 2.176021099090576 -3.952413320541382
-3.351703405380249 2.1768593788146973 -3.989783525466919
-3.306842088699341 1.5650707483291626 -2.9180915355682373
-3.5226120948791504 1.8905746936798096 -3.313915491104126
-3.33581280708313 1.6923136711120605 -3.50016713142395
-3.2392780780792236 1.8525099754333496 -3.8690783977508545
-3.2045462131500244 2.2260901927948 -3.886887550354004
-3.0209712982177734 2.008730888366699 -3.577993869781494
-2.907175064086914 1.7660729885101318 -3.830044746398926
-2.9140915870666504 1.984994888305664 -3.997455358505249
-2.8243110179901123 1.8618385791778564 -3.9793248176574707
-2.960310459136963 2.3757998943328857 -4.743390083312988
-2.3641557693481445 2.014050245285034 -4.397057056427002
-2.4671921730041504 1.9939414262771606 -4.2062602043151855
-2.479245185852051 1.5239425897598267 -3.6695919036865234
-2.552773952484131 1.7244328260421753 -3.450495719909668
-2.368441343307495 1.3691022396087646 -3.3603882789611816
-2.3034915924072266 1.3612022399902344 -3.373020887374878
-1.8781298398971558 1.5145418643951416 -3.7076661586761475
-1.440367341041565 1.4591542482376099 -4.188953399658203
-1.5913677215576172 1.7132142782211304 -4.445368766784668
-1.5308328866958618 1.7293883562088013 -5.864656448364258
-0.9115837216377258 0.037963926792144775 -5.7592453956604
-0.4420478343963623 -0.9709822535514832 -6.742493629455566
-0.6302130222320557 0.34232616424560547 -4.495960712432861
-0.419492244720459 -0.5397554039955139 -7.886297225952148
-1.4427480697631836 0.36427801847457886 -8.308576583862305
-1.5821237564086914 1.5014421939849854 -6.213681697845459
-1.3501653671264648 1.467707633972168 -6.289670944213867
-0.42055073380470276 0.9211460947990417 -6.996428489685059
-1.0340825319290161 0.48111867904663086 -8.369916915893555
-0.2654503881931305 0.811497151851654 -6.876407623291016
-1.2884341478347778 1.0425140857696533 -7.741261005401611
-0.7674754858016968 1.1203407049179077 -6.400619983673096
-0.8092871904373169 1.4188696146011353 -6.726743221282959
-1.3434116840362549 1.5273385047912598 -5.7276692390441895
-1.3412014245986938 1.1018719673156738 -6.214436054229736
-1.1197247505187988 0.8812413811683655 -4.981182098388672
-1.3729803562164307 1.2477314472198486 -5.349237442016602
-1.0955793857574463 1.6343315839767456 -6.058655261993408
-1.3745352029800415 2.4041666984558105 -7.068384647369385
-0.2881026566028595 0.5536561012268066 -7.037136077880859
-0.8700010776519775 -0.3730720281600952 -9.506806373596191
-1.4954094886779785 0.7023966312408447 -6.684584617614746
-0.8808252811431885 0.40566909313201904 -5.022759914398193
-1.357908844947815 0.1328747272491455 -7.712821960449219
-0.9178786277770996 -0.2670517861843109 -8.081204414367676
-1.9534671306610107 -0.10081188380718231 -9.354094505310059
-0.6460760235786438 0.5143420100212097 -5.5167927742004395
-0.6084344387054443 0.8291583061218262 -7.151519775390625
-1.1508432626724243 0.574405312538147 -7.4286041259765625
-1.441735029220581 0.21780991554260254 -7.794877052307129
-0.9551160335540771 0.8972712159156799 -7.701602935791016
-1.336862564086914 1.367044448852539 -7.455638885498047
-1.0464714765548706 1.2641242742538452 -7.448762893676758
-1.3784503936767578 1.0316181182861328 -8.005660057067871
-1.6828479766845703 1.3986046314239502 -7.6091814041137695
-1.3032480478286743 1.379732370376587 -6.540248394012451
-1.4815272092819214 1.3380861282348633 -5.578857898712158
-1.3836231231689453 1.1245681047439575 -4.709797382354736
-1.2264310121536255 0.030316412448883057 -7.427870273590088
-1.3672245740890503 0.9081884622573853 -4.430449485778809
-1.223027229309082 1.0263733863830566 -4.65484619140625
-1.1517753601074219 0.563640296459198 -4.403553009033203
-1.5007625818252563 -1.118639588356018 -5.753872871398926
-1.3183059692382812 -1.3312939405441284 -1.8469202518463135
-1.2376368045806885 -2.3561248779296875 -0.9930355548858643
-0.6272090077400208 -4.371185302734375 1.0621885061264038
-0.3816724419593811 -5.924987316131592 2.1367926597595215
-0.29244154691696167 -6.149186134338379 2.4023866653442383
-0.15357694029808044 -6.076061248779297 2.4436933994293213
0.31522059440612793 -5.686218738555908 1.6853476762771606
0.0167330801486969 -5.544750690460205 0.5388087630271912
-0.4605152904987335 -7.155866622924805 1.1477304697036743
-0.18485847115516663 -3.5505826473236084 -2.170254707336426
-3.5975046157836914 -10.866517066955566 -13.31460189819336
-1.0990691184997559 -6.942715644836426 -4.273313999176025
-0.2891843914985657 -5.331245422363281 1.787846565246582
-0.2516128718852997 -6.345397472381592 3.158628463745117
-0.18185240030288696 -6.060667514801025 3.3620340824127197
-0.24856476485729218 -6.0512518882751465 3.316315174102783
-0.059626881033182144 -5.5047407150268555 2.8489906787872314
0.16559818387031555 -6.071223258972168 2.634570837020874
-0.05231934040784836 -5.824446678161621 3.0980842113494873
-0.22304759919643402 -5.670199394226074 3.2911696434020996
-0.1490212380886078 -5.778718948364258 3.3769264221191406
0.29414552450180054 -5.7836503982543945 2.9405205249786377
-0.08405615389347076 -5.570323944091797 3.1065707206726074
0.4075761139392853 -3.789875030517578 0.8775242567062378
0.1033814549446106 -8.134461402893066 -6.391942977905273
-0.9676271677017212 -4.2431769371032715 -0.6798529624938965
-0.12946844100952148 -3.9311792850494385 1.1392285823822021
0.8560492992401123 -4.21144437789917 0.857509970664978
0.4504540264606476 -3.3762857913970947 0.05158036947250366
-4.223390102386475 -8.85234260559082 -15.82758903503418
-1.8768154382705688 -9.289514541625977 -21.005924224853516
-3.221395969390869 -5.537794589996338 -8.174622535705566
0.9027579426765442 -4.211968898773193 -0.27610743045806885
-0.08671268075704575 -2.3421831130981445 -0.9582494497299194
-0.6220024824142456 -7.2014360427856445 -16.46662712097168
-3.353853940963745 -7.576394081115723 -20.81638526916504
-1.8660356998443604 -7.388311386108398 -27.905725479125977
-1.4304145574569702 -7.834216117858887 -29.098316192626953
-0.635034441947937 -8.394325256347656 -27.72593116760254
-1.2825205326080322 -8.092660903930664 -28.351673126220703
-1.4863669872283936 -8.028585433959961 -28.692771911621094
-1.5689557790756226 -8.142477035522461 -28.8596134185791
-1.861143946647644 -8.159293174743652 -28.583606719970703
-1.6982601881027222 -8.764620780944824 -24.737878799438477
-1.9747235774993896 -6.826099395751953 -13.116907119750977
1.0611919164657593 -4.889585494995117 -4.268939971923828
-2.7558672428131104 -7.121891021728516 -23.35328483581543
-1.3726013898849487 -7.607565879821777 -26.519201278686523
-2.592460870742798 -9.127636909484863 -19.9204044342041
-2.7381913661956787 -7.959695339202881 -23.139265060424805
-3.556884527206421 -9.021174430847168 -17.835771560668945
-1.937412977218628 -7.718775749206543 -25.20001220703125
-3.067140579223633 -9.19920539855957 -18.13758087158203
-1.0279839038848877 -4.839233875274658 -5.869482040405273
1.3310803174972534 -3.102215528488159 -2.2357277870178223
1.910546064376831 -4.614380359649658 -0.3038139343261719
-0.4752904176712036 -4.546753406524658 2.2886667251586914
-0.4937315583229065 -4.501734733581543 2.3015060424804688
-0.9568161368370056 -5.038458824157715 3.002671718597412
-0.9679379463195801 -5.039361476898193 2.9713785648345947
-1.026995062828064 -4.981095314025879 2.91750431060791
-1.1128123998641968 -5.063985824584961 3.070943832397461
-3.3333327770233154 1.8883209228515625 -3.8122305870056152
-2.948460578918457 2.3321797847747803 -5.116177082061768
-2.9883291721343994 1.998744249343872 -5.084228992462158
-3.3824405670166016 2.3873789310455322 -4.451914310455322
-3.245628595352173 1.7941703796386719 -3.8582046031951904
-2.672048568725586 2.282170534133911 -5.418519496917725
-3.285780429840088 2.0182507038116455 -4.06337833404541
-2.608281373977661 1.8539819717407227 -5.23374080657959
-2.638056755065918 2.1296072006225586 -4.903155326843262
-2.917022228240967 1.651740312576294 -4.05317497253418
-2.618443489074707 2.3456411361694336 -5.535942554473877
-2.7346184253692627 2.4413201808929443 -5.480326175689697
-2.085618734359741 2.1161108016967773 -5.711766719818115
-2.4019370079040527 2.3351802825927734 -5.874983787536621
-3.111445426940918 3.3224616050720215 -6.078759670257568
-2.5894877910614014 2.4376659393310547 -5.302368640899658
-2.798743724822998 2.6365461349487305 -4.949656963348389
-2.87562894821167 1.827508568763733 -3.762434244155884
-2.5684757232666016 2.368557929992676 -5.021726131439209
-2.3604204654693604 2.415111780166626 -5.497226238250732
-1.7319895029067993 1.6448805332183838 -5.745870113372803
-2.1166157722473145 2.3557865619659424 -5.525290012359619
-1.8400743007659912 1.782806396484375 -5.3020124435424805
-2.4300084114074707 2.55842661857605 -5.0781941413879395
-2.5816879272460938 2.4756882190704346 -4.9335551261901855
-2.1804733276367188 2.4656102657318115 -5.361794471740723
-2.5286431312561035 2.613607883453369 -4.808008193969727
-2.330949544906616 2.2249507904052734 -4.481263637542725
-2.657500982284546 1.8593305349349976 -3.7754244804382324
-2.5517427921295166 2.1620290279388428 -4.273614883422852
-2.3496830463409424 2.4706337451934814 -4.695454120635986
-1.7913988828659058 1.9484379291534424 -5.470193386077881
-1.3914737701416016 1.251813292503357 -6.728132247924805
-0.9820525646209717 0.7726176977157593 -6.324077606201172
-1.3421012163162231 0.8733017444610596 -5.314926624298096
-0.07135871052742004 -0.23853901028633118 -6.00954532623291
-0.6786038875579834 -0.6072121858596802 -6.983094215393066
-0.8599127531051636 -0.3576884865760803 -5.9231109619140625
0.11953604221343994 -1.2842470407485962 -8.366852760314941
-0.6156809329986572 0.6572840213775635 -6.578360557556152
-0.543997585773468 0.18021342158317566 -6.931777000427246
-1.34442138671875 1.8788508176803589 -7.615542411804199
-0.264553964138031 0.09035852551460266 -6.9113383293151855
-0.7129002213478088 0.7474715709686279 -6.2069010734558105
-1.5132743120193481 1.384868860244751 -8.132232666015625
-1.7873685359954834 0.5568037629127502 -9.107401847839355
-0.8923633098602295 -0.03414924442768097 -7.593614101409912
-0.4832160472869873 0.39089953899383545 -6.728838920593262
-1.0340124368667603 0.2518130838871002 -7.95634651184082
-1.1699731349945068 0.7420387864112854 -7.958799839019775
-0.976500928401947 0.5126409530639648 -7.713324546813965
-0.9874122142791748 0.19694267213344574 -8.572265625
-1.0946778059005737 0.312012642621994 -8.240333557128906
-0.9351351857185364 -0.12832780182361603 -7.221807956695557
-1.4165894985198975 0.4780789911746979 -5.744799613952637
-0.7147929072380066 -1.3761738538742065 -2.6583871841430664
-1.1293808221817017 -4.597446441650391 0.7439965009689331
-1.934817910194397 -4.452408790588379 0.6153031587600708
-1.426975965499878 -4.899979591369629 1.0317991971969604
-2.5927305221557617 -1.9761687517166138 -1.626450538635254
-0.960156261920929 -0.10231076180934906 -3.196392059326172
-1.8425147533416748 -0.20233085751533508 -2.7568559646606445
-0.7300318479537964 -2.6907169818878174 -2.9836864471435547
-0.23609958589076996 -3.9505200386047363 -1.4879448413848877
-1.707599401473999 -5.632035255432129 0.8378329277038574
-1.8921875953674316 -6.296451568603516 2.2255778312683105
-1.354803204536438 -6.495260238647461 3.0986921787261963
-0.9448108673095703 -6.488468170166016 3.2887980937957764
-0.7468696236610413 -6.494560241699219 3.4098403453826904
-0.5098595023155212 -6.545896053314209 3.4166550636291504
-0.47398868203163147 -6.515011787414551 3.491333246231079
-0.4379432797431946 -6.512076377868652 3.5047447681427
-0.4047129452228546 -6.467638969421387 3.4729268550872803
-0.3630615174770355 -6.505059242248535 3.3886001110076904
-0.4154110252857208 -6.520998001098633 3.4622955322265625
-0.36592695116996765 -6.572324752807617 3.3977386951446533
-0.34685882925987244 -6.591205596923828 3.2988953590393066
-0.2971765995025635 -6.574448108673096 3.388336420059204
-0.3107423782348633 -6.492691993713379 3.347292423248291
-0.305681437253952 -6.572696208953857 3.347092390060425
-0.3131062090396881 -6.520460605621338 3.411879539489746
-0.27249738574028015 -6.556536674499512 3.450120210647583
-0.27988719940185547 -6.380125045776367 3.5185482501983643
-0.28074193000793457 -6.364856243133545 3.5281381607055664
-0.29458028078079224 -6.295730113983154 3.5717079639434814
-0.21595926582813263 -6.325901508331299 3.577183961868286
-0.20575469732284546 -6.344557285308838 3.559161424636841
-0.2373730093240738 -6.22239351272583 3.546787738800049
-0.22704492509365082 -6.168120861053467 3.5962436199188232
-0.20402048528194427 -6.053140640258789 3.547755479812622
-0.1329304277896881 -5.945069789886475 3.4457263946533203
-0.15454211831092834 -5.820910453796387 3.3813891410827637
0.055508457124233246 -5.551446914672852 2.6375608444213867
0.2936078608036041 -5.745482921600342 2.0803661346435547
-0.04543215036392212 -5.492569923400879 2.933881998062134
0.5227348208427429 -5.799746513366699 2.662179946899414
0.1557455062866211 -4.572230339050293 2.012547492980957
-0.376457154750824 -3.360668182373047 -2.597074270248413
-1.4340002536773682 0.8634735345840454 -3.4971463680267334
-0.5100017786026001 -0.887830376625061 -4.681077480316162
-3.854398250579834 -6.451384544372559 -23.64397430419922
-0.5130538940429688 -1.9245402812957764 -6.2721428871154785
-1.9399229288101196 0.8958358764648438 -2.8079640865325928
-1.7780777215957642 1.1285970211029053 -3.4011011123657227
-1.8146778345108032 -5.8026885986328125 -21.029808044433594
-2.4073519706726074 -6.685245990753174 -23.583576202392578
-2.273597478866577 -4.973187446594238 -15.830671310424805
-1.5662184953689575 -4.386734485626221 -17.33816909790039
0.024508804082870483 -1.191620945930481 -7.047379016876221
-2.3890767097473145 1.2751426696777344 -4.755979537963867
0.09523491561412811 -2.2117674350738525 -8.332616806030273
-2.1507511138916016 -6.015811920166016 -27.906944274902344
-1.117037296295166 -7.108551025390625 -29.2927303314209
-1.5217053890228271 -7.213497638702393 -30.67173194885254
-1.9427809715270996 -7.405810356140137 -24.470943450927734
-0.5041332244873047 -2.010388135910034 -3.908419132232666
-1.6449623107910156 1.4258259534835815 -3.4130725860595703
-0.8006136417388916 0.7264206409454346 -4.772003173828125
0.04237857460975647 0.0007543265819549561 -7.639248371124268
-1.1775708198547363 1.231917381286621 -4.619657039642334
-1.6452651023864746 1.6940397024154663 -3.6572484970092773
-1.7553032636642456 1.8474422693252563 -3.6735222339630127
-1.6828144788742065 1.644669532775879 -3.8283023834228516
-1.7278985977172852 1.773207187652588 -4.155447959899902
-1.4000340700149536 -2.6832435131073 1.6687755584716797
-0.8578370809555054 -4.932420253753662 3.064161777496338
-0.9175205826759338 -5.0202202796936035 3.12391996383667
-0.9142281413078308 -5.08033561706543 3.1532177925109863
-0.9505065679550171 -5.118226528167725 3.171760082244873
-1.0327314138412476 -5.028069019317627 3.116112232208252
-1.0422075986862183 -5.065606117248535 3.170064926147461
-1.0865026712417603 -5.084932327270508 3.177212953567505
-1.143051028251648 -5.084856986999512 3.1530423164367676
-1.1761577129364014 -5.010811805725098 3.104048728942871
-1.1685693264007568 -5.134232044219971 3.18642258644104
-1.2130241394042969 -5.048967361450195 3.0978026390075684
-1.2240781784057617 -4.9753947257995605 3.055788040161133
-2.344482421875 1.8976900577545166 -5.022857666015625
-2.073410749435425 1.7511003017425537 -4.909059047698975
-2.5496623516082764 2.380653142929077 -5.253261566162109
-1.5677872896194458 0.9894528388977051 -6.627877712249756
-1.6409969329833984 1.193893313407898 -5.951745510101318
-0.8285989165306091 0.5045055747032166 -6.161854267120361
-0.32446449995040894 0.17455382645130157 -6.242006778717041
-1.302151083946228 0.5769115686416626 -5.586727142333984
-0.6142303943634033 0.2626875638961792 -6.074032306671143
-2.3259100914001465 2.091667890548706 -4.771561622619629
-1.798930048942566 1.5819364786148071 -5.647089958190918
-1.4621859788894653 1.50261390209198 -4.542527675628662
-1.0829641819000244 1.5116597414016724 -5.48817253112793
-0.8527910709381104 0.39721885323524475 -5.002861499786377
-0.24389520287513733 -0.01317954808473587 -5.2846360206604
-0.5741947889328003 -0.07824135571718216 -5.477137088775635
-0.7155036926269531 0.003126583993434906 -5.470977783203125
-1.0061670541763306 -1.849523663520813 0.46189162135124207
-1.5445895195007324 -4.379459381103516 2.739279270172119
-1.510457992553711 -4.254372596740723 2.619264602661133
-1.366163730621338 -3.9403610229492188 2.2201015949249268
-1.222683310508728 -1.9974275827407837 0.5258034467697144
0.11515296995639801 -0.90135657787323 -3.2210533618927
-0.7425017356872559 -0.6120478510856628 -5.182313919067383
-0.8548486232757568 -0.2770312428474426 -4.736870288848877
-1.0623250007629395 -0.6213961839675903 -4.630616664886475
-0.6527957916259766 -0.4949724078178406 -4.488674163818359
-0.8518185615539551 -0.23207396268844604 -5.071351051330566
-0.6586299538612366 -0.3210183084011078 -3.27024507522583
-0.5732243657112122 -0.002155482769012451 -2.1510982513427734
-0.47797277569770813 -0.36561357975006104 -4.669557571411133
0.06903029978275299 -1.3394055366516113 -0.5585164427757263
-0.579896867275238 -0.1286729872226715 -1.35056471824646
-1.5781004428863525 1.3849334716796875 -3.955852508544922
-0.05338685214519501 -1.1546419858932495 -5.215888500213623
-0.085642009973526 -0.8705333471298218 -5.344452381134033
-1.0187162160873413 0.3822070360183716 -1.9878290891647339
-1.4423589706420898 1.172088384628296 -2.9071707725524902
-1.0899571180343628 0.6632279753684998 -4.224930763244629
-0.7293698787689209 0.4582490026950836 -4.871300220489502
-0.921676516532898 1.0323904752731323 -6.098730087280273
-1.1241209506988525 1.3057265281677246 -5.644134521484375
-1.1628557443618774 1.4418059587478638 -5.961292743682861
-1.2402514219284058 1.6563904285430908 -6.190426349639893
-1.1180979013442993 1.5130776166915894 -5.940127849578857
-1.3163279294967651 1.7021832466125488 -5.928084373474121
-1.1720430850982666 1.0890438556671143 -6.740438938140869
-1.387858271598816 -1.942706823348999 -4.549443244934082
-2.1531386375427246 -4.620182037353516 -2.206040382385254
-3.6402194499969482 -4.253434181213379 1.9033586978912354
-1.6661571264266968 -4.397022247314453 2.479381799697876
-3.5777220726013184 -4.554255962371826 2.1449341773986816
-1.1480486392974854 -4.824194431304932 0.2840757668018341
-1.3075660467147827 -5.330861568450928 2.7261016368865967
-1.380953311920166 -6.1300554275512695 3.3961803913116455
-1.3128652572631836 -6.200547695159912 3.5894620418548584
-1.2813736200332642 -6.266909599304199 3.348820686340332
-1.3244125843048096 -6.338634490966797 3.425920248031616
-0.9653530716896057 -6.413316249847412 3.5878713130950928
-0.8571040034294128 -6.308553695678711 3.7263882160186768
-0.6402477622032166 -6.126302719116211 3.838430643081665
-0.5975330471992493 -6.256368160247803 3.8105382919311523
-0.7094740271568298 -6.313110828399658 3.646040201187134
-0.47741755843162537 -6.320178031921387 3.6164798736572266
-0.4936314523220062 -6.266351699829102 3.6400222778320312
-0.4859411418437958 -6.428861141204834 3.510759115219116
-0.5030174255371094 -6.386435031890869 3.4631972312927246
-0.4758566915988922 -6.268890380859375 3.4179630279541016
-0.3839924931526184 -6.144172668457031 3.4062795639038086
-0.326605886220932 -6.230314254760742 3.429579973220825
-0.3501361012458801 -6.350521087646484 3.449652910232544
-0.46512675285339355 -6.51021671295166 3.4210281372070312
-0.4355950355529785 -6.533527374267578 3.3549211025238037
-0.46729734539985657 -6.336528778076172 3.1279473304748535
-1.4963016510009766 -1.9619498252868652 -0.06711620092391968
-1.814317226409912 1.350456714630127 -4.522587776184082
-1.4902340173721313 1.4679502248764038 -4.921327590942383
-1.5202301740646362 1.1381678581237793 -4.108800888061523
-1.5263817310333252 1.052529215812683 -3.959023952484131
-2.1202926635742188 0.5377782583236694 -2.4533777236938477
-0.8976766467094421 -3.6538589000701904 1.6625163555145264
-0.2808217406272888 -6.2674150466918945 3.295105457305908
-0.30768197774887085 -6.2352294921875 3.3347017765045166
-0.21412330865859985 -6.225995063781738 3.4068408012390137
-0.2538517713546753 -6.133228302001953 3.5195682048797607
-0.21519288420677185 -5.984469413757324 3.4412243366241455
-0.3047986626625061 -5.86237096786499 3.4706218242645264
-0.4582861363887787 -4.27984094619751 2.2174949645996094
-1.1387313604354858 -0.32744112610816956 -3.0177741050720215
-0.6897879242897034 0.1753099113702774 -5.5763115882873535
-0.5196459293365479 0.4902215600013733 -4.994450569152832
-1.2643388509750366 0.8110595345497131 -3.6119065284729004
-0.9051246643066406 0.6279179453849792 -3.763758420944214
-1.2533807754516602 1.066494345664978 -3.619353771209717
-1.5658613443374634 1.1696497201919556 -3.160768508911133
-1.3722783327102661 1.2688838243484497 -3.660438299179077
-1.245115041732788 0.5956366062164307 -2.9633867740631104
-0.8901363015174866 0.604926347732544 -3.678088665008545
-0.8309966325759888 1.0312856435775757 -5.069399833679199
-1.3303444385528564 1.1434451341629028 -3.8848965167999268
-1.298391342163086 1.3697930574417114 -3.837106227874756
-1.363253116607666 1.3897360563278198 -4.152034282684326
-1.09702467918396 1.185837745666504 -4.291320323944092
-1.2831847667694092 0.812525749206543 -3.692113161087036
-1.850643515586853 -1.389786720275879 -10.63551139831543
-2.734494209289551 -8.163262367248535 -19.414579391479492
-0.3187306523323059 -3.4221529960632324 -5.8161163330078125
-0.9757866859436035 0.44052034616470337 -3.328420639038086
-1.2188833951950073 1.16853928565979 -4.020583152770996
-1.7254579067230225 1.6493184566497803 -3.7688260078430176
-1.9872972965240479 1.952526330947876 -3.6088435649871826
-1.8810994625091553 2.117584228515625 -3.887986183166504
-1.9008351564407349 1.888759732246399 -3.9595835208892822
-1.8575202226638794 1.8575807809829712 -3.6389658451080322
-1.8705384731292725 1.6393402814865112 -3.57301926612854
-2.191948413848877 2.129211902618408 -3.6742422580718994
-1.888655424118042 1.5431277751922607 -3.423468828201294
-1.723870873451233 1.5241212844848633 -3.9292478561401367
-1.6305161714553833 1.5274890661239624 -3.8570191860198975
-1.0785331726074219 0.7564887404441833 -2.8742830753326416
-1.3542567491531372 -2.6322827339172363 1.6275891065597534
-1.0150216817855835 -4.963931560516357 3.216517210006714
-0.9724348187446594 -5.172696113586426 3.400223731994629
-0.9796109795570374 -5.208774089813232 3.4355273246765137
-1.048459529876709 -5.2233171463012695 3.4354026317596436
-1.0921075344085693 -5.258193016052246 3.505718231201172
-1.1061642169952393 -5.303042888641357 3.55082106590271
-1.1612098217010498 -5.227556228637695 3.4214611053466797
-1.2228630781173706 -5.235983848571777 3.4412589073181152
-1.256392002105713 -5.204578876495361 3.4067680835723877
-1.2785677909851074 -5.135241508483887 3.3392562866210938
-1.290736198425293 -5.124598979949951 3.317888021469116
-1.3078641891479492 -5.164182662963867 3.3307812213897705
-1.315750002861023 -5.181284427642822 3.367471694946289
-1.349738359451294 -5.171363830566406 3.372769832611084
-1.3887193202972412 -5.202878475189209 3.3905129432678223
-1.4577475786209106 -5.131007194519043 3.345634937286377
-3.0769333839416504 1.7041618824005127 -3.8631794452667236
-3.228802442550659 1.8930577039718628 -4.081115245819092
-3.392733335494995 2.0714221000671387 -4.128588676452637
-3.361914873123169 2.2305285930633545 -4.319682598114014
-2.8071043491363525 1.8573791980743408 -4.4156365394592285
-2.042246103286743 1.943805456161499 -6.579869270324707
-2.9478743076324463 2.027060031890869 -3.957814931869507
-3.0199966430664062 1.8278796672821045 -3.5520129203796387
-2.9613354206085205 2.3831064701080322 -4.179830551147461
-3.2538490295410156 2.0587384700775146 -3.885387420654297
-2.040639638900757 1.0683826208114624 -5.3766655921936035
-1.3842424154281616 1.5857150554656982 -6.181884765625
-1.0657716989517212 0.5105681419372559 -5.567474842071533
-1.1726794242858887 -0.06744924932718277 -5.512378692626953
-1.42901611328125 0.6207570433616638 -5.453268527984619
-1.3940153121948242 0.21872356534004211 -4.778696537017822
-1.0891022682189941 0.10034386068582535 -5.253422737121582
-0.7165049314498901 -0.6134287714958191 -5.9522175788879395
-0.7710175514221191 0.5923951864242554 -4.941989421844482
-0.7060429453849792 0.5137952566146851 -5.358514785766602
-0.8242355585098267 -0.3759597837924957 -3.7469520568847656
-0.7724471688270569 -0.31933921575546265 -4.567511558532715
-0.7128592133522034 -0.34742388129234314 -3.8221042156219482
-0.8482418656349182 -0.32527947425842285 -4.038284778594971
-0.31009960174560547 -0.6767083406448364 -3.3792619705200195
-0.4116820991039276 -2.2662010192871094 0.3219328224658966
-0.6562669277191162 -2.891373872756958 0.9046578407287598
-1.0266008377075195 -0.7485086917877197 -0.6769548654556274
-1.0082563161849976 0.9579112529754639 -3.7758448123931885
-0.6870746612548828 1.0214447975158691 -5.046547889709473
-1.3740290403366089 0.6909464597702026 -2.7576422691345215
-1.5006968975067139 1.8018361330032349 -4.439921855926514
-0.5971261858940125 0.6764139533042908 -4.584395408630371
-1.6875104904174805 2.197051525115967 -5.027061939239502
-1.655643343925476 1.840951919555664 -4.926397323608398
-1.0148651599884033 1.129488229751587 -4.755743503570557
-0.8570136427879333 -1.5597575902938843 0.551073431968689
-0.7511345148086548 -4.127898216247559 2.7951107025146484
-0.9181489944458008 -5.191058158874512 3.8177433013916016
-1.0027813911437988 -5.192108154296875 4.015978813171387
-0.8601760864257812 -5.288912773132324 3.778597593307495
-0.8939430117607117 -5.330456733703613 3.935903787612915
-0.8898559212684631 -5.3343825340271 3.989203929901123
-0.982960045337677 -5.412248611450195 4.235053539276123
-0.957119882106781 -5.425233840942383 4.214718341827393
-0.8754240870475769 -5.460119247436523 4.140843868255615
-0.9182755947113037 -5.528792858123779 4.262173175811768
-0.869312584400177 -5.541455268859863 4.1990156173706055
-0.9228793382644653 -5.50717830657959 4.207298278808594
-0.8405138850212097 -5.645096302032471 4.271694183349609
-0.7617214918136597 -5.602336406707764 4.083524703979492
-0.7211948037147522 -5.665030002593994 4.09805965423584
-0.6696528792381287 -5.672638416290283 4.013155460357666
-0.7162688970565796 -5.706669330596924 4.083235263824463
-0.7065349221229553 -5.800745487213135 4.13157844543457
-0.6892455220222473 -5.803655624389648 4.099526882171631
-0.6377353668212891 -5.829413414001465 4.039340019226074
-0.611026406288147 -5.831823825836182 3.9953055381774902
-0.5473617315292358 -5.918993949890137 3.9312100410461426
-0.5234782099723816 -6.11541748046875 3.914219617843628
-0.4953770041465759 -6.189513206481934 3.8875770568847656
-0.5133607387542725 -6.092191696166992 3.9176888465881348
-0.5013390183448792 -6.030327320098877 3.847883939743042
-0.4107370376586914 -6.114736557006836 3.710451126098633
-0.45339342951774597 -6.034205913543701 3.7012619972229004
-0.46751779317855835 -6.106902122497559 3.681217670440674
-0.8005983233451843 -4.612794399261475 2.5746870040893555
-1.7247594594955444 -0.42897137999534607 -1.713330626487732
-1.576928734779358 1.224672555923462 -4.2853546142578125
-2.6285951137542725 0.4430387020111084 -2.383018970489502
-0.9412175416946411 -4.639880657196045 1.8532906770706177
-0.49185943603515625 -6.543342590332031 3.1673216819763184
-0.4319456219673157 -6.558709621429443 3.2052836418151855
-0.44512808322906494 -6.572040557861328 3.1133813858032227
-0.4911714196205139 -6.533528804779053 3.281329870223999
-0.500192403793335 -6.523872375488281 3.151125431060791
-0.47410547733306885 -6.559036731719971 3.0737383365631104
-0.4835752248764038 -6.588360786437988 3.2317914962768555
-0.4845971167087555 -6.583554744720459 3.309354305267334
-0.5185263752937317 -6.626745223999023 3.3082659244537354
-0.464713990688324 -6.569897651672363 3.4604673385620117
-0.45485779643058777 -6.523768901824951 3.4360525608062744
-0.3983466923236847 -6.460970401763916 3.384991407394409
-0.4119909405708313 -6.323989391326904 3.389772653579712
-0.314056396484375 -6.12113094329834 3.329162359237671
-0.30490851402282715 -6.054341793060303 3.3507254123687744
-0.3179219365119934 -5.944421768188477 3.3323891162872314
-0.25946158170700073 -5.8683061599731445 3.273878812789917
-0.3276791274547577 -5.46694803237915 3.0258612632751465
-0.3932880759239197 -1.8842825889587402 -0.3159065246582031
-0.803700864315033 -0.9442480206489563 -1.635627031326294
-1.1313440799713135 0.5808062553405762 -3.5991811752319336
-1.0650324821472168 0.841575026512146 -3.6630520820617676
-1.467989206314087 0.9052189588546753 -2.976306915283203
-1.6238086223602295 1.3220971822738647 -3.210449695587158
-1.6629139184951782 1.4179491996765137 -3.229649305343628
-1.4136707782745361 1.125271201133728 -3.2027156352996826
-1.3210673332214355 1.050743818283081 -3.1202940940856934
-2.005222797393799 1.948001503944397 -3.414151191711426
-0.5534879565238953 -0.18247583508491516 -3.277681350708008
-1.2769156694412231 0.8319204449653625 -3.345198631286621
-1.8196762800216675 1.6227800846099854 -3.4569239616394043
-1.544082522392273 1.2640588283538818 -3.3987512588500977
-1.5979650020599365 1.7504866123199463 -4.05520486831665
-1.0542184114456177 0.8582379221916199 -3.0228171348571777
-1.38032865524292 1.1960238218307495 -3.439026355743408
-1.5680500268936157 1.5611101388931274 -3.3755834102630615
-1.5851036310195923 1.4148434400558472 -3.210386037826538
-1.3375650644302368 1.3095674514770508 -3.3321645259857178
-1.5973904132843018 1.6760177612304688 -3.9072353839874268
-1.2477067708969116 1.0694375038146973 -2.9516067504882812
-0.9736630916595459 0.8693765997886658 -4.016953945159912
-1.2547082901000977 1.8069697618484497 -5.740582466125488
-1.6047682762145996 1.6096141338348389 -3.6304798126220703
-1.7497872114181519 -0.7185709476470947 0.1500268280506134
-0.9254341721534729 -5.022742748260498 3.282404661178589
-0.9148677587509155 -5.1357269287109375 3.3447608947753906
-0.9549731612205505 -5.22190523147583 3.4409327507019043
-0.97316575050354 -5.256014347076416 3.4846596717834473
-0.9610929489135742 -5.297378063201904 3.5024216175079346
-0.9812158942222595 -5.286808013916016 3.453064441680908
-1.0342135429382324 -5.297415733337402 3.499222993850708
-1.0485007762908936 -5.305208683013916 3.4835050106048584
-1.0776474475860596 -5.329685688018799 3.53835391998291
-1.1724680662155151 -5.212244033813477 3.4374380111694336
-1.1474344730377197 -5.24493932723999 3.478013038635254
-1.2155779600143433 -5.200745582580566 3.417680025100708
-1.3801792860031128 -4.483353137969971 2.8750486373901367
-2.1031644344329834 1.547813057899475 -3.051470994949341
-2.044178009033203 0.20458774268627167 -0.820144772529602
-1.371800184249878 -4.694772720336914 3.091376543045044
-1.8832826614379883 -0.5691497325897217 -0.04464951157569885
-1.410760521888733 -4.174371242523193 2.565511703491211
-1.423425316810608 -3.426574230194092 1.9306808710098267
-1.3966032266616821 -4.67227840423584 3.0483992099761963
-1.4759019613265991 -4.844057559967041 3.229572296142578
-1.4855875968933105 -5.0446906089782715 3.3975279331207275
-2.830038070678711 1.6766659021377563 -4.726997375488281
-3.3902950286865234 2.135849952697754 -4.063358306884766
-3.438901901245117 2.3385965824127197 -4.67169189453125
-3.2191381454467773 2.0506539344787598 -4.4323506355285645
-1.8946713209152222 0.1103992760181427 -3.0925207138061523
-2.2039377689361572 0.20539148151874542 -2.725497245788574
-1.718766689300537 0.4485824704170227 -3.283799409866333
-3.120059013366699 1.7127846479415894 -3.1354360580444336
-2.4135420322418213 2.152613639831543 -6.056702136993408
-2.1282994747161865 1.9765963554382324 -5.964497089385986
-2.0049781799316406 1.9341472387313843 -5.543590545654297
-2.740737199783325 2.4315671920776367 -4.176867485046387
-2.423412799835205 1.9106204509735107 -4.6362385749816895
-1.8867416381835938 1.1511090993881226 -4.516491413116455
-2.2996580600738525 2.3377373218536377 -5.127096176147461
-2.4664456844329834 2.3362832069396973 -4.056938648223877
-1.675226092338562 1.9194709062576294 -5.0349931716918945
-0.22887904942035675 -0.9964536428451538 -6.927567005157471
-0.30888891220092773 -0.5540602207183838 -5.332813739776611
-0.047827571630477905 -1.8140618801116943 -8.35207462310791
-1.7672832012176514 1.5402755737304688 -3.9199254512786865
-1.8801199197769165 1.6333516836166382 -4.422073841094971
-2.702224016189575 2.3836426734924316 -3.9359781742095947
-2.482250452041626 1.869561791419983 -3.8999531269073486
-2.6647140979766846 1.6438953876495361 -3.35536789894104
-2.7011306285858154 1.6909352540969849 -3.437997341156006
-2.242485523223877 1.4987075328826904 -3.2766878604888916
-2.2364699840545654 1.2110666036605835 -3.2936415672302246
-2.596519708633423 1.3810322284698486 -2.8843016624450684
-2.4865992069244385 1.7609233856201172 -3.5630593299865723
-2.5031936168670654 2.0165634155273438 -4.29188871383667
-2.517089366912842 2.3627467155456543 -4.00759220123291
-2.704197406768799 1.2014656066894531 -2.9702444076538086
-2.1242897510528564 1.7161366939544678 -3.7923214435577393
-2.4787755012512207 1.8311336040496826 -3.6443474292755127
-2.753634452819824 0.9517434239387512 -1.7538907527923584
-2.617594003677368 0.914055347442627 -1.5705009698867798
-2.5126547813415527 1.1996394395828247 -2.2968685626983643
-2.5326614379882812 1.4296927452087402 -2.5678303241729736
-2.404754877090454 1.6185626983642578 -3.7690815925598145
-2.195668935775757 2.3054537773132324 -3.9691240787506104
-2.0601043701171875 1.6095713376998901 -3.5051512718200684
-2.341859817504883 1.3489419221878052 -2.7920877933502197
-2.2733495235443115 1.5504260063171387 -3.1158804893493652
-2.257732391357422 1.3411643505096436 -2.7696709632873535
-2.186713457107544 1.3666377067565918 -2.781334400177002
-2.070838212966919 1.3715007305145264 -2.982287883758545
-1.7026456594467163 1.3540078401565552 -3.437166213989258
-1.7865195274353027 1.5861440896987915 -3.2996811866760254
-0.7712006568908691 0.2100772112607956 -3.209333658218384
-1.1752111911773682 -0.2997419834136963 -6.7032952308654785
-0.8364725708961487 -0.5488861799240112 -6.092478275299072
-1.1850837469100952 -0.28567424416542053 -6.77003288269043
-0.9110878109931946 0.5639663934707642 -5.365180492401123
-1.021619200706482 0.4259813725948334 -4.0758843421936035
-1.3347607851028442 0.8768827319145203 -5.6943464279174805
-1.0635271072387695 -0.3329010009765625 -5.516641139984131
-0.8934134244918823 -2.31459903717041 -5.834392070770264
-0.36516594886779785 -2.2884531021118164 -1.0726079940795898
-0.842288613319397 -4.662532806396484 2.7312004566192627
-0.753671407699585 -5.887213706970215 3.7024855613708496
-0.6265379786491394 -6.046831130981445 3.52268123626709
-0.7694529891014099 -5.351758003234863 2.8452706336975098
-1.0410627126693726 -1.9044722318649292 -0.6276803612709045
-0.8441367149353027 -2.9753975868225098 0.5411855578422546
-0.6418809294700623 -5.910871505737305 2.8180689811706543
-1.293021321296692 -2.702962875366211 0.46165353059768677
-1.5697842836380005 -0.040002577006816864 -4.550742149353027
-1.1446260213851929 0.5361979603767395 -4.245507717132568
-1.0362882614135742 0.7093700170516968 -4.454373836517334
-1.5294890403747559 0.5820753574371338 -3.3816304206848145
-1.7204046249389648 1.1834582090377808 -3.6783928871154785
-1.7675913572311401 1.3965301513671875 -3.9683773517608643
-1.879232406616211 1.580126404762268 -4.073951244354248
-1.8454997539520264 1.7054184675216675 -4.3286566734313965
-1.53975248336792 1.4731742143630981 -4.444767951965332
-1.5015312433242798 1.4340311288833618 -4.703455924987793
-1.5752815008163452 1.2346512079238892 -4.254561424255371
-1.4920920133590698 -0.9938772320747375 -1.3497469425201416
-0.8468319773674011 -5.257483005523682 2.1544175148010254
-0.624241828918457 -6.1837477684021 2.821068048477173
-0.5766898393630981 -6.285922527313232 2.8059117794036865
-0.5054054260253906 -6.202108860015869 2.8085453510284424
-0.4924330413341522 -5.933071136474609 2.6513185501098633
-1.111695408821106 -1.7876791954040527 -0.24837124347686768
-1.2866042852401733 0.7463116645812988 -3.4647884368896484
-1.4541887044906616 1.3322910070419312 -3.9190614223480225
-1.4205316305160522 1.0954996347427368 -3.531022548675537
-1.48239266872406 1.032388687133789 -3.330751419067383
-1.5014533996582031 1.1465319395065308 -3.189610242843628
-1.3959476947784424 1.020660638809204 -3.1984074115753174
-1.3780615329742432 0.9058992266654968 -3.0695128440856934
-1.668831706047058 1.3864436149597168 -3.3057336807250977
-1.7600271701812744 1.479216456413269 -3.3348195552825928
-1.6905373334884644 1.4898605346679688 -3.330991744995117
-1.5644925832748413 1.3157129287719727 -3.332195520401001
-1.5480892658233643 1.4199413061141968 -3.886887788772583
-1.1605960130691528 1.0783767700195312 -4.281960487365723
-1.3310163021087646 0.9946044087409973 -4.284353733062744
-0.7217280864715576 0.648894190788269 -4.943912029266357
-1.0177810192108154 -0.7574566602706909 -0.9634344577789307
-0.6169015765190125 -4.045234680175781 2.4752209186553955
-0.329845130443573 -0.7074167728424072 -1.6534173488616943
-1.1654202938079834 0.8417140245437622 -3.128481388092041
-1.253222107887268 0.6575350761413574 -2.2365779876708984
-1.5034798383712769 0.38347411155700684 -0.9662407636642456
-0.6151362061500549 -4.593918800354004 2.913574695587158
-0.4951566755771637 -5.336662769317627 3.560396909713745
-0.45375755429267883 -5.455755233764648 3.539497137069702
-0.5566298365592957 -5.333304405212402 3.4745631217956543
-0.6052494049072266 -5.335781574249268 3.481173276901245
-0.596089243888855 -5.371357440948486 3.4682085514068604
-0.6733545064926147 -5.313128471374512 3.4006378650665283
-0.7632799744606018 -5.261470317840576 3.4037508964538574
-0.8578284978866577 -3.2085189819335938 1.8653209209442139
-1.1856094598770142 -1.791788935661316 0.6709288358688354
-0.9153172969818115 -4.428905010223389 2.7847769260406494
-0.893835186958313 -4.85668420791626 3.0884318351745605
-1.1895135641098022 -2.944587230682373 1.70462167263031
-1.501314401626587 -1.5901494026184082 0.791201114654541
-1.217507243156433 -0.7854366302490234 -0.40976062417030334
-1.427382230758667 0.7359363436698914 -2.47029185295105
-1.511059284210205 -3.245265483856201 2.156451940536499
-1.082439661026001 -5.263031005859375 3.5189642906188965
-1.1281728744506836 -5.197562217712402 3.445894241333008
-1.1423425674438477 -5.275542736053467 3.51003098487854
-1.1488897800445557 -5.254664897918701 3.4877166748046875
-1.175237774848938 -5.308823108673096 3.568474292755127
-1.2240678071975708 -5.311850547790527 3.565382957458496
-1.2885853052139282 -5.223917484283447 3.5024290084838867
-1.274648666381836 -5.273675918579102 3.548065662384033
-1.2840489149093628 -5.188224792480469 3.4491167068481445
-1.2698554992675781 -5.2133708000183105 3.467195749282837
-0.7009847164154053 -4.900491237640381 2.783742904663086
-1.2321794033050537 -5.0933966636657715 3.29841947555542
-0.6988333463668823 -3.8140475749969482 1.7866828441619873
2.421921968460083 -4.577295780181885 -1.1297156810760498
-3.5582590103149414 2.902290105819702 -5.609828472137451
-2.564415216445923 2.3114943504333496 -5.771119117736816
-3.062748432159424 3.182170867919922 -5.949563503265381
-3.1372287273406982 3.2935032844543457 -5.776187896728516
-2.805901527404785 2.7501208782196045 -5.683965682983398
-2.8175063133239746 3.080859899520874 -6.1519622802734375
-2.7481114864349365 2.6218297481536865 -5.855335235595703
-2.1657683849334717 2.1975109577178955 -5.950683116912842
-2.722428798675537 2.5739667415618896 -5.07513952255249
-2.494112491607666 2.4821014404296875 -5.326904296875
-2.3784377574920654 2.3356666564941406 -5.386739253997803
-2.3067359924316406 2.5188443660736084 -5.47528076171875
-2.1776535511016846 2.2294371128082275 -5.580690860748291
-1.8240363597869873 1.7660857439041138 -5.489546298980713
-1.1684155464172363 1.2871536016464233 -5.734857082366943
-1.2564679384231567 1.8449733257293701 -6.546807289123535
-2.3305983543395996 2.4422481060028076 -5.412741661071777
-2.259265899658203 2.196380853652954 -5.120699882507324
-2.2756056785583496 2.2301833629608154 -4.9177093505859375
-1.8083640336990356 1.4303430318832397 -4.856329441070557
-2.4303460121154785 1.8581271171569824 -4.462888717651367
-2.411200523376465 2.2995927333831787 -4.65412712097168
-2.590406656265259 2.0329320430755615 -4.364921569824219
-2.7865118980407715 2.064502477645874 -3.740516185760498
-2.5771737098693848 1.860621690750122 -3.679094076156616
-2.3989477157592773 1.9323309659957886 -4.542739391326904
-2.2046163082122803 2.169224500656128 -4.711249351501465
-2.210574150085449 2.39835524559021 -4.5766682624816895
-2.094586133956909 1.8186814785003662 -4.094688892364502
-1.9871208667755127 1.5441126823425293 -4.232962131500244
-1.9342371225357056 1.702354073524475 -4.2129225730896
-2.1228606700897217 2.0840542316436768 -4.49771785736084
-2.005192995071411 1.9026752710342407 -4.495860576629639
-1.7357057332992554 1.9066684246063232 -4.791309356689453
-2.2271311283111572 1.6138331890106201 -3.936095714569092
-2.3218469619750977 1.6306934356689453 -3.997783899307251
-1.353000283241272 1.357951283454895 -4.195989608764648
-0.6732630729675293 0.9900127649307251 -5.304296970367432
-1.0160737037658691 1.213517665863037 -4.9133782386779785
-1.7567123174667358 1.7822245359420776 -4.488692760467529
-1.8209507465362549 1.4960585832595825 -3.757570743560791
-1.761125087738037 1.4769763946533203 -3.5635621547698975
-1.599408507347107 1.4656237363815308 -3.314192295074463
-1.6034992933273315 1.4787582159042358 -3.222353935241699
-1.8698863983154297 1.8238662481307983 -3.464616060256958
-1.7221657037734985 1.5727096796035767 -3.4221038818359375
-1.526919960975647 1.4884811639785767 -3.8073089122772217
-1.6090503931045532 1.403489589691162 -3.5560383796691895
-1.5391942262649536 1.4111709594726562 -3.715867042541504
-1.7123268842697144 1.623065710067749 -3.670247793197632
-1.7757102251052856 1.720534086227417 -3.673003673553467
-1.576402187347412 1.2437820434570312 -3.5511512756347656
-1.1445335149765015 0.5795236229896545 -6.77979850769043
-0.9574679136276245 0.8551866412162781 -4.956191062927246
-1.600935697555542 1.2509634494781494 -6.015256881713867
-2.0728235244750977 1.9502006769180298 -3.7288424968719482
-1.7850881814956665 1.704667329788208 -3.6552138328552246
-1.9553699493408203 1.8901841640472412 -3.753718614578247
-1.4556329250335693 1.3345329761505127 -3.4971976280212402
-1.3647457361221313 1.0078024864196777 -3.4979519844055176
-1.5148422718048096 1.176490306854248 -3.781160354614258
-1.5647262334823608 1.4585024118423462 -4.327264785766602
-1.1253852844238281 1.045103907585144 -3.9696502685546875
-1.3681925535202026 0.9704566597938538 -5.458652496337891
-0.8182089328765869 0.49627092480659485 -6.946293354034424
-0.9995545148849487 0.22739480435848236 -8.530750274658203
-1.3471877574920654 0.9067620635032654 -8.075980186462402
-1.0701794624328613 0.9679725170135498 -8.342323303222656
-1.1071627140045166 0.639262318611145 -8.66950511932373
-1.2412362098693848 0.707543134689331 -6.1319379806518555
-1.2928440570831299 0.3163740336894989 -7.230373382568359
-0.7424129247665405 0.2806313633918762 -7.657588005065918
-1.1008532047271729 -1.967347502708435 -7.201526641845703
-1.2843124866485596 -2.1323468685150146 -2.055718183517456
-1.4111380577087402 -5.393040180206299 1.3749268054962158
-1.3271262645721436 -5.751219272613525 1.5382094383239746
-1.0004363059997559 -5.561429977416992 1.795148253440857
-0.8433279991149902 -2.6683855056762695 0.09383010864257812
-1.3441274166107178 0.13792604207992554 -2.971959114074707
-1.2019821405410767 0.7153171300888062 -5.391974449157715
-0.917015552520752 -0.37718504667282104 -7.3961358070373535
-0.9554009437561035 0.015180900692939758 -6.922665596008301
-1.3115007877349854 0.9803711771965027 -4.3700432777404785
-1.5977437496185303 1.3716341257095337 -4.041878700256348
-1.8207758665084839 1.78755784034729 -3.9930081367492676
-1.7063250541687012 1.4424268007278442 -3.5623300075531006
-1.7986347675323486 1.4838792085647583 -3.4084975719451904
-1.4418877363204956 1.1148722171783447 -3.3864197731018066
-1.5825859308242798 1.2761162519454956 -3.3950648307800293
-1.4123109579086304 1.1301742792129517 -3.3809943199157715
-1.5022826194763184 1.3617042303085327 -3.5919322967529297
-1.8861757516860962 1.866240382194519 -3.646641254425049
-1.8026617765426636 1.6298776865005493 -3.5279934406280518
-1.6094399690628052 1.4737770557403564 -3.5338213443756104
-1.8105913400650024 1.620012879371643 -3.3075695037841797
-1.1431726217269897 0.8667267560958862 -3.140436887741089
-0.8424122929573059 0.6761533617973328 -3.7787320613861084
-1.739687442779541 0.780565619468689 -8.95571517944336
-0.9765307903289795 -0.8515422344207764 -10.395085334777832
-0.16713649034500122 -2.5456037521362305 -10.695500373840332
-1.3723310232162476 0.3812822103500366 -4.325015068054199
-0.6763412356376648 -0.16080829501152039 -5.727795600891113
-1.0503348112106323 0.4577658176422119 -2.8168420791625977
-1.8334442377090454 1.5574619770050049 -3.1586787700653076
-0.9798234701156616 0.57677161693573 -3.114722728729248
-0.6338503956794739 -0.9658992886543274 -0.19272282719612122
-0.676193118095398 -4.257033348083496 2.684229850769043
-0.5064975023269653 -5.146259784698486 3.3327996730804443
-0.4353729784488678 -5.251349449157715 3.3452720642089844
-0.4930135905742645 -5.319468975067139 3.4523377418518066
-0.5505819916725159 -5.364492416381836 3.547685384750366
-0.5353896617889404 -5.370258808135986 3.5097672939300537
-0.5862436294555664 -5.279810428619385 3.478949546813965
-0.6251011490821838 -5.307693958282471 3.4303810596466064
-0.6647089719772339 -5.256674289703369 3.322526216506958
-0.6675745844841003 -5.275456428527832 3.362208366394043
-0.6939172744750977 -5.2457122802734375 3.377143621444702
-0.7265605926513672 -5.248470783233643 3.3625237941741943
-0.7446321845054626 -5.216507434844971 3.314732551574707
-0.8175413608551025 -5.225734710693359 3.3414549827575684
-0.8910713195800781 -4.939390659332275 3.1117208003997803
-0.9427830576896667 -0.4431011378765106 -0.5687841176986694
-0.2846307158470154 0.6535373330116272 -5.30794620513916
-1.4378559589385986 -2.5145103931427 1.729245901107788
-1.140202283859253 -2.016796827316284 0.9024417400360107
-1.0600441694259644 0.7003808617591858 -3.3388352394104004
-1.201255202293396 -4.749680519104004 3.0701491832733154
-1.1837503910064697 -5.10831880569458 3.3564016819000244
-1.1692171096801758 -5.149317264556885 3.3762924671173096
-1.2362194061279297 -5.152833461761475 3.374453067779541
-1.2569526433944702 -5.1366190910339355 3.3727736473083496
-1.2733434438705444 -5.123438358306885 3.3675544261932373
-1.271087884902954 -5.198274612426758 3.4511806964874268
-1.320229411125183 -5.118584632873535 3.3856236934661865
-1.3538599014282227 -5.136253833770752 3.423584222793579
-1.3430819511413574 -5.178362846374512 3.4589648246765137
-1.391584038734436 -5.137765407562256 3.4461982250213623
-2.8294260501861572 2.743393898010254 -5.543545722961426
-3.3393807411193848 2.26576566696167 -4.225012302398682
-2.6016921997070312 1.2768661975860596 -4.859965801239014
-0.6220415234565735 -1.2324010133743286 -9.325994491577148
0.0944308191537857 -0.7556319832801819 -7.211788177490234
-2.2315657138824463 2.5309524536132812 -6.699972629547119
-1.9483182430267334 1.9271618127822876 -5.641616344451904
-2.2699782848358154 2.332313060760498 -5.736060619354248
-2.5678231716156006 2.563776731491089 -5.93556022644043
-2.3929646015167236 2.586113452911377 -6.159161567687988
-2.126814842224121 2.3345041275024414 -5.321897983551025
-1.5911972522735596 1.3867741823196411 -5.798352241516113
-2.079237699508667 2.167159080505371 -4.998879432678223
-2.631294012069702 2.516491174697876 -5.163785934448242
-2.6974005699157715 1.7913488149642944 -4.11322021484375
-2.4999096393585205 1.5842328071594238 -4.067724704742432
-1.7351535558700562 1.267696499824524 -4.52800989151001
-2.3403568267822266 1.8600807189941406 -4.2453413009643555
-2.3075881004333496 1.5821533203125 -4.15690803527832
-2.1299991607666016 1.7914397716522217 -4.42058801651001
-2.578848361968994 1.7151291370391846 -4.060946941375732
-2.623838186264038 1.8592511415481567 -3.9328227043151855
-2.685011863708496 1.6960933208465576 -3.5398950576782227
-2.6864161491394043 1.818712592124939 -3.7357311248779297
-1.7657337188720703 0.651856005191803 -3.4506261348724365
-1.7227848768234253 1.8184760808944702 -5.246838569641113
-1.606113076210022 1.5464999675750732 -4.534199237823486
-1.8369992971420288 1.4793102741241455 -4.312592029571533
-2.314817428588867 1.9006322622299194 -3.970015525817871
-2.4326937198638916 1.8234142065048218 -4.013946533203125
-2.2324399948120117 2.1450228691101074 -3.9993159770965576
-2.595578670501709 2.4425384998321533 -4.067411422729492
-2.0971014499664307 1.9852548837661743 -4.038504123687744
-2.264009714126587 2.061964511871338 -4.130396366119385
-1.9793415069580078 1.845015287399292 -4.225635051727295
-1.6128346920013428 1.467985987663269 -4.8045973777771
-2.1994926929473877 2.1579880714416504 -4.4106621742248535
-2.0241587162017822 2.2768073081970215 -5.2155022621154785
-1.6457796096801758 1.7604148387908936 -5.410991191864014
-1.7751177549362183 2.026921510696411 -4.86752986907959
-1.7404022216796875 1.7970536947250366 -3.8850998878479004
-1.053749918937683 1.15969979763031 -4.562190055847168
-1.6326299905776978 1.5645240545272827 -3.4311344623565674
-1.410048007965088 1.2412704229354858 -3.574148178100586
-1.6466665267944336 1.462354302406311 -3.394941806793213
-1.5250369310379028 1.5031033754348755 -3.8075835704803467
-1.107435703277588 0.9873554110527039 -3.696171760559082
-1.4554511308670044 1.4949356317520142 -3.6736533641815186
-1.65927255153656 1.4684089422225952 -3.4943528175354004
-1.6696118116378784 1.7493491172790527 -3.5268478393554688
-1.4860984086990356 1.2921079397201538 -3.3403592109680176
-1.3084418773651123 1.2056678533554077 -4.2018561363220215
-1.101022720336914 1.094918966293335 -4.564633369445801
-1.2816237211227417 1.344933271408081 -5.682881832122803
-1.4818456172943115 1.4540882110595703 -6.795104026794434
-1.1545182466506958 1.1460719108581543 -5.0506792068481445
-1.0280872583389282 1.0615116357803345 -5.358847618103027
-1.052409052848816 1.4685537815093994 -5.683960914611816
-0.9586731195449829 1.1121126413345337 -6.185681343078613
-1.0297702550888062 1.1430014371871948 -6.487335205078125
-1.568314790725708 1.3090991973876953 -4.019898891448975
-1.8786662817001343 1.7453091144561768 -3.969550132751465
-1.9005175828933716 1.7415155172348022 -3.9467406272888184
-1.84287691116333 1.558950662612915 -3.813720226287842
-1.017102837562561 0.6693325042724609 -3.7997751235961914
-0.9448133111000061 0.3922461271286011 -4.529073238372803
-1.0786795616149902 0.25344985723495483 -6.512409210205078
-1.2870749235153198 0.7460114359855652 -4.793494701385498
-1.7305784225463867 1.1023668050765991 -3.906785249710083
-1.7305009365081787 1.2301260232925415 -3.8385908603668213
-1.8320578336715698 1.1561338901519775 -3.6657631397247314
-1.4255305528640747 1.0790343284606934 -4.34699821472168
-1.7174651622772217 0.8510638475418091 -5.727100849151611
-1.099149227142334 0.6276640892028809 -4.707022190093994
-1.2036099433898926 0.9357354640960693 -4.547250270843506
-1.8978520631790161 1.454764485359192 -4.082643985748291
-1.735901951789856 1.581363558769226 -4.363146781921387
-1.6117700338363647 1.70358145236969 -4.557157039642334
-1.704774022102356 1.480884313583374 -4.133909225463867
-1.7361326217651367 1.3364094495773315 -3.689427137374878
-1.590126395225525 1.138824224472046 -3.554915428161621
-1.4398281574249268 1.2408084869384766 -3.911205530166626
-1.5262985229492188 1.0609159469604492 -3.4764087200164795
-1.5793570280075073 1.2324808835983276 -3.689605474472046
-1.6539630889892578 1.1046208143234253 -3.354235887527466
-1.774125337600708 1.2597836256027222 -3.317197561264038
-1.8125077486038208 1.248472809791565 -3.109128952026367
-1.7389893531799316 1.3284695148468018 -3.110628366470337
-1.6444507837295532 1.3547909259796143 -3.195009708404541
-1.7138177156448364 1.4442692995071411 -3.2208456993103027
-1.764830231666565 1.4049932956695557 -3.251417636871338
-1.4488532543182373 1.0458768606185913 -3.1334009170532227
-1.2762084007263184 0.9801537990570068 -3.206714630126953
-1.665083885192871 1.3343971967697144 -3.27211856842041
-1.7674356698989868 1.6430644989013672 -3.415268659591675
-1.723205804824829 1.6678588390350342 -3.4035696983337402
-1.7461557388305664 1.851354718208313 -3.8327789306640625
-1.3470696210861206 1.3338948488235474 -3.682286024093628
-0.7582300901412964 0.685145914554596 -5.223039627075195
-0.6461099982261658 0.2476397454738617 -2.830474615097046
-0.8444024324417114 0.268137663602829 -2.637019634246826
-1.1190495491027832 0.7179107069969177 -3.007974863052368
1.3405920267105103 -2.488767147064209 -9.343291282653809
-0.6923418641090393 0.33760687708854675 -3.2351348400115967
-0.49292394518852234 0.36404287815093994 -3.732386827468872
-0.8378468155860901 0.5971719622612 -3.6743009090423584
-0.7029522061347961 0.18201445043087006 -3.391134738922119
-0.6546760201454163 -1.4133347272872925 -3.8085012435913086
-0.930019199848175 -1.3147211074829102 -5.061282157897949
-0.5674915313720703 0.03983268886804581 -3.6718051433563232
-0.9138259291648865 0.5958561301231384 -4.587663173675537
-1.4546637535095215 0.4833894968032837 -8.261128425598145
-0.9352784156799316 0.17007112503051758 -6.575159549713135
-0.930943489074707 0.2846268117427826 -5.205889701843262
0.03936837613582611 -0.17968541383743286 -5.694113731384277
-0.8406058549880981 0.8364613652229309 -4.126242637634277
-1.486647605895996 1.5468833446502686 -3.9620187282562256
-1.0050592422485352 1.0667595863342285 -3.8441948890686035
-1.3148207664489746 1.8401200771331787 -5.507182598114014
-1.0909324884414673 0.9188304543495178 -3.5292651653289795
0.36692312359809875 -0.13937371969223022 -5.563145637512207
-0.7628995180130005 1.1093124151229858 -7.275896072387695
-1.2369544506072998 1.3712668418884277 -4.2958598136901855
-0.9890885353088379 1.062296986579895 -3.6939778327941895
-1.6551283597946167 -1.0819833278656006 0.7161027789115906
-1.1241612434387207 -4.810153484344482 3.103182554244995
-1.1019272804260254 -4.93284273147583 3.169813871383667
-1.1695866584777832 -4.988525867462158 3.2102408409118652
-1.1945158243179321 -5.013446807861328 3.2229087352752686
-1.243390440940857 -5.016467571258545 3.245739221572876
-1.3080205917358398 -4.994537353515625 3.2492001056671143
-1.3455241918563843 -4.977324962615967 3.1965723037719727
-1.3469984531402588 -4.986478328704834 3.218026638031006
-1.297978401184082 -5.0243940353393555 3.2659671306610107
-1.2660962343215942 -5.001489162445068 3.194725275039673
-1.2963873147964478 -4.943210601806641 3.220679998397827
-1.126599669456482 -4.9129319190979 3.100787401199341
-1.7430541515350342 -0.45074254274368286 -1.7780721187591553
-2.807669162750244 1.7475229501724243 -3.880751609802246
-3.192823886871338 2.1027064323425293 -4.118229866027832
-3.1773509979248047 1.9585483074188232 -3.969604253768921
-2.956800937652588 2.6252729892730713 -4.8945159912109375
-3.2653489112854004 2.396279811859131 -4.386078357696533
-2.938995122909546 2.2314000129699707 -4.918827056884766
-2.3028924465179443 1.8745627403259277 -4.888397693634033
-2.265697956085205 2.1039881706237793 -5.1572465896606445
-2.4825689792633057 2.6347384452819824 -5.46242618560791
-2.058910608291626 2.1678333282470703 -5.111706733703613
-2.77441143989563 2.7132461071014404 -4.983366966247559
-2.3065764904022217 1.4010694026947021 -4.088867664337158
-1.6360052824020386 1.317333459854126 -5.388110637664795
-1.678314447402954 1.0392588376998901 -5.128378868103027
-1.9838829040527344 1.1319130659103394 -5.333199501037598
-2.1157612800598145 2.1142008304595947 -4.927818298339844
-1.9237875938415527 1.617309331893921 -4.2879862785339355
-2.084465742111206 1.5842984914779663 -3.775836944580078
-2.2267820835113525 2.2596170902252197 -4.5498151779174805
-2.563460350036621 2.7213294506073 -4.792845249176025
-2.409613609313965 2.3880178928375244 -4.58740234375
-2.7705838680267334 2.093583106994629 -3.753739356994629
-2.791780948638916 1.2581208944320679 -2.6964709758758545
-2.5177857875823975 1.5535908937454224 -3.243663787841797
-2.5641722679138184 1.755711555480957 -3.6712889671325684
-2.1694459915161133 2.081068754196167 -4.563182830810547
-2.223855495452881 1.9094042778015137 -4.353435516357422
-2.360323905944824 2.05857253074646 -4.167926788330078
-2.39241886138916 2.1451222896575928 -4.447071075439453
-1.9945499897003174 1.9165537357330322 -4.132140636444092
-1.063227653503418 0.43174096941947937 -3.0687155723571777
-1.4091542959213257 0.7821080088615417 -3.0739455223083496
-0.9449893236160278 0.08036916702985764 -2.8382320404052734
-0.4996253252029419 -0.6861147880554199 -2.241929292678833
-1.0579599142074585 -0.019095763564109802 -2.603628158569336
-1.6434166431427002 1.6244511604309082 -3.596324920654297
-1.5015949010849 1.6709346771240234 -4.849675178527832
-1.8826093673706055 2.117673397064209 -4.4389238357543945
-1.7781717777252197 1.9256561994552612 -4.333594799041748
-1.9163480997085571 1.9116524457931519 -3.9690866470336914
-1.4843451976776123 1.6298812627792358 -4.234311103820801
-1.72811758518219 1.5425388813018799 -3.710911273956299
-1.5582029819488525 1.6377930641174316 -4.763768672943115
-1.0417400598526 1.099524974822998 -4.437311172485352
-1.0890460014343262 0.9083656072616577 -3.655461311340332
-1.1907845735549927 1.0695871114730835 -4.070207595825195
-1.200179100036621 1.4193941354751587 -5.321298599243164
-0.9323973059654236 1.3025237321853638 -5.725738048553467
-0.6597305536270142 0.784955620765686 -5.0633440017700195
-0.9615074396133423 1.0269060134887695 -4.988577365875244
-1.0915147066116333 0.6939411759376526 -6.294207572937012
-1.3834196329116821 1.4114689826965332 -4.824744701385498
-1.4110636711120605 1.5240925550460815 -4.977038383483887
-1.3225646018981934 1.5743952989578247 -5.792261123657227
-1.3785216808319092 1.419811487197876 -6.1047468185424805
-1.1875826120376587 1.3483604192733765 -5.553433418273926
-1.3121124505996704 1.562981367111206 -5.642390727996826
-1.3183717727661133 1.3138508796691895 -5.217884540557861
-0.9287804961204529 0.5437187552452087 -3.7958362102508545
-0.6871090531349182 -1.6647461652755737 -0.5563657879829407
-0.32800939679145813 -5.166852951049805 2.659719705581665
-0.15082642436027527 -5.667768955230713 2.9025652408599854
-0.17711220681667328 -5.826254367828369 2.8614351749420166
-0.15395551919937134 -5.813170433044434 2.8466451168060303
-0.130295991897583 -5.917300224304199 2.7932543754577637
-0.13901355862617493 -5.962315559387207 2.7865593433380127
-0.17742988467216492 -6.055607318878174 2.7802491188049316
-0.1666644662618637 -6.148756504058838 2.70735764503479
-0.14565980434417725 -6.190757751464844 2.6501669883728027
-0.15322688221931458 -6.165443420410156 2.571718454360962
-0.19771450757980347 -6.192045211791992 2.571039915084839
-0.15954798460006714 -6.126631736755371 2.5237104892730713
-0.16630437970161438 -6.121013164520264 2.4878361225128174
-0.20423495769500732 -5.957023620605469 2.487877607345581
-0.37636855244636536 -5.399598598480225 2.1575443744659424
-0.7878495454788208 -3.4303088188171387 0.5508853197097778
-1.6908154487609863 -0.6363242864608765 -1.754014253616333
-1.746322751045227 0.8905190825462341 -3.638850688934326
-1.6860610246658325 1.2651809453964233 -4.034350872039795
-1.6557519435882568 1.4665201902389526 -4.102859020233154
-1.0286798477172852 0.5407744646072388 -3.426469326019287
-0.934073269367218 0.2493583858013153 -3.2475032806396484
-1.550967812538147 1.0035290718078613 -3.0736780166625977
-1.748774766921997 1.3751392364501953 -3.058572769165039
-1.81083083152771 1.560034990310669 -3.279303550720215
-1.710787057876587 1.5236152410507202 -3.4102678298950195
-1.7348289489746094 1.680737853050232 -3.7145931720733643
-1.7397576570510864 1.8059104681015015 -3.8002212047576904
-1.8035531044006348 1.8939433097839355 -3.7907464504241943
-1.6526716947555542 1.4521180391311646 -3.412818431854248
-1.3341178894042969 0.8729851841926575 -5.1181440353393555
-1.0895076990127563 1.126224398612976 -3.9710919857025146
-1.8169032335281372 1.8390859365463257 -4.085209846496582
-1.5288021564483643 1.305547833442688 -3.4822821617126465
-1.3652079105377197 1.3353737592697144 -4.559605121612549
-0.8234948515892029 0.41175925731658936 -4.670217514038086
-0.868427038192749 0.08111578226089478 -3.8988609313964844
-0.9366773962974548 -0.08481472730636597 -5.342330455780029
-0.4008934497833252 -0.30269765853881836 -3.8319177627563477
-0.8636936545372009 -0.0401611253619194 -4.409434795379639
-0.9704586863517761 0.17906440794467926 -6.233570098876953
-0.6361846327781677 0.073783278465271 -4.975895881652832
-0.5043216943740845 0.11952411383390427 -3.3842623233795166
-0.36797699332237244 0.08223763853311539 -3.637415647506714
-0.6413854360580444 0.22578155994415283 -3.4277679920196533
-0.7077839374542236 0.31695085763931274 -2.7548766136169434
-0.4417073726654053 0.17364317178726196 -3.6206233501434326
0.3192378282546997 -0.7552914619445801 -4.096997261047363
-0.7094867825508118 -3.357511281967163 1.843963384628296
-0.28852641582489014 -4.898074150085449 2.7954773902893066
-0.2041727602481842 -1.1465249061584473 -0.6989344358444214
-0.28385186195373535 -1.3219678401947021 -6.993043422698975
-1.4024022817611694 1.2552489042282104 -4.479485511779785
-0.7259714007377625 0.5130946636199951 -5.722085952758789
-1.2141615152359009 0.7914305329322815 -5.986924648284912
-1.4030556678771973 1.1271997690200806 -5.150668144226074
-0.4733872711658478 0.3477664589881897 -3.677117347717285
-0.8475217819213867 0.5870619416236877 -2.732595205307007
-0.7165971398353577 -2.114999532699585 0.9593422412872314
-0.813564658164978 -4.949978828430176 3.0261998176574707
-0.8975496292114258 -4.982693195343018 3.0632364749908447
-0.9001017808914185 -5.0403852462768555 3.101020336151123
-0.8856527805328369 -5.10029411315918 3.1344008445739746
-0.9982386827468872 -5.035724639892578 3.100930690765381
-1.0504978895187378 -5.065887451171875 3.197298526763916
-1.0374746322631836 -5.132632255554199 3.192828416824341
-1.1260229349136353 -5.042141914367676 3.1299936771392822
-1.1505656242370605 -5.102321624755859 3.213103771209717
-1.2212913036346436 -5.096927165985107 3.2114500999450684
-1.251380205154419 -5.120749473571777 3.2415738105773926
-1.3120447397232056 -5.077624797821045 3.215237617492676
-1.320559024810791 -5.068917751312256 3.1922669410705566
-1.3436310291290283 -5.01118278503418 3.143913507461548
-1.3465415239334106 -5.0003886222839355 3.12014102935791
-1.3904359340667725 -4.931611061096191 3.0814406871795654
-1.3496819734573364 -4.989500999450684 3.10801100730896
-2.686830520629883 2.44618558883667 -5.2961530685424805
-3.233006715774536 2.1353414058685303 -3.949924945831299
-3.426908254623413 2.0742783546447754 -3.990744113922119
-3.3631720542907715 2.3320491313934326 -3.5500473976135254
-3.339785099029541 1.6229897737503052 -2.9611306190490723
-3.24672269821167 1.6772270202636719 -3.0877676010131836
-3.2204716205596924 1.5975918769836426 -2.9093008041381836
-2.7012131214141846 1.4696385860443115 -3.573995590209961
-2.367039442062378 1.693963646888733 -4.6726393699646
-2.938098669052124 1.9686896800994873 -4.266796112060547
-3.1492810249328613 2.0607779026031494 -4.083785533905029
-3.0695102214813232 2.3099076747894287 -4.289881706237793
-3.269563674926758 1.72870934009552 -3.0059151649475098
-3.2794132232666016 1.868091344833374 -3.168064594268799
-3.313512086868286 1.5307245254516602 -2.4811196327209473
-2.963588237762451 1.7762000560760498 -3.5863234996795654
-3.084456443786621 1.8723100423812866 -3.623791217803955
-3.0547540187835693 1.9045747518539429 -3.72369384765625
-3.0453906059265137 1.4990856647491455 -2.581760883331299
-3.148422956466675 1.3524835109710693 -2.2256546020507812
-2.640981435775757 0.8668676018714905 -1.6858640909194946
-2.3511226177215576 0.6022358536720276 -2.1963319778442383
-1.9597185850143433 2.031327486038208 -4.355422019958496
-2.352081060409546 2.0412113666534424 -4.5790581703186035
-1.3498526811599731 1.1214591264724731 -4.994747161865234
-1.9713480472564697 1.7147343158721924 -4.01332426071167
-2.2910683155059814 2.178636074066162 -4.635006427764893
-2.3390309810638428 2.3090028762817383 -4.697210311889648
-2.2346837520599365 2.3666012287139893 -4.482756614685059
-2.2407095432281494 2.3596668243408203 -4.405861854553223
-1.522148609161377 1.5789752006530762 -5.0958075523376465
-1.5187745094299316 0.839618444442749 -4.807611465454102
-1.1920123100280762 0.3137703537940979 -4.032263278961182
-1.681437611579895 0.2776549160480499 -4.756091117858887
-1.1206411123275757 0.03174160420894623 -4.044963359832764
-1.2125234603881836 1.1191984415054321 -3.9755306243896484
-1.4258029460906982 0.8288657069206238 -4.192091941833496
-1.031656265258789 0.39494073390960693 -4.06901216506958
-1.8868590593338013 1.3173770904541016 -3.5231270790100098
-1.3830668926239014 1.7220499515533447 -4.686772346496582
-1.5540690422058105 1.4150118827819824 -3.91237473487854
-1.2607834339141846 1.069735050201416 -3.1430158615112305
-1.219454288482666 0.8493340611457825 -3.9366495609283447
-1.1075525283813477 0.8448416590690613 -3.769648551940918
-0.4880998730659485 -0.5094435811042786 -2.675600051879883
-0.6051300168037415 0.10361402481794357 -3.2287380695343018
-1.0545936822891235 1.076395034790039 -4.613069534301758
-1.2432053089141846 1.2518264055252075 -5.131781101226807
-1.8332561254501343 0.5592797994613647 -3.769508123397827
-0.7340972423553467 -3.1912004947662354 1.7189016342163086
-0.317975252866745 -5.424831867218018 3.2616796493530273
-0.25040966272354126 -5.625933647155762 3.3328888416290283
-0.22954341769218445 -5.692887306213379 3.376918315887451
-0.22676974534988403 -5.775521755218506 3.4027159214019775
-0.26542747020721436 -5.795888900756836 3.403228282928467
-0.21550826728343964 -5.841374397277832 3.3874287605285645
-0.20018309354782104 -5.863377571105957 3.3523285388946533
-0.14115339517593384 -5.9117655754089355 3.286167860031128
-0.12867788970470428 -5.929066181182861 3.2542266845703125
-0.10398487001657486 -5.988012790679932 3.2597174644470215
-0.10772046446800232 -6.077906131744385 3.288766860961914
-0.09874320030212402 -6.103413105010986 3.246427536010742
-0.10371175408363342 -6.120550632476807 3.2086832523345947
-0.09557031840085983 -6.259316921234131 3.1499645709991455
-0.07322780787944794 -6.30196475982666 3.1580312252044678
-0.07755646109580994 -6.3447585105896 3.1230759620666504
-0.1103314533829689 -6.351651668548584 3.1282472610473633
-0.07394018769264221 -6.474930286407471 3.0876333713531494
-0.1450098752975464 -6.48992395401001 3.017322063446045
-0.10150490701198578 -6.540742874145508 2.9174633026123047
-0.1476331204175949 -6.583774089813232 2.905193567276001
-0.2049134075641632 -6.664724826812744 2.8851711750030518
-0.19495481252670288 -6.696443557739258 2.876608371734619
-0.2776682674884796 -6.644650459289551 2.845752000808716
-0.24608220160007477 -6.550014972686768 2.79860520362854
-0.1959860920906067 -6.492220401763916 2.7018704414367676
-0.3469095230102539 -5.656655788421631 2.228339910507202
-0.8917291164398193 -1.6567392349243164 -1.5389336347579956
-1.8480420112609863 0.3974429965019226 -3.6513009071350098
-1.0429116487503052 0.22062641382217407 -3.9386792182922363
-1.7231910228729248 0.7096973061561584 -3.3609185218811035
-1.7323498725891113 1.05539870262146 -3.493431329727173
-1.5161815881729126 1.1374043226242065 -3.8303165435791016
-1.26291024684906 0.9436533451080322 -4.19818115234375
-1.2598153352737427 0.605187714099884 -3.8698108196258545
-1.2927907705307007 0.8541176915168762 -4.033419609069824
-1.2124106884002686 0.9838464856147766 -4.108981132507324
-1.4604418277740479 0.8778421878814697 -3.3190715312957764
-1.6898653507232666 1.3098523616790771 -3.4255518913269043
-1.5736191272735596 1.1392302513122559 -3.2820777893066406
-1.5161783695220947 0.41736912727355957 -1.8868374824523926
-0.6546831130981445 -3.768766164779663 1.9830600023269653
-0.14709386229515076 -5.605604648590088 3.1587259769439697
-0.17635291814804077 -5.619908332824707 3.2127315998077393
-0.132194384932518 -5.753471851348877 3.2986955642700195
-0.17082439363002777 -5.662355422973633 3.2655811309814453
-0.2111419439315796 -5.6456403732299805 3.3084731101989746
-0.19552046060562134 -5.601931095123291 3.264458179473877
-0.18642038106918335 -5.677621841430664 3.3509809970855713
-0.20039686560630798 -5.652656078338623 3.3548696041107178
-0.2177392542362213 -5.75492000579834 3.4995574951171875
-0.19528977572917938 -5.705065727233887 3.3885154724121094
-0.1922512948513031 -5.677252769470215 3.3860671520233154
-0.2186913788318634 -5.605671405792236 3.3281102180480957
-0.22751536965370178 -5.654125213623047 3.399226665496826
-0.2541447579860687 -5.588719844818115 3.374333381652832
-0.24028396606445312 -5.648095607757568 3.3897242546081543
-0.30193525552749634 -5.643454551696777 3.431410789489746
-0.29386788606643677 -5.621280670166016 3.3895857334136963
-0.3401000201702118 -5.568300247192383 3.392625331878662
-0.416299432516098 -5.502281665802002 3.3351900577545166
-0.45780256390571594 -5.5105180740356445 3.3440685272216797
-0.48666369915008545 -5.540678024291992 3.3770670890808105
-0.5853481888771057 -5.490553855895996 3.421687602996826
-0.5748257040977478 -5.400997161865234 3.3372609615325928
-0.6117055416107178 -5.460609436035156 3.4571735858917236
-0.622654378414154 -5.433712005615234 3.4535973072052
-0.7005923986434937 -5.340646743774414 3.3254904747009277
-0.7397964596748352 -5.374852180480957 3.328899621963501
-0.8098082542419434 -5.261832237243652 3.224226951599121
-0.8840849995613098 -5.255278587341309 3.25738263130188
-0.9173509478569031 -5.261721134185791 3.2761664390563965
-0.9113128185272217 -5.302195072174072 3.283668041229248
-0.9691517949104309 -5.306137561798096 3.3304312229156494
-1.0826114416122437 -5.2168869972229 3.2914628982543945
-1.1275475025177002 -5.244560241699219 3.331749439239502
-1.1128367185592651 -5.250971794128418 3.3064510822296143
-1.1793321371078491 -5.210755825042725 3.3296992778778076
-1.1681054830551147 -5.224421501159668 3.279942035675049
-1.2408206462860107 -5.2074151039123535 3.3104310035705566
-1.2880971431732178 -5.1728973388671875 3.2758734226226807
-1.3349937200546265 -5.17073917388916 3.2688238620758057
-1.3788973093032837 -5.165236473083496 3.307044267654419
-1.4029109477996826 -5.101804733276367 3.2395150661468506
-1.4193459749221802 -5.130977630615234 3.2837350368499756
-1.4897971153259277 -5.033566474914551 3.22279691696167
-1.5005455017089844 -5.119985103607178 3.321282386779785
-3.4735283851623535 2.343696117401123 -4.158013343811035
-3.245568037033081 2.1243703365325928 -4.274579048156738
-3.3534491062164307 1.9050620794296265 -3.7327075004577637
-2.478736639022827 2.248548746109009 -6.026845455169678
-3.0389480590820312 2.7673745155334473 -5.446522235870361
-3.299245595932007 1.9096941947937012 -3.693230628967285
-2.6553268432617188 1.7935221195220947 -4.24550199508667
-2.5615265369415283 2.5061888694763184 -5.5478339195251465
-2.7129058837890625 2.817908763885498 -5.6427001953125
-2.8126001358032227 2.0659115314483643 -4.0688347816467285
-2.358639717102051 1.7576574087142944 -4.738088130950928
-1.7252418994903564 1.708307147026062 -5.144282817840576
-0.8434649109840393 0.30907052755355835 -3.38642954826355
-1.6692914962768555 2.0889196395874023 -4.593161582946777
-2.5047383308410645 1.5551918745040894 -3.5322484970092773
-1.580154538154602 -0.407757967710495 -1.0701817274093628
-1.7093496322631836 -4.707237243652344 3.2913870811462402
-1.6394981145858765 -4.875616550445557 3.332409381866455
-1.629619836807251 -5.050350189208984 3.492138385772705
-1.627022624015808 -5.034681797027588 3.4707190990448
-1.5509042739868164 -5.123139381408691 3.5081331729888916
-1.5470402240753174 -5.142333030700684 3.505507469177246
-1.5102771520614624 -5.117033958435059 3.4754412174224854
-1.4187705516815186 -5.2156829833984375 3.5250072479248047
-1.361371397972107 -5.1674394607543945 3.4315154552459717
-1.3768529891967773 -5.185388565063477 3.4869093894958496
-1.3362085819244385 -5.210930824279785 3.451585531234741
-1.2535165548324585 -5.280936241149902 3.4942615032196045
-1.2266948223114014 -5.247424602508545 3.4630606174468994
-1.1523573398590088 -5.2801594734191895 3.4229278564453125
-1.1168935298919678 -5.329290866851807 3.4859890937805176
-1.041644811630249 -5.327267646789551 3.4486327171325684
-1.0041123628616333 -5.331679821014404 3.4298653602600098
-0.9757261276245117 -5.316868305206299 3.457379102706909
-0.822319507598877 -5.423202991485596 3.485764980316162
-0.8192798495292664 -5.377146244049072 3.481902837753296
-0.7523280382156372 -5.4485578536987305 3.5192277431488037
-0.7099880576133728 -5.4798994064331055 3.520311117172241
-0.6641577482223511 -5.447305679321289 3.510641574859619
-0.6114493608474731 -5.37169075012207 3.3510513305664062
-0.5994491577148438 -5.021148681640625 3.0204312801361084
-1.217697262763977 -0.0969766154885292 -1.7745791673660278
-1.5466994047164917 1.459601640701294 -3.526216983795166
-1.4523543119430542 1.2346183061599731 -3.3346731662750244
-0.5528831481933594 -0.8022634983062744 -0.8329391479492188
-0.5302618145942688 -4.361116886138916 2.435974597930908
-0.4167470932006836 -5.62216329574585 3.4635159969329834
-0.40314963459968567 -5.735435485839844 3.565582036972046
-0.4439939856529236 -5.754946708679199 3.5971860885620117
-0.3894026577472687 -5.898871421813965 3.680389881134033
-0.35415682196617126 -5.952338695526123 3.668861150741577
-0.3460817039012909 -5.984801292419434 3.687899351119995
-0.36842793226242065 -5.973699569702148 3.684206247329712
-0.3639051914215088 -6.047287940979004 3.731252908706665
-0.3671191334724426 -6.071559429168701 3.747645616531372
-0.3473087549209595 -6.106639862060547 3.7369003295898438
-0.3100564777851105 -6.150578022003174 3.7051236629486084
-0.291151762008667 -6.213364601135254 3.7139153480529785
-0.2455582171678543 -6.214727401733398 3.6378977298736572
-0.24557729065418243 -6.237700939178467 3.6432571411132812
-0.19445312023162842 -6.277735710144043 3.5928337574005127
-0.15029875934123993 -6.342161178588867 3.5795040130615234
-0.12616780400276184 -6.412205219268799 3.5739448070526123
-0.0942402333021164 -6.5164337158203125 3.463261604309082
-0.10938090085983276 -6.486328125 3.418393611907959
-0.10809193551540375 -6.533697128295898 3.372178554534912
-0.10275819897651672 -6.629788875579834 3.3597564697265625
-0.11796130985021591 -6.6355133056640625 3.3274524211883545
-0.13724824786186218 -6.685949325561523 3.2844295501708984
-0.0915810838341713 -6.733494758605957 3.210989475250244
-0.06113315001130104 -6.737482070922852 3.1722888946533203
-0.12027107179164886 -6.740884304046631 3.1645078659057617
-0.10680437833070755 -6.725982666015625 3.177229642868042
-0.08068479597568512 -6.672029972076416 3.1597132682800293
-0.10442142188549042 -6.683106899261475 3.2059571743011475
-0.10328144580125809 -6.612643718719482 3.189711570739746
-0.07601875066757202 -6.640357494354248 3.1439549922943115
-0.10132218897342682 -6.600830554962158 3.2487680912017822
-0.08965267241001129 -6.5604472160339355 3.152099847793579
-0.08188925683498383 -6.550173759460449 3.126342296600342
-0.07346349954605103 -6.475601673126221 3.1951820850372314
-0.024590808898210526 -6.466262340545654 3.207127571105957
-0.06649604439735413 -6.390768527984619 3.3207311630249023
-0.01544172316789627 -6.417214393615723 3.311401128768921
-0.05844815447926521 -6.287906646728516 3.3997392654418945
-0.11323019862174988 -6.278255462646484 3.524585008621216
-0.07636354863643646 -6.24467658996582 3.463759422302246
-0.057549405843019485 -6.194228172302246 3.410946846008301
-0.1697840392589569 -6.140639781951904 3.5371508598327637
-0.127786785364151 -6.153820514678955 3.5369226932525635
-0.17295123636722565 -6.126672267913818 3.558255195617676
-0.23136937618255615 -6.027551651000977 3.5797462463378906
-0.0749073177576065 -6.06683349609375 3.406355142593384
-0.1437871754169464 -5.984864234924316 3.467470169067383
-0.10167387127876282 -6.07672119140625 3.548372983932495
-0.1812898814678192 -6.062309741973877 3.6359102725982666
-0.234411358833313 -5.977717876434326 3.6243815422058105
-0.2124742716550827 -5.930749893188477 3.542476177215576
-0.19126559793949127 -5.975703716278076 3.580793857574463
-0.208828866481781 -5.902265548706055 3.5431172847747803
-0.22091153264045715 -5.9680609703063965 3.634416341781616
-0.22742436826229095 -5.812222003936768 3.4698233604431152
-0.21400012075901031 -5.80874490737915 3.4450864791870117
-0.2227552831172943 -5.822068214416504 3.451505184173584
-0.24346914887428284 -5.84393310546875 3.4925849437713623
-0.2841655910015106 -5.817951679229736 3.5197982788085938
-0.31695419549942017 -5.744530200958252 3.4363174438476562
-0.3799497187137604 -5.729272365570068 3.47731876373291
-0.3938499391078949 -5.740776538848877 3.5067620277404785
-0.4623960554599762 -5.596530437469482 3.38800048828125
-0.479474276304245 -5.616289138793945 3.4407458305358887
-0.5564811825752258 -5.60244607925415 3.4749295711517334
-0.5335550308227539 -5.606252670288086 3.4447357654571533
-0.5997605323791504 -5.603736400604248 3.489440441131592
-0.6292154788970947 -5.543785572052002 3.436866283416748
-0.6783984899520874 -5.516881465911865 3.4518253803253174
-0.6908033490180969 -5.506776332855225 3.4429571628570557
-0.7274824976921082 -5.498291969299316 3.4017977714538574
-0.7914887070655823 -5.442622184753418 3.3820064067840576
-0.8343388438224792 -5.449336051940918 3.4317309856414795
-0.8804892301559448 -5.368587970733643 3.3151588439941406
-0.9360041618347168 -5.405077934265137 3.414632797241211
-0.9739944338798523 -5.40246057510376 3.418550968170166
-0.9562379121780396 -5.361130237579346 3.3438215255737305
-1.029536485671997 -5.319990158081055 3.305328845977783
-1.0873911380767822 -5.3316850662231445 3.38378643989563
-1.064555048942566 -5.350767612457275 3.3496289253234863
-1.170310139656067 -5.267820358276367 3.355077028274536
-1.1352148056030273 -5.334317207336426 3.362868547439575
-1.2215420007705688 -5.202272891998291 3.2640581130981445
-1.2323564291000366 -5.189181327819824 3.260934591293335
-1.2715649604797363 -5.173633575439453 3.2401418685913086
-1.3216257095336914 -5.186907768249512 3.2529797554016113
-1.3065544366836548 -5.1963725090026855 3.252070665359497
-1.3751115798950195 -5.134228706359863 3.219817638397217
-1.4780974388122559 -5.081198215484619 3.240330219268799
-1.5051237344741821 -5.131263732910156 3.3000905513763428
-2.172689437866211 -5.112186908721924 3.7446978092193604
-2.106131076812744 -5.1891069412231445 3.8489882946014404
-2.1162850856781006 -5.030543327331543 3.7404637336730957
-2.088869094848633 -5.158863544464111 3.793473243713379
-2.110982894897461 -5.0922746658325195 3.575592041015625
-2.118665933609009 -5.108468055725098 3.619645595550537
-2.0715599060058594 -5.150765895843506 3.6510884761810303
-2.0842299461364746 -5.10250997543335 3.588902711868286
-2.0260133743286133 -5.1944427490234375 3.6670737266540527
-2.0114710330963135 -5.157739162445068 3.6472694873809814
-1.9834033250808716 -5.214544773101807 3.7158331871032715
-1.9518985748291016 -5.2438201904296875 3.7369472980499268
-1.8667339086532593 -5.270274639129639 3.716857433319092
-1.8738443851470947 -5.262548446655273 3.7383828163146973
-1.8481234312057495 -5.264530658721924 3.7221622467041016
-1.7991799116134644 -5.298306941986084 3.7486908435821533
-1.7612076997756958 -5.205807209014893 3.649909496307373
-1.6882578134536743 -5.226512908935547 3.6202638149261475
-1.6504957675933838 -5.2682037353515625 3.6558585166931152
-1.6246440410614014 -5.268431186676025 3.6343908309936523
-1.524695873260498 -5.290485382080078 3.593749761581421
-1.4956697225570679 -5.326937198638916 3.6518468856811523
-1.473970651626587 -5.316108226776123 3.604889154434204
-1.3454831838607788 -5.419034004211426 3.6246039867401123
-1.3448104858398438 -5.346007823944092 3.5724403858184814
-1.294087290763855 -5.418939113616943 3.638591766357422
-1.266402244567871 -5.441949367523193 3.6529505252838135
-1.2369266748428345 -5.43068265914917 3.6186933517456055
-1.1890310049057007 -5.443212509155273 3.6277785301208496
-1.1552234888076782 -5.4500603675842285 3.6224656105041504
-1.1062004566192627 -5.474092483520508 3.630427360534668
-1.0519596338272095 -5.460619926452637 3.619260787963867
-1.0138603448867798 -5.496955394744873 3.5970287322998047
-0.9640425443649292 -5.524025917053223 3.6142334938049316
-0.9026625156402588 -5.555373668670654 3.6030869483947754
-0.8727110624313354 -5.546630382537842 3.576786756515503
-0.8745301961898804 -5.537243843078613 3.600165843963623
-0.795231819152832 -5.564632415771484 3.561056613922119
-0.7618105411529541 -5.647160053253174 3.6739680767059326
-0.7156500816345215 -5.6164398193359375 3.590122938156128
-0.6616448163986206 -5.719509601593018 3.660061836242676
-0.6241819858551025 -5.772740364074707 3.682884693145752
-0.5873931646347046 -5.767112731933594 3.651219367980957
-0.6025629639625549 -5.774514198303223 3.6628665924072266
-0.4989202916622162 -5.818634986877441 3.650510787963867
-0.44952481985092163 -5.95231294631958 3.7631313800811768
-0.4196873605251312 -5.978482246398926 3.7691872119903564
-0.4048577845096588 -6.002683639526367 3.7863035202026367
-0.49918949604034424 -5.90219783782959 3.7911038398742676
-0.4293990731239319 -6.02349328994751 3.837550401687622
-0.4436034560203552 -6.038912773132324 3.861464023590088
-0.35436001420021057 -6.092756271362305 3.800370216369629
-0.39277100563049316 -6.122720241546631 3.862046718597412
-0.3924626111984253 -6.190673351287842 3.9206228256225586
-0.37522122263908386 -6.160107612609863 3.8281304836273193
-0.350722998380661 -6.19731330871582 3.8212332725524902
-0.29661548137664795 -6.277781963348389 3.7980475425720215
-0.305488258600235 -6.273588180541992 3.8039028644561768
-0.25250041484832764 -6.370224475860596 3.787572145462036
-0.24917443096637726 -6.3489670753479 3.7541823387145996
-0.23565995693206787 -6.3510212898254395 3.6951253414154053
-0.194414883852005 -6.385418891906738 3.662564277648926
-0.16534975171089172 -6.4718017578125 3.67061448097229
-0.13282300531864166 -6.528834342956543 3.5587503910064697
-0.1267911195755005 -6.545464515686035 3.5215301513671875
-0.1272120177745819 -6.561964511871338 3.4304397106170654
-0.029544703662395477 -6.493076801300049 3.1499483585357666
-0.1002412736415863 -6.736278533935547 2.9110867977142334
-0.09355032444000244 -6.71193790435791 3.1772942543029785
0.11906837671995163 -6.738550186157227 2.7922725677490234
0.04963095858693123 -6.804676055908203 2.6198246479034424
-0.07514198124408722 -6.749758243560791 3.026991844177246
-0.10369426012039185 -6.804678916931152 3.1838772296905518
-0.11207272857427597 -6.742814064025879 3.1974809169769287
-0.12005682289600372 -6.741108417510986 3.25698184967041
-0.09533290565013885 -6.786404609680176 3.1860532760620117
-0.10561677813529968 -6.77396821975708 3.128732204437256
-0.10681387782096863 -6.691836357116699 3.2291226387023926
-0.09689729660749435 -6.671571254730225 3.259246826171875
-0.06976187974214554 -6.686801433563232 3.2083992958068848
-0.041424691677093506 -6.630498886108398 3.3036599159240723
-0.05715475603938103 -6.567582607269287 3.2803478240966797
-0.06318718194961548 -6.504750728607178 3.3692281246185303
-0.03198426589369774 -6.556562900543213 3.439013957977295
-0.030803486704826355 -6.471766471862793 3.419954538345337
-0.007401980459690094 -6.445098876953125 3.454983711242676
0.029020261019468307 -6.460378170013428 3.4699766635894775
0.0037237703800201416 -6.362192153930664 3.4963274002075195
-0.07854433357715607 -6.330692291259766 3.5898494720458984
-0.07383646070957184 -6.250593662261963 3.5205934047698975
-0.06865246593952179 -6.224660396575928 3.540670156478882
-0.11642004549503326 -6.184098243713379 3.5822696685791016
-0.10450340807437897 -6.213630199432373 3.602050304412842
-0.150777667760849 -6.141770839691162 3.618795394897461
-0.08690741658210754 -6.1609392166137695 3.602341890335083
-0.16278678178787231 -6.173794746398926 3.7357144355773926
-0.16752153635025024 -6.057397842407227 3.625380277633667
-0.1738830953836441 -6.058781623840332 3.63981032371521
-0.14751258492469788 -6.043779373168945 3.6000256538391113
-0.15170025825500488 -6.006155014038086 3.574911594390869
-0.19396568834781647 -6.02071475982666 3.647233486175537
-0.15251223742961884 -5.970427989959717 3.5576376914978027
-0.17781513929367065 -5.953441143035889 3.5661518573760986
-0.21707864105701447 -5.894082546234131 3.5029022693634033
-0.22314056754112244 -5.840360164642334 3.4612672328948975
-0.273997038602829 -5.830368518829346 3.488510847091675
-0.25787466764450073 -5.819342613220215 3.46475887298584
-0.34672683477401733 -5.7360758781433105 3.451594352722168
-0.38928207755088806 -5.715816974639893 3.461419105529785
-0.4049757421016693 -5.699318885803223 3.438471794128418
-0.45513245463371277 -5.629065990447998 3.43491792678833
-0.4452161192893982 -5.694768905639648 3.4489126205444336
-0.5199436545372009 -5.608642578125 3.4097397327423096
-0.5877054333686829 -5.53653621673584 3.389486789703369
-0.5893465876579285 -5.526457786560059 3.3609330654144287
-0.6581511497497559 -5.508758544921875 3.377279043197632
-0.6927691698074341 -5.51839542388916 3.4097275733947754
-0.730568528175354 -5.477268218994141 3.3627684116363525
-0.7772011160850525 -5.437451362609863 3.340400218963623
-0.8420069813728333 -5.443108558654785 3.4099254608154297
-0.8810500502586365 -5.393730163574219 3.3449923992156982
-0.8888453245162964 -5.450817108154297 3.3659415245056152
-0.92249596118927 -5.374166011810303 3.3469414710998535
-0.9432482719421387 -5.367644786834717 3.338240623474121
-1.0193651914596558 -5.3864312171936035 3.3787930011749268
-1.0530376434326172 -5.375332832336426 3.391724109649658
-1.0576962232589722 -5.347603797912598 3.3584749698638916
-1.1275895833969116 -5.278792381286621 3.3426949977874756
-1.1402055025100708 -5.300229072570801 3.3284549713134766
-1.2156431674957275 -5.2515459060668945 3.31829833984375
-1.2337450981140137 -5.236172199249268 3.2948248386383057
-1.2773386240005493 -5.272716999053955 3.35964298248291
-1.312670111656189 -5.242021560668945 3.3205487728118896
-1.3993866443634033 -5.208484649658203 3.3093321323394775
-1.395279049873352 -5.196666717529297 3.295058250427246
-1.4417158365249634 -5.195108413696289 3.305725336074829
-1.514906883239746 -5.152381420135498 3.3162548542022705
-2.2301697731018066 -5.116387844085693 3.524204730987549
-2.1948771476745605 -5.13693904876709 3.5569100379943848
-2.1732211112976074 -5.09358549118042 3.536259651184082
-2.1207027435302734 -5.195886135101318 3.633946418762207
-2.117065906524658 -5.1941914558410645 3.6885013580322266
-2.076510190963745 -5.218599796295166 3.746664047241211
-2.0401339530944824 -5.242918491363525 3.7474863529205322
-2.036903142929077 -5.226790428161621 3.7261240482330322
-2.007965564727783 -5.2728352546691895 3.77236270904541
-2.0008885860443115 -5.236789703369141 3.71342396736145
-1.973672866821289 -5.275618076324463 3.7550547122955322
-1.9500155448913574 -5.272019863128662 3.733119010925293
-1.8634045124053955 -5.330530643463135 3.794121265411377
-1.8503949642181396 -5.376290798187256 3.828395128250122
-1.8492242097854614 -5.3064422607421875 3.758472442626953
-1.7843388319015503 -5.343155384063721 3.787215232849121
-1.7518459558486938 -5.283156871795654 3.721994400024414
-1.7148691415786743 -5.30981969833374 3.7307629585266113
-1.6740341186523438 -5.328310966491699 3.714193820953369
-1.6240923404693604 -5.3310627937316895 3.700193405151367
-1.5721508264541626 -5.379806041717529 3.7226078510284424
-1.5764015913009644 -5.393128871917725 3.73422908782959
-1.5125387907028198 -5.4007487297058105 3.7034425735473633
-1.401073694229126 -5.43928861618042 3.677280902862549
-1.4122949838638306 -5.383472442626953 3.635409116744995
-1.3476351499557495 -5.395617485046387 3.621053457260132
-1.2901782989501953 -5.480266094207764 3.697525978088379
-1.2886734008789062 -5.43170166015625 3.6902191638946533
-1.166722059249878 -5.4931440353393555 3.662484645843506
-1.1086053848266602 -5.518222332000732 3.70869517326355
-1.0779606103897095 -5.512529373168945 3.664034128189087
-1.0485341548919678 -5.530322551727295 3.6970672607421875
-0.9993000030517578 -5.539096832275391 3.68200945854187
-0.9360610842704773 -5.572170257568359 3.691633701324463
-0.8392907381057739 -5.623432159423828 3.696812391281128
-0.8018603920936584 -5.645884037017822 3.7097678184509277
-0.7568899393081665 -5.709458351135254 3.72943377494812
-0.769627571105957 -5.6372175216674805 3.6642630100250244
-0.740277111530304 -5.663443565368652 3.6803102493286133
-0.6976960897445679 -5.655520439147949 3.6156959533691406
-0.6745486259460449 -5.708195686340332 3.6639063358306885
-0.6150824427604675 -5.756600379943848 3.6698031425476074
-0.6067171096801758 -5.781239032745361 3.6997504234313965
-0.6333905458450317 -5.799548149108887 3.7252182960510254
-0.5161023736000061 -5.85549259185791 3.7031428813934326
-0.4720199406147003 -5.913346767425537 3.7567126750946045
-0.41539210081100464 -5.99062442779541 3.783480167388916
-0.40548568964004517 -5.9657063484191895 3.7287533283233643
-0.4776481091976166 -5.984164237976074 3.811802625656128
-0.39292216300964355 -6.048647880554199 3.8079447746276855
-0.37923839688301086 -6.019482612609863 3.7445507049560547
-0.29087087512016296 -6.16229772567749 3.7650551795959473
-0.3541198968887329 -6.115753650665283 3.7871804237365723
-0.3321988880634308 -6.151008605957031 3.7734885215759277
-0.31732824444770813 -6.178008079528809 3.765467643737793
-0.32371246814727783 -6.2080979347229 3.783039093017578
-0.32678401470184326 -6.192078113555908 3.73915958404541
-0.2693769335746765 -6.2788405418396 3.7368593215942383
-0.22474701702594757 -6.249953269958496 3.617769241333008
-0.281363844871521 -6.316898345947266 3.739189624786377
-0.2587413191795349 -6.316804885864258 3.6907131671905518
-0.216761976480484 -6.369359493255615 3.670117139816284
-0.20320703089237213 -6.356009006500244 3.6140389442443848
-0.16849347949028015 -6.461052894592285 3.6267988681793213
-0.1345825046300888 -6.425116539001465 3.5337975025177
-0.09745339304208755 -6.53500509262085 3.5150463581085205
-0.09491141140460968 -6.602158069610596 3.5302815437316895
-0.11482108384370804 -6.582918167114258 3.4683690071105957
-0.10970651358366013 -6.6472296714782715 3.3770222663879395
-0.05396007373929024 -6.706368446350098 3.3573923110961914
-0.07868148386478424 -6.686233043670654 3.3246166706085205
-0.0905473455786705 -6.746021270751953 3.3223750591278076
-0.0742962509393692 -6.724838733673096 3.3450138568878174
-0.05377819761633873 -6.77061653137207 3.249074935913086
-0.06071634218096733 -6.745514392852783 3.2910501956939697
-0.06235542148351669 -6.7207417488098145 3.250547170639038
-0.0418793186545372 -6.697769641876221 3.164357900619507
-0.05139961093664169 -6.655313968658447 3.2546768188476562
-0.05509242042899132 -6.631535053253174 3.279102325439453
-0.04457463324069977 -6.644454002380371 3.2713427543640137
-0.018983911722898483 -6.614812850952148 3.3583734035491943
-0.029750067740678787 -6.515367031097412 3.3029661178588867
-0.044317826628685 -6.490782260894775 3.4477546215057373
-0.03748037666082382 -6.48647928237915 3.4793777465820312
-0.06664661318063736 -6.441773414611816 3.553189277648926
-0.05721462517976761 -6.361544609069824 3.5055289268493652
-0.040443338453769684 -6.357686996459961 3.5341835021972656
-0.08050072193145752 -6.301024913787842 3.538722515106201
-0.1313731074333191 -6.259352207183838 3.589498996734619
-0.15274187922477722 -6.215003490447998 3.5986812114715576
-0.13830959796905518 -6.267489910125732 3.6606926918029785
-0.15765102207660675 -6.252123832702637 3.7031588554382324
-0.11772340536117554 -6.17243766784668 3.556704521179199
-0.10962727665901184 -6.188474178314209 3.645214319229126
-0.07383502274751663 -6.159933090209961 3.584099054336548
-0.12266384065151215 -6.1647515296936035 3.68118953704834
-0.17478178441524506 -6.037827968597412 3.6207785606384277
-0.10999161750078201 -6.0667243003845215 3.6028928756713867
-0.16879647970199585 -6.000314235687256 3.6249141693115234
-0.15040463209152222 -5.96543025970459 3.565351963043213
-0.16618618369102478 -6.055376052856445 3.675352096557617
-0.13630104064941406 -6.021069049835205 3.6228692531585693
-0.18056461215019226 -5.994088649749756 3.605062484741211
-0.16518211364746094 -5.897311210632324 3.495187997817993
-0.19536161422729492 -5.919410705566406 3.560926914215088
-0.19429627060890198 -5.873829364776611 3.4878082275390625
-0.273082971572876 -5.808289527893066 3.495757579803467
-0.34234893321990967 -5.767070293426514 3.4838154315948486
-0.3089402914047241 -5.721800327301025 3.3752341270446777
-0.45014819502830505 -5.667521953582764 3.4565114974975586
-0.46152573823928833 -5.682461738586426 3.500265598297119
-0.4650765061378479 -5.647831439971924 3.444222927093506
-0.5133064985275269 -5.659872531890869 3.4710018634796143
-0.5918223857879639 -5.536749839782715 3.389636993408203
-0.5578104257583618 -5.594587802886963 3.393742799758911
-0.6685807704925537 -5.540256023406982 3.4142584800720215
-0.7161428332328796 -5.551241397857666 3.4533567428588867
-0.7817875146865845 -5.492231369018555 3.431838035583496
-0.8026782870292664 -5.474289894104004 3.419227361679077
-0.838309109210968 -5.42766809463501 3.3707196712493896
-0.9186083078384399 -5.412779331207275 3.388540506362915
-0.9559639096260071 -5.483724594116211 3.49640154838562
-0.9832148551940918 -5.472116947174072 3.4915952682495117
-0.9935203790664673 -5.457696437835693 3.4635732173919678
-1.0631930828094482 -5.431122779846191 3.445791482925415
-1.1030645370483398 -5.380321025848389 3.4154205322265625
-1.0839093923568726 -5.390464782714844 3.404451370239258
-1.1030468940734863 -5.362842082977295 3.382091999053955
-1.1937462091445923 -5.300018787384033 3.3621225357055664
-1.2580631971359253 -5.292500972747803 3.3573362827301025
-1.280327558517456 -5.3172383308410645 3.4190680980682373
-1.3436014652252197 -5.265360355377197 3.358163833618164
-1.3379923105239868 -5.300175666809082 3.374908447265625
-1.4178378582000732 -5.2719807624816895 3.4056901931762695
-1.4597495794296265 -5.340899467468262 3.5058791637420654
-1.473073959350586 -5.2803521156311035 3.4341771602630615
-1.5738815069198608 -5.20262336730957 3.416313886642456
-2.2210757732391357 -5.099274635314941 3.471768856048584
-2.1987271308898926 -5.121052265167236 3.491882085800171
-2.201465368270874 -5.021785259246826 3.4183788299560547
-2.1633875370025635 -5.128666877746582 3.5133562088012695
-2.138014316558838 -5.129559516906738 3.5351145267486572
-2.126060724258423 -5.155965805053711 3.577486515045166
-2.061523914337158 -5.208542346954346 3.6214349269866943
-2.064146041870117 -5.189209938049316 3.6425464153289795
-2.018575668334961 -5.205852031707764 3.6429781913757324
-1.9852430820465088 -5.234623432159424 3.701514959335327
-1.9594815969467163 -5.2471842765808105 3.6866323947906494
-1.9536937475204468 -5.273662090301514 3.700556993484497
-1.8836896419525146 -5.287351131439209 3.6983981132507324
-1.8690601587295532 -5.300911903381348 3.6979153156280518
-1.845090389251709 -5.301972389221191 3.718012809753418
-1.8118315935134888 -5.282801628112793 3.6701793670654297
-1.7928688526153564 -5.2432661056518555 3.6708824634552
-1.750319242477417 -5.228636741638184 3.6439154148101807
-1.678699016571045 -5.297150135040283 3.67299222946167
-1.6587015390396118 -5.31779670715332 3.6867613792419434
-1.625755786895752 -5.324913024902344 3.6647872924804688
-1.6065665483474731 -5.337468147277832 3.6756205558776855
-1.562129259109497 -5.383904457092285 3.6956377029418945
-1.4539141654968262 -5.422532558441162 3.680584192276001
-1.4303942918777466 -5.402764797210693 3.646202564239502
-1.3993988037109375 -5.412068843841553 3.643085479736328
-1.3726482391357422 -5.450502872467041 3.6919350624084473
-1.3411997556686401 -5.435388565063477 3.6751675605773926
-1.266072392463684 -5.446286201477051 3.6444578170776367
-1.1434329748153687 -5.50961446762085 3.6300361156463623
-1.1461280584335327 -5.487168788909912 3.650402307510376
-1.0828887224197388 -5.505186557769775 3.637094259262085
-1.0056971311569214 -5.513370990753174 3.595240592956543
-0.861338198184967 -5.400245189666748 3.4117722511291504
-0.7126370072364807 -5.506415367126465 3.4810938835144043
-0.705200731754303 -5.572673320770264 3.489213466644287
-0.7273532748222351 -5.55238676071167 3.4955906867980957
-0.7856127023696899 -5.5789899826049805 3.5915069580078125
-0.7153663635253906 -5.6637349128723145 3.6357223987579346
-0.6989461183547974 -5.626977443695068 3.5951671600341797
-0.679120659828186 -5.691435813903809 3.665543794631958
-0.6444299221038818 -5.717113971710205 3.678619623184204
-0.5940238237380981 -5.7191033363342285 3.6424560546875
-0.6214779019355774 -5.735675811767578 3.6763479709625244
-0.5073208808898926 -5.782364368438721 3.6198065280914307
-0.43879979848861694 -5.866855621337891 3.64040470123291
-0.40020951628685 -5.915190696716309 3.6747663021087646
-0.38659578561782837 -5.929554462432861 3.674619674682617
-0.4795968234539032 -5.892441749572754 3.737553119659424
-0.37738141417503357 -6.032497882843018 3.7912886142730713
-0.3731800317764282 -6.003859996795654 3.721707820892334
-0.3060954809188843 -6.037879467010498 3.6580135822296143
-0.3490651249885559 -6.06448221206665 3.755592107772827
-0.3706226348876953 -6.0568108558654785 3.7571442127227783
-0.3432963192462921 -6.095208644866943 3.722270965576172
-0.334939181804657 -6.142653942108154 3.7591092586517334
-0.2675952911376953 -6.142055034637451 3.667365074157715
-0.26592114567756653 -6.259303569793701 3.758234977722168
-0.21351900696754456 -6.236438274383545 3.653064489364624
-0.20544518530368805 -6.289069652557373 3.6700072288513184
-0.1948026567697525 -6.2535176277160645 3.578955888748169
-0.11915455758571625 -6.370031833648682 3.5767579078674316
-0.15837779641151428 -6.38138484954834 3.608954906463623
-0.11651897430419922 -6.438095569610596 3.578312635421753
-0.1359660029411316 -6.416982650756836 3.549224376678467
-0.08513714373111725 -6.522317886352539 3.5327460765838623
-0.07705937325954437 -6.48982572555542 3.4469895362854004
-0.09254208952188492 -6.547814846038818 3.3949594497680664
-0.04248419031500816 -6.619229793548584 3.314279079437256
-0.025896262377500534 -6.704925537109375 3.294987916946411
-0.029507655650377274 -6.760663986206055 3.3128960132598877
-0.04132113605737686 -6.730659008026123 3.2497873306274414
-0.028659924864768982 -6.739609718322754 3.2436575889587402
-0.014120802283287048 -6.779077053070068 3.2056884765625
-0.04203972965478897 -6.729034423828125 3.2271857261657715
-0.006585054099559784 -6.752299785614014 3.190326690673828
-0.024000823497772217 -6.734388828277588 3.1765756607055664
-0.031133797019720078 -6.676445007324219 3.2147533893585205
-0.05080074816942215 -6.638820171356201 3.254619836807251
-0.04450215771794319 -6.624146461486816 3.274036169052124
0.013461079448461533 -6.6353254318237305 3.303642749786377
0.0011486969888210297 -6.569085121154785 3.294011116027832
-0.03052215650677681 -6.479881286621094 3.4037961959838867
0.02067367359995842 -6.493288040161133 3.384436845779419
-0.03660903126001358 -6.424148082733154 3.4757637977600098
-0.0037108249962329865 -6.41032600402832 3.5235886573791504
-0.06181063875555992 -6.387158393859863 3.5762550830841064
-0.0810779482126236 -6.329092025756836 3.5706918239593506
-0.09596677124500275 -6.2838850021362305 3.563915252685547
-0.08474409580230713 -6.321124076843262 3.648340940475464
-0.10344855487346649 -6.2546539306640625 3.5951035022735596
-0.15645398199558258 -6.186882495880127 3.6353976726531982
-0.15135504305362701 -6.156251907348633 3.610644817352295
-0.16806378960609436 -6.160749912261963 3.6538686752319336
-0.0999298170208931 -6.198093891143799 3.6415767669677734
-0.09779404103755951 -6.192573547363281 3.6503782272338867
-0.22307813167572021 -6.028892517089844 3.6413416862487793
-0.16616885364055634 -6.031564712524414 3.5870862007141113
-0.19193975627422333 -6.01230525970459 3.613731861114502
-0.19669383764266968 -6.036284923553467 3.6136653423309326
-0.21920780837535858 -5.996587753295898 3.6380794048309326
-0.17953141033649445 -6.005565643310547 3.5866684913635254
-0.22363510727882385 -5.892167568206787 3.542966365814209
-0.2088761329650879 -5.930301189422607 3.543276786804199
-0.2350115180015564 -5.860846996307373 3.505007266998291
-0.24922426044940948 -5.851594924926758 3.501044750213623
-0.2588311731815338 -5.822158336639404 3.454590082168579
-0.3614518940448761 -5.76513147354126 3.474116086959839
-0.34545326232910156 -5.749330997467041 3.444192886352539
-0.4458519518375397 -5.6714768409729 3.429250478744507
-0.445260226726532 -5.689467906951904 3.4631540775299072
-0.43867066502571106 -5.646851539611816 3.4132416248321533
-0.4875375032424927 -5.68441104888916 3.477611541748047
-0.6180527210235596 -5.611015796661377 3.4944918155670166
-0.639721691608429 -5.552977561950684 3.405726194381714
-0.7188735604286194 -5.5582685470581055 3.4852471351623535
-0.7372041344642639 -5.546071529388428 3.473564863204956
-0.8077213764190674 -5.5588178634643555 3.504733085632324
-0.8593560457229614 -5.533790111541748 3.4900596141815186
-0.8642781972885132 -5.512535572052002 3.478153944015503
-0.8908782601356506 -5.437188625335693 3.3716073036193848
-0.9698328375816345 -5.476740837097168 3.4787814617156982
-1.026975154876709 -5.441522121429443 3.4706709384918213
-1.0289332866668701 -5.467217922210693 3.464689016342163
-1.0964571237564087 -5.395888805389404 3.4461681842803955
-1.1446750164031982 -5.398833751678467 3.464961528778076
-1.1661521196365356 -5.390917778015137 3.45613431930542
-1.1771862506866455 -5.393747806549072 3.460808515548706
-1.240364670753479 -5.351560592651367 3.4345061779022217
-1.280942678451538 -5.291382312774658 3.3801629543304443
-1.2913774251937866 -5.309294700622559 3.409733772277832
-1.3457422256469727 -5.3250885009765625 3.4262428283691406
-1.3724844455718994 -5.335145950317383 3.4392635822296143
-1.4110902547836304 -5.30374002456665 3.4206197261810303
-1.4450002908706665 -5.2480974197387695 3.3897812366485596
-1.5156885385513306 -5.247371673583984 3.437436580657959
-1.595036268234253 -5.2073073387146 3.4238719940185547
-2.2100260257720947 -5.07606840133667 3.4817376136779785
-2.2215514183044434 -5.08789587020874 3.5344815254211426
-2.1905500888824463 -4.997135162353516 3.446004867553711
-2.141176700592041 -5.116932392120361 3.5436649322509766
-2.107309341430664 -5.086887836456299 3.5325748920440674
-2.0738892555236816 -5.111706256866455 3.5562407970428467
-2.059293270111084 -5.081758499145508 3.5315299034118652
-2.0360255241394043 -5.058215618133545 3.519057273864746
-2.039405584335327 -4.773340225219727 3.314347743988037
-2.253373622894287 -1.301660418510437 0.14511868357658386
-1.511849045753479 1.636849045753479 -4.440971374511719
-1.864221215248108 1.434739589691162 -4.118106365203857
-2.078993082046509 1.5416767597198486 -3.3388516902923584
-2.2698729038238525 1.239869236946106 -2.6437606811523438
-2.5987906455993652 0.5386349558830261 -1.850846767425537
-2.38193941116333 1.6500892639160156 -3.3515026569366455
-2.685685396194458 1.7877458333969116 -2.948474168777466
-2.8374407291412354 1.1995371580123901 -2.2358336448669434
-2.636115550994873 1.02034330368042 -2.2727837562561035
-2.8013393878936768 1.5385065078735352 -2.6282618045806885
-2.734285831451416 1.531540036201477 -2.6941113471984863
-2.2014617919921875 1.7633458375930786 -4.039032459259033
-2.0542044639587402 1.7266910076141357 -3.985668659210205
-1.9548754692077637 0.7661383152008057 -1.4543192386627197
-1.4355909824371338 -4.21456241607666 2.67447829246521
-1.3264062404632568 -5.0202507972717285 3.278229236602783
-1.310166597366333 -5.081094264984131 3.3697962760925293
-1.2422341108322144 -5.058943748474121 3.3049802780151367
-1.2124909162521362 -5.036240100860596 3.267030954360962
-1.1352788209915161 -5.1216020584106445 3.3218038082122803
-1.0696876049041748 -5.063974380493164 3.2273755073547363
-1.0182358026504517 -4.996633052825928 3.1488637924194336
-1.0283819437026978 -5.010880947113037 3.164438009262085
-1.0752471685409546 -4.567809581756592 2.8315303325653076
-1.2553056478500366 -1.512938380241394 0.6530245542526245
-2.0209062099456787 0.8646349906921387 -1.8719167709350586
-1.903577208518982 1.151715874671936 -3.048558473587036
-1.637144923210144 0.9584710001945496 -2.931673526763916
-1.80342435836792 1.3453340530395508 -3.059169054031372
-1.991304874420166 1.5375826358795166 -3.262028217315674
-1.857324242591858 1.8656485080718994 -3.353696823120117
-1.8591716289520264 1.7368565797805786 -3.3216562271118164
-1.182752013206482 0.4243216812610626 -2.801435947418213
-1.5687057971954346 0.3722791373729706 -2.3505427837371826
-1.3076612949371338 0.3119824230670929 -1.3977432250976562
-1.9325470924377441 0.5520032644271851 -1.4448119401931763
-1.8965964317321777 -0.478418231010437 -0.24626421928405762
-1.942997694015503 -0.9584777355194092 0.3436633050441742
-1.9533175230026245 0.9786674976348877 -2.180684804916382
-1.5940296649932861 1.4645322561264038 -2.783522129058838
-1.4180595874786377 1.3354443311691284 -3.1825621128082275
-0.8508083820343018 0.5270112156867981 -3.2931039333343506
-1.3956565856933594 1.0742096900939941 -3.358715057373047
-1.6408137083053589 1.3115317821502686 -3.64387845993042
-1.5978202819824219 0.42160987854003906 -2.9258155822753906
-0.6770057678222656 -2.062221050262451 0.01191788911819458
-0.3403780460357666 -5.176784992218018 2.8551650047302246
-0.256984680891037 -5.769247055053711 3.353851556777954
-0.20952478051185608 -5.924542427062988 3.391347885131836
-0.19067293405532837 -5.995676040649414 3.3996310234069824
-0.17274951934814453 -6.073344707489014 3.4181976318359375
-0.1587325483560562 -6.13028621673584 3.4247546195983887
-0.12825369834899902 -6.20741605758667 3.442979574203491
-0.0978969931602478 -6.32375431060791 3.466244697570801
-0.10493747144937515 -6.287063121795654 3.4242312908172607
-0.07762914896011353 -6.345489501953125 3.3634185791015625
-0.09838157892227173 -6.442361831665039 3.4633517265319824
-0.05349457636475563 -6.526086807250977 3.373331069946289
-0.009271614253520966 -6.5491623878479 3.2419230937957764
-0.025527067482471466 -6.641442775726318 3.2698426246643066
-0.05907715857028961 -6.634900093078613 3.2342467308044434
0.0016353130340576172 -6.719789505004883 3.203531265258789
-0.02413656935095787 -6.680520057678223 3.213205099105835
-0.024573106318712234 -6.684732913970947 3.130960464477539
0.025348294526338577 -6.689929485321045 3.116772174835205
0.047492481768131256 -6.728195667266846 3.087064743041992
-0.00570659339427948 -6.673746585845947 3.119455575942993
0.013704478740692139 -6.65748405456543 3.2136635780334473
0.002015378326177597 -6.575677871704102 3.1733672618865967
0.0002564080059528351 -6.608619213104248 3.189758539199829
0.028131064027547836 -6.602447032928467 3.2957403659820557
0.04561294987797737 -6.544584274291992 3.245826482772827
-0.019029822200536728 -6.424077987670898 3.340409994125366
0.0808330774307251 -6.480103969573975 3.2966814041137695
-0.0215860977768898 -6.387789249420166 3.4338858127593994
0.003199629485607147 -6.38588809967041 3.474151372909546
0.036494046449661255 -6.392294883728027 3.445566177368164
-0.026158824563026428 -6.321046352386475 3.4725754261016846
-0.09249067306518555 -6.257025718688965 3.534726142883301
-0.06414702534675598 -6.194180965423584 3.473320960998535
-0.08104388415813446 -6.160062789916992 3.486070394515991
-0.11860139667987823 -6.0781683921813965 3.474843740463257
-0.07661750912666321 -6.114392280578613 3.4670894145965576
-0.10720525681972504 -6.0996012687683105 3.533541440963745
-0.06663182377815247 -6.06365966796875 3.462442398071289
-0.13752016425132751 -6.0275139808654785 3.5181400775909424
-0.1766185462474823 -5.944563388824463 3.506666421890259
-0.14329582452774048 -5.989656448364258 3.506699562072754
-0.15249498188495636 -5.96787166595459 3.511561870574951
-0.14754518866539001 -5.988211631774902 3.5294594764709473
-0.18094496428966522 -5.9733452796936035 3.5525615215301514
-0.15743720531463623 -5.873502731323242 3.42195987701416
-0.20699384808540344 -5.878818988800049 3.5056138038635254
-0.23181766271591187 -5.741555213928223 3.3615405559539795
-0.2648084759712219 -5.806868076324463 3.4544906616210938
-0.30256056785583496 -5.722513675689697 3.373730182647705
-0.33344966173171997 -5.684105396270752 3.3872270584106445
-0.3533667027950287 -5.654801368713379 3.3473851680755615
-0.36757075786590576 -5.677669048309326 3.4017927646636963
-0.4624307155609131 -5.563635349273682 3.354360580444336
-0.4441187083721161 -5.650985240936279 3.452392101287842
-0.47579634189605713 -5.67992639541626 3.4837093353271484
-0.4679415822029114 -5.641846179962158 3.423096179962158
-0.5792739987373352 -5.5547966957092285 3.407900333404541
-0.5753384828567505 -5.53512716293335 3.3538999557495117
-0.6058722734451294 -5.548266410827637 3.414297103881836
-0.6482055187225342 -5.524445056915283 3.3959736824035645
-0.673129141330719 -5.549575328826904 3.427030086517334
-0.7565426826477051 -5.410264015197754 3.330626964569092
-0.7706931233406067 -5.481964588165283 3.3925628662109375
-0.8624575138092041 -5.388368129730225 3.3430068492889404
-0.8908129930496216 -5.394219398498535 3.3654327392578125
-0.8710902333259583 -5.344613075256348 3.2647509574890137
-0.8865264058113098 -5.413702487945557 3.3457272052764893
-1.0303382873535156 -5.335258483886719 3.3447422981262207
-1.099231481552124 -5.304603099822998 3.3772406578063965
-1.0858514308929443 -5.323422431945801 3.3412725925445557
-1.1331125497817993 -5.268720626831055 3.3111777305603027
-1.1778631210327148 -5.264697074890137 3.326225757598877
-1.2738914489746094 -5.273273944854736 3.39274525642395
-1.3048982620239258 -5.253539085388184 3.3630430698394775
-1.3040860891342163 -5.254940986633301 3.3446919918060303
-1.3437814712524414 -5.2706098556518555 3.3811912536621094
-1.3640632629394531 -5.21507453918457 3.3275489807128906
-1.420989751815796 -5.227116107940674 3.3433218002319336
-1.492983102798462 -5.1967573165893555 3.384546995162964
-1.5162699222564697 -5.216948986053467 3.398983955383301
-2.1987521648406982 -4.91426944732666 3.3673887252807617
-2.171041488647461 -4.944938659667969 3.403563976287842
-2.1630241870880127 -4.798040390014648 3.2586441040039062
-2.0833382606506348 -4.943575859069824 3.398369312286377
-2.079280376434326 -4.902831554412842 3.3682444095611572
-2.037198781967163 -4.911236763000488 3.391786813735962
-2.0210769176483154 -4.814491271972656 3.306511878967285
-2.0642640590667725 -4.470972061157227 3.039578676223755
-1.9493473768234253 -3.4365954399108887 2.140312433242798
-2.5725531578063965 -0.8236175179481506 0.012060672044754028
-2.2063956260681152 0.49039363861083984 -2.1275904178619385
-1.6870580911636353 0.4359661042690277 -1.8406317234039307
-1.579593539237976 0.9267988204956055 -2.2837557792663574
-1.8387291431427002 1.5045280456542969 -3.207970142364502
-1.7369155883789062 1.3353748321533203 -3.765723466873169
-1.8415759801864624 1.4894938468933105 -3.470210075378418
-1.5752924680709839 1.3566398620605469 -4.152489185333252
-2.082883358001709 2.0942201614379883 -4.2435383796691895
-2.021149158477783 2.0531020164489746 -4.787012577056885
-2.1939539909362793 2.5866916179656982 -4.778410911560059
-1.9413299560546875 1.864590048789978 -4.097273826599121
-2.0374929904937744 1.9136582612991333 -3.8080077171325684
-2.365342617034912 1.8074880838394165 -3.8082363605499268
-1.9450969696044922 1.7872806787490845 -3.9291200637817383
-1.7759902477264404 1.6731767654418945 -4.092521667480469
-1.6088813543319702 1.5690333843231201 -4.24878454208374
-1.6304423809051514 1.565505862236023 -3.767062187194824
-1.1226296424865723 1.5294848680496216 -4.794508457183838
-1.5932728052139282 1.6162654161453247 -4.18728494644165
-1.66498863697052 1.5430563688278198 -3.738136053085327
-1.797712802886963 1.6798092126846313 -3.7371628284454346
-1.6739170551300049 1.3235812187194824 -3.8950908184051514
-1.8308398723602295 1.8401801586151123 -4.088312149047852
-1.8306292295455933 1.7531299591064453 -3.955449104309082
-1.4999582767486572 1.9476622343063354 -6.616364479064941
-1.4417128562927246 1.30392587184906 -3.4615068435668945
-1.7764854431152344 1.8529179096221924 -3.786097288131714
-1.7910702228546143 1.7641571760177612 -3.695054531097412
-1.061068058013916 0.6112445592880249 -4.446267127990723
-1.8635060787200928 2.1167643070220947 -4.499619483947754
-1.6875702142715454 1.7371172904968262 -3.8370978832244873
-1.6188851594924927 1.6566805839538574 -3.651350259780884
-1.4866061210632324 1.405407428741455 -3.6958446502685547
-1.9565869569778442 1.7996667623519897 -4.155941009521484
-1.9210596084594727 2.1266958713531494 -4.078053951263428
-1.9744774103164673 2.0759034156799316 -4.176266670227051
-1.9658945798873901 1.620552659034729 -3.481565475463867
-1.964690923690796 1.3460452556610107 -2.9484357833862305
-1.9895060062408447 1.4597418308258057 -3.383505344390869
-0.8756012916564941 0.40853604674339294 -3.558398485183716
-1.3425146341323853 1.0315560102462769 -3.187164783477783
-1.5237561464309692 1.3415406942367554 -3.417536735534668
-1.7550511360168457 1.599955677986145 -3.3034629821777344
-1.7286603450775146 1.4266366958618164 -3.1517064571380615
-1.450608253479004 0.9443594217300415 -2.9681525230407715
-1.3707590103149414 1.082428216934204 -3.318413257598877
-1.6411381959915161 1.3446238040924072 -3.249962091445923
-1.5563215017318726 1.246526837348938 -3.1969404220581055
-1.5293426513671875 1.1241157054901123 -2.872274875640869
-1.8072435855865479 1.207848072052002 -2.6351735591888428
-1.6299749612808228 1.0323635339736938 -2.881978750228882
-1.6224281787872314 0.8922619223594666 -2.745940685272217
-1.5607686042785645 0.8934149742126465 -2.9222264289855957
-1.2105000019073486 0.42774274945259094 -3.3437728881835938
-2.321646213531494 0.5440884828567505 -3.383305072784424
-1.7077226638793945 -0.14525026082992554 -1.3906168937683105
-1.7926439046859741 0.16029873490333557 -1.37320077419281
-1.591037631034851 0.6190550923347473 -2.504939317703247
-1.396789312362671 0.31053483486175537 -2.757575750350952
-1.7707117795944214 -0.5559467673301697 -1.8149805068969727
-0.33682703971862793 -4.450150966644287 1.604980230331421
-0.053104206919670105 -6.393617630004883 2.9209001064300537
-0.018106583505868912 -6.546827793121338 3.007068157196045
0.012195169925689697 -6.629566669464111 3.010106325149536
-0.004230037331581116 -6.591043472290039 2.9870238304138184
0.04236893355846405 -6.58024787902832 2.829033613204956
0.04209722578525543 -6.5936126708984375 2.8194103240966797
0.05051787570118904 -6.576116561889648 2.8792169094085693
0.06204158067703247 -6.535021781921387 2.861990451812744
0.07993629574775696 -6.587238788604736 2.9156641960144043
0.11134570837020874 -6.485688209533691 2.9268274307250977
0.10208804160356522 -6.492538928985596 3.0580103397369385
0.044769734144210815 -6.410386085510254 3.176576614379883
0.10262990742921829 -6.354313850402832 3.1000514030456543
0.02142805978655815 -6.258594512939453 3.199981689453125
0.09752984344959259 -6.241031169891357 3.2039690017700195
0.05231282487511635 -6.2629218101501465 3.3093667030334473
0.02662280946969986 -6.158747673034668 3.2752583026885986
0.025787316262722015 -6.193514823913574 3.338552236557007
-0.005743693560361862 -6.099200248718262 3.3188607692718506
-0.07036681473255157 -6.026372909545898 3.3203353881835938
-0.12728004157543182 -6.0150651931762695 3.439722776412964
-0.034157317131757736 -6.07903528213501 3.401060104370117
-0.07981507480144501 -6.012419700622559 3.4124040603637695
-0.0627274215221405 -5.972127914428711 3.368115186691284
-0.12013880908489227 -5.9996747970581055 3.477879285812378
-0.16270087659358978 -5.920788288116455 3.4717965126037598
-0.12012380361557007 -5.930249214172363 3.4298131465911865
-0.10948099195957184 -5.812169075012207 3.3203208446502686
-0.11328774690628052 -5.860954284667969 3.385148763656616
-0.12685321271419525 -5.847655773162842 3.383544683456421
-0.08917403221130371 -5.8553314208984375 3.3736319541931152
-0.14742405712604523 -5.784075736999512 3.3653626441955566
-0.1672666072845459 -5.696658611297607 3.2680137157440186
-0.16255469620227814 -5.708712100982666 3.3006608486175537
-0.18738794326782227 -5.661011695861816 3.2556779384613037
-0.22498807311058044 -5.682668209075928 3.3295035362243652
-0.25125980377197266 -5.692033767700195 3.357407331466675
-0.2967236340045929 -5.628354072570801 3.3336246013641357
-0.375831663608551 -5.535921096801758 3.304643154144287
-0.3620275855064392 -5.599359512329102 3.376101493835449
-0.38592302799224854 -5.495260238647461 3.2455129623413086
-0.47977322340011597 -5.470153331756592 3.268592119216919
-0.5588791370391846 -5.458507537841797 3.2790610790252686
-0.5829973816871643 -5.377623558044434 3.1821911334991455
-0.6728924512863159 -5.415489196777344 3.3137423992156982
-0.6864370107650757 -5.393975257873535 3.2763500213623047
-0.7163482904434204 -5.400082111358643 3.2899410724639893
-0.748809814453125 -5.326648712158203 3.2177326679229736
-0.7420516014099121 -5.375064849853516 3.282012462615967
-0.8086079359054565 -5.272994041442871 3.1585426330566406
-0.8307968378067017 -5.346215724945068 3.2562336921691895
-0.8150504231452942 -5.291106700897217 3.200132131576538
-0.8354692459106445 -5.324199199676514 3.251758575439453
-0.9479727745056152 -5.268869400024414 3.2392568588256836
-0.9810284972190857 -5.218513011932373 3.219864845275879
-0.9963932037353516 -5.224975109100342 3.2192578315734863
-1.0104939937591553 -5.16992712020874 3.154792308807373
-1.070162057876587 -5.249903678894043 3.2621042728424072
-1.1129862070083618 -5.213733673095703 3.2346160411834717
-1.1299970149993896 -5.186174392700195 3.2278201580047607
-1.2455614805221558 -5.132798194885254 3.223332405090332
-1.2634820938110352 -5.23882532119751 3.28305721282959
-1.3053289651870728 -5.222817897796631 3.2930407524108887
-1.369935154914856 -5.2036895751953125 3.3028433322906494
-1.4314881563186646 -5.175148963928223 3.3029065132141113
-1.4890488386154175 -5.158381938934326 3.3181517124176025
-2.051485538482666 -4.102778911590576 2.81649112701416
-1.9929813146591187 -3.354228973388672 2.11434006690979
-2.0559701919555664 -4.152986526489258 2.9098947048187256
-1.8894953727722168 -2.9773073196411133 1.753385066986084
-1.600780725479126 -2.8058106899261475 1.3645381927490234
-1.8549599647521973 -3.059688091278076 1.8787329196929932
-1.6814827919006348 -4.412574768066406 2.9893133640289307
-1.7707287073135376 -4.904614448547363 3.5487799644470215
-1.7281780242919922 -5.016557216644287 3.6674540042877197
-1.6689660549163818 -4.638735771179199 3.3109850883483887
-1.6959788799285889 -4.500596523284912 3.1868300437927246
-1.6837050914764404 -5.089555740356445 3.7064619064331055
-1.440374493598938 -4.582986354827881 3.080777645111084
-1.5385544300079346 -5.267839431762695 3.821657657623291
-1.5172288417816162 -5.192461013793945 3.7704575061798096
-1.4255107641220093 -5.3001322746276855 3.8574795722961426
-1.3848910331726074 -5.243052005767822 3.8038229942321777
-1.3177062273025513 -5.260604381561279 3.815218925476074
-1.277126431465149 -5.333200454711914 3.9058194160461426
-1.2132726907730103 -5.365015506744385 3.92707896232605
-1.1674168109893799 -5.450155258178711 4.001675128936768
-1.187833547592163 -5.40169620513916 3.971010446548462
-1.1430500745773315 -5.410740852355957 3.958784341812134
-1.0470112562179565 -5.382850170135498 3.9152610301971436
-1.0230884552001953 -5.327033519744873 3.909571647644043
-0.9878485202789307 -5.234923839569092 3.8023552894592285
-0.9076994061470032 -5.238178730010986 3.813931465148926
-0.8439781665802002 -5.080694198608398 3.672461986541748
-1.789423942565918 -0.9704785943031311 0.5541430711746216
-1.5365186929702759 1.2467041015625 -3.090236186981201
-1.9047590494155884 2.0439956188201904 -3.5785484313964844
-1.736029863357544 1.3663699626922607 -3.493525505065918
-1.717647671699524 1.883366346359253 -3.5165064334869385
-1.396730899810791 0.9751155376434326 -3.0949878692626953
-1.8614171743392944 1.596362829208374 -3.3895554542541504
-2.007105588912964 1.7465839385986328 -3.609539747238159
-1.7666199207305908 1.4985346794128418 -3.4689817428588867
-1.4950064420700073 1.2797762155532837 -3.3086788654327393
-1.4766294956207275 0.9815053343772888 -3.3020524978637695
-0.9123217463493347 1.1963703632354736 -4.405712127685547
-1.522578239440918 1.1072152853012085 -3.338174819946289
-1.5662052631378174 1.5288320779800415 -3.163923501968384
-1.8125461339950562 1.756558895111084 -3.2518205642700195
-1.3382325172424316 1.0535553693771362 -2.8511712551116943
-1.0696927309036255 -1.2944415807724 0.36910077929496765
-0.4525407552719116 -5.035732269287109 3.140047073364258
-0.3906746804714203 -5.509143829345703 3.4889025688171387
-0.4134293496608734 -5.5487213134765625 3.516683340072632
-0.47191083431243896 -5.5532121658325195 3.572019577026367
-0.4176309108734131 -5.722301483154297 3.6520845890045166
-0.40264225006103516 -5.830674648284912 3.7034623622894287
-0.330651193857193 -5.9135823249816895 3.6668992042541504
-0.2695806622505188 -5.995327472686768 3.631016731262207
-0.24237555265426636 -6.001816272735596 3.5611555576324463
-0.3357521891593933 -6.169754505157471 3.5647213459014893
-0.2948759198188782 -6.232865810394287 3.5811214447021484
-0.29333949089050293 -6.186660289764404 3.493710517883301
-0.30870744585990906 -6.305164337158203 3.4929261207580566
-0.4164391756057739 -6.347253799438477 3.35720157623291
-0.4213096499443054 -6.449560165405273 3.2875425815582275
-0.2715562880039215 -6.310626029968262 3.15507435798645
-0.470223069190979 -5.384769916534424 2.533533811569214
-1.0834170579910278 -1.597877860069275 -1.3971641063690186
-1.4313833713531494 0.3591078817844391 -3.8671436309814453
-1.8879101276397705 0.22242090106010437 -5.2504706382751465
-1.2928922176361084 0.726291298866272 -4.369683742523193
-1.3269528150558472 0.7447162866592407 -4.827507019042969
-1.0524671077728271 0.26261106133461 -6.3831787109375
-1.3205572366714478 0.3412551283836365 -3.7582180500030518
-1.5130776166915894 -1.4207650423049927 -1.189157247543335
-0.33563145995140076 -5.500892162322998 2.16465163230896
-0.15594258904457092 -6.553678035736084 2.903228282928467
-0.0753997191786766 -6.628355979919434 2.9642348289489746
-0.03994649648666382 -6.658233165740967 2.9268925189971924
0.00112958624958992 -6.655806064605713 2.93540096282959
0.004729468375444412 -6.614491939544678 2.887712001800537
0.06200622767210007 -6.604814052581787 2.7496323585510254
0.022886972874403 -6.510211944580078 2.8355419635772705
0.07592889666557312 -6.482599258422852 2.766623020172119
0.0840846598148346 -6.505471706390381 2.8183348178863525
0.12500664591789246 -6.462344646453857 2.7731149196624756
0.1372547149658203 -6.490640163421631 2.9079060554504395
0.0586860291659832 -6.402468681335449 3.0188775062561035
0.12828847765922546 -6.495739936828613 3.0127923488616943
0.09372872114181519 -6.442686557769775 3.0677449703216553
0.14802499115467072 -6.391878604888916 3.0811665058135986
0.1475016176700592 -6.422110080718994 3.1103286743164062
0.14514929056167603 -6.2869672775268555 3.0891785621643066
0.12634527683258057 -6.353683948516846 3.2599058151245117
0.13791120052337646 -6.280911445617676 3.3060142993927
0.1410643607378006 -6.203639030456543 3.23838210105896
0.0543796680867672 -6.190456390380859 3.397660255432129
0.11919428408145905 -6.193424701690674 3.3083126544952393
0.051128193736076355 -6.1125946044921875 3.356931447982788
0.10128048062324524 -6.1275954246521 3.3327574729919434
-0.022504501044750214 -6.117143154144287 3.5098655223846436
-0.0654219314455986 -5.971746921539307 3.442315101623535
0.046217501163482666 -6.007147312164307 3.366943120956421
-0.0004092678427696228 -5.973079681396484 3.3829381465911865
-0.04293765500187874 -5.9389142990112305 3.4140493869781494
-0.07277637720108032 -5.920772075653076 3.4576621055603027
-0.006679672747850418 -5.888079643249512 3.340426445007324
-0.09645242989063263 -5.764107704162598 3.320333242416382
-0.15233109891414642 -5.808764457702637 3.4249489307403564
-0.13001421093940735 -5.734345436096191 3.3033559322357178
-0.19126175343990326 -5.633512496948242 3.2201380729675293
-0.21366801857948303 -5.605299949645996 3.219161033630371
-0.24711667001247406 -5.604431629180908 3.2074480056762695
-0.2656738758087158 -5.6169819831848145 3.2625741958618164
-0.3894425630569458 -5.4837141036987305 3.231374979019165
-0.4452534019947052 -5.466399669647217 3.2597315311431885
-0.43449705839157104 -5.510658264160156 3.2547290325164795
-0.4489833116531372 -5.501162052154541 3.262101650238037
-0.5586159229278564 -5.376993179321289 3.1938323974609375
-0.5373286008834839 -5.340424537658691 3.1280517578125
-0.6133459210395813 -5.420157432556152 3.2901463508605957
-0.6542450785636902 -5.379692077636719 3.2479007244110107
-0.6646058559417725 -5.404330253601074 3.250157117843628
-0.6989847421646118 -5.380263805389404 3.2435173988342285
-0.7346208095550537 -5.422016143798828 3.3063788414001465
-0.8204395174980164 -5.3039679527282715 3.1852684020996094
-0.8312941789627075 -5.376134395599365 3.299008369445801
-0.8912337422370911 -5.335024356842041 3.274733066558838
-0.9135268926620483 -5.36318302154541 3.313155174255371
-1.004778504371643 -5.296525478363037 3.2929608821868896
-1.0855810642242432 -5.29233455657959 3.3257858753204346
-1.0833625793457031 -5.262720108032227 3.2657721042633057
-1.0984387397766113 -5.236577987670898 3.2403512001037598
-1.1249969005584717 -5.270623683929443 3.2924933433532715
-1.1824709177017212 -5.185893535614014 3.228691816329956
-1.2072222232818604 -5.22487735748291 3.2838473320007324
-1.2598092555999756 -5.199934005737305 3.267751693725586
-1.266815185546875 -5.2082200050354 3.2405548095703125
-1.3067570924758911 -5.167486190795898 3.213362693786621
-1.200352430343628 -5.209438323974609 3.1962740421295166
-1.4271552562713623 -5.126123905181885 3.265528917312622
-1.4084292650222778 -5.114586353302002 3.203883409500122
-1.9935601949691772 -5.188106060028076 3.738867998123169
-1.9795162677764893 -5.253255844116211 3.801203489303589
-1.9849578142166138 -5.150630950927734 3.7396857738494873
-1.89646577835083 -5.305046081542969 3.8574254512786865
-1.847930908203125 -5.297176837921143 3.8952476978302
-1.871833086013794 -5.334259510040283 3.9940624237060547
-1.8018264770507812 -5.403356075286865 4.023264408111572
-1.8564472198486328 -5.3267364501953125 3.910461187362671
-1.8338361978530884 -5.302532196044922 3.885566234588623
-1.7433987855911255 -5.324563503265381 3.889505386352539
-1.713089942932129 -5.316135406494141 3.914132595062256
-1.5903862714767456 -5.334676742553711 3.894619941711426
-1.495398998260498 -5.378904342651367 3.914261817932129
-1.4471009969711304 -5.393191814422607 3.916948080062866
-1.433310866355896 -5.388543128967285 3.921891450881958
-1.395205020904541 -5.405577182769775 3.927432060241699
-1.3754680156707764 -5.349839687347412 3.8742947578430176
-1.3442702293395996 -5.314852237701416 3.8051791191101074
-1.279520869255066 -5.4222235679626465 3.900022506713867
-1.2633625268936157 -5.4163923263549805 3.894744396209717
-1.152159333229065 -5.562658309936523 4.081286430358887
-1.0890687704086304 -5.563112735748291 4.032086372375488
-1.0566974878311157 -5.517709732055664 3.9648313522338867
-0.9530338048934937 -5.589171886444092 3.9537034034729004
-0.9456996321678162 -5.556360721588135 3.939795970916748
-0.9445195198059082 -5.586507320404053 4.039045333862305
-0.9040413498878479 -5.608101844787598 4.185924530029297
-0.8848289251327515 -5.622087001800537 4.229779243469238
-0.8288626074790955 -5.618031024932861 4.149818420410156
-0.7544758915901184 -5.611972332000732 4.076806545257568
-0.7059561014175415 -5.55780553817749 3.976924180984497
-0.723824143409729 -5.599597930908203 4.101813793182373
-0.5854751467704773 -5.608035087585449 3.9224326610565186
-0.47335299849510193 -5.5816240310668945 3.6518919467926025
-0.4390549957752228 -5.605947017669678 3.602902412414551
-0.45496463775634766 -5.604715347290039 3.5620265007019043
-0.43581557273864746 -5.633862495422363 3.5604662895202637
-0.4110834300518036 -5.675819396972656 3.568484306335449
-0.43230491876602173 -5.648810386657715 3.5668413639068604
-0.36552858352661133 -5.642826557159424 3.494446277618408
-0.3971002399921417 -5.665190696716309 3.559643030166626
-0.41730937361717224 -5.711030960083008 3.5950238704681396
-0.393322616815567 -5.686535358428955 3.540100574493408
-0.36637479066848755 -5.7784857749938965 3.5976076126098633
-0.30387067794799805 -5.819507598876953 3.5715160369873047
-0.2970397174358368 -5.852232933044434 3.599601984024048
-0.35203516483306885 -5.892276763916016 3.698712110519409
-0.32497870922088623 -5.9667510986328125 3.70416259765625
-0.3984835743904114 -5.859916687011719 3.700509786605835
-0.3356304168701172 -6.036374092102051 3.807483196258545
-0.326627641916275 -6.011172771453857 3.693345546722412
-0.2853030860424042 -6.104522705078125 3.7604823112487793
-0.2780548334121704 -6.1278076171875 3.7473645210266113
-0.28212058544158936 -6.1588945388793945 3.7450501918792725
-0.20201340317726135 -6.231992721557617 3.677691698074341
-0.12032206356525421 -6.304825305938721 3.631046772003174
-0.05065368115901947 -6.348437786102295 3.5364975929260254
-0.05135434865951538 -6.317153453826904 3.4755547046661377
-0.051503803580999374 -6.369033336639404 3.4223227500915527
-0.12729422748088837 -6.365036964416504 3.4667749404907227
-0.05666690692305565 -6.443817615509033 3.391178607940674
-0.06719318777322769 -6.4657464027404785 3.329658031463623
-0.07215256989002228 -6.50995397567749 3.3193023204803467
-0.06330056488513947 -6.5921525955200195 3.2216362953186035
-0.054686274379491806 -6.606409072875977 3.2601981163024902
-0.08141724765300751 -6.577936172485352 3.177206039428711
-0.07670485973358154 -6.635473728179932 3.1429059505462646
-0.0012737512588500977 -6.672767162322998 2.987692356109619
-0.007676370441913605 -6.754183292388916 2.9266138076782227
-0.07858766615390778 -6.697808265686035 2.8572261333465576
-0.002225719392299652 -6.62017822265625 2.8130483627319336
-0.07169879972934723 -6.589410305023193 2.843529224395752
-0.4890672564506531 -5.035501003265381 1.7048052549362183
-1.38558030128479 -2.2114334106445312 -3.189633846282959
-0.7266258001327515 -1.8165323734283447 -5.529829025268555
-1.4363349676132202 -0.7038509845733643 -4.309728145599365
-2.0476255416870117 -0.31785285472869873 -4.118396759033203
-1.211727499961853 -0.22909784317016602 -3.5649900436401367
-0.3796083927154541 -3.1097970008850098 0.048988401889801025
-0.01424282044172287 -6.2076520919799805 2.724266290664673
0.015705563127994537 -6.47115421295166 3.108020782470703
0.03951248154044151 -6.467278957366943 3.094358444213867
0.011822931468486786 -6.400232791900635 3.1946685314178467
0.059085868299007416 -6.42206335067749 3.2390048503875732
0.004322119057178497 -6.296943664550781 3.23769211769104
0.028898313641548157 -6.254939556121826 3.2575106620788574
0.029987040907144547 -6.2808332443237305 3.301701545715332
0.09218540787696838 -6.175736427307129 3.183687925338745
0.06842699646949768 -6.195868968963623 3.290172576904297
-0.01657716929912567 -6.126498699188232 3.3681888580322266
0.03149241581559181 -6.12775182723999 3.3300082683563232
-0.006087932735681534 -6.0929460525512695 3.3882572650909424
0.06648821383714676 -6.094493389129639 3.285022497177124
0.05996645987033844 -6.055769920349121 3.286311388015747
0.06388910114765167 -6.033046245574951 3.2992701530456543
0.08237718045711517 -5.941917419433594 3.2245864868164062
-0.005584601312875748 -5.707159042358398 3.1273951530456543
-0.10482718795537949 -5.037601947784424 2.6306886672973633
-1.9587372541427612 -0.30008259415626526 -1.5191233158111572
-0.4532678723335266 -0.13023796677589417 -4.3206787109375
-1.2884382009506226 -0.4937359094619751 -6.158616065979004
-1.1177018880844116 0.701633095741272 -3.426575183868408
-1.0713378190994263 0.5496161580085754 -2.8434948921203613
-1.6357977390289307 1.3431816101074219 -2.6566221714019775
-1.6700310707092285 1.359187126159668 -2.536269426345825
-1.6831533908843994 0.8251897692680359 -2.0862903594970703
-1.1443949937820435 -1.0470917224884033 0.1307559609413147
-0.34716638922691345 -4.622918605804443 2.5097203254699707
-0.37950029969215393 -5.311966419219971 3.075334310531616
-0.4469202756881714 -5.3115081787109375 3.0856738090515137
-0.4800156056880951 -5.399896144866943 3.1866631507873535
-0.5524546504020691 -5.363684177398682 3.2305734157562256
-0.5445193648338318 -5.428177833557129 3.256350517272949
-0.6058988571166992 -5.413186073303223 3.2534406185150146
-0.6443253755569458 -5.445984363555908 3.3325188159942627
-0.637577474117279 -5.472623348236084 3.3416662216186523
-0.73091059923172 -5.384250164031982 3.310628652572632
-0.6783194541931152 -5.363257884979248 3.2230896949768066
-0.7572457790374756 -5.348784923553467 3.2588157653808594
-0.8254787921905518 -5.293185710906982 3.239733934402466
-0.8778897523880005 -5.2283244132995605 3.17781400680542
-0.9335905313491821 -5.260621547698975 3.2224769592285156
-0.9475643634796143 -5.302974700927734 3.2760045528411865
-0.926473081111908 -5.313924312591553 3.2590060234069824
-1.060467004776001 -5.2086920738220215 3.2512145042419434
-1.067807912826538 -5.26719331741333 3.2701215744018555
-1.1292126178741455 -5.22090482711792 3.2665321826934814
-1.1528490781784058 -5.17783784866333 3.2168967723846436
-1.1864172220230103 -5.2334089279174805 3.300448179244995
-1.221968650817871 -5.2287492752075195 3.3021438121795654
-1.2576597929000854 -5.186893463134766 3.253185272216797
-1.293114185333252 -5.179955005645752 3.2574877738952637
-1.343254566192627 -5.132664680480957 3.208975076675415
-1.3590885400772095 -5.189634799957275 3.2998383045196533
-1.4031918048858643 -5.18460750579834 3.3216919898986816
-1.4119988679885864 -5.148133277893066 3.2641234397888184
-0.8001601696014404 -5.274162292480469 2.9118385314941406
-2.0091047286987305 -5.22113561630249 3.751373529434204
-1.9497109651565552 -5.220999717712402 3.731971263885498
-1.8926416635513306 -5.182295322418213 3.7039871215820312
-1.8885334730148315 -5.307496070861816 3.8521289825439453
-1.8630242347717285 -5.286942005157471 3.8402981758117676
-1.8263300657272339 -5.305539608001709 3.860692024230957
-1.792427897453308 -5.316986083984375 3.8273375034332275
-1.788291335105896 -5.296401023864746 3.8131344318389893
-1.718664288520813 -5.32572603225708 3.8511931896209717
-1.6266582012176514 -5.331335067749023 3.8660531044006348
-1.5971946716308594 -5.364522933959961 3.941403388977051
-1.6244111061096191 -5.357821464538574 3.929349184036255
-1.5372611284255981 -5.373249053955078 3.881159543991089
-1.5201531648635864 -5.345176696777344 3.8325366973876953
-1.4768716096878052 -5.341726779937744 3.801175355911255
-1.396284818649292 -5.32557487487793 3.7390637397766113
-1.3603792190551758 -5.342419147491455 3.812286615371704
-1.2709829807281494 -5.319763660430908 3.7573862075805664
-1.2166893482208252 -5.421074390411377 3.8812406063079834
-1.1728124618530273 -5.409936904907227 3.827605724334717
-1.0298147201538086 -5.504079341888428 3.9195468425750732
-0.9548600316047668 -5.486728191375732 3.949273109436035
-0.8956283926963806 -5.560161590576172 3.993340253829956
-0.8170318603515625 -5.588695526123047 3.947506904602051
-0.8203340768814087 -5.545743465423584 3.98124361038208
-0.7828769683837891 -5.565949440002441 4.038210868835449
-0.7392234802246094 -5.626486301422119 4.113773822784424
-0.690294623374939 -5.5646514892578125 3.818605899810791
-0.6836979389190674 -5.492635726928711 3.631535530090332
-0.6240825653076172 -5.50834846496582 3.569453001022339
-0.6455920338630676 -5.531538963317871 3.589820623397827
-0.5665907859802246 -5.51352596282959 3.4934940338134766
-0.5633156299591064 -5.494176864624023 3.4422452449798584
-0.5010886788368225 -5.567702293395996 3.5109922885894775
-0.4448768198490143 -5.620302677154541 3.4959256649017334
-0.41496598720550537 -5.597212314605713 3.4625158309936523
-0.40250149369239807 -5.612002372741699 3.4409444332122803
-0.4074132740497589 -5.621413230895996 3.4729843139648438
-0.3615158796310425 -5.695287227630615 3.50665545463562
-0.2919391989707947 -5.716206073760986 3.4577677249908447
-0.2707445025444031 -5.7089948654174805 3.430443525314331
-0.2728872001171112 -5.759238243103027 3.4802212715148926
-0.22519901394844055 -5.8205060958862305 3.4613935947418213
-0.29235684871673584 -5.857928276062012 3.5731420516967773
-0.21225787699222565 -5.877439498901367 3.504542350769043
-0.2052834928035736 -5.910548686981201 3.5341219902038574
-0.15725305676460266 -5.94161319732666 3.510728120803833
-0.16888293623924255 -5.958663463592529 3.5107109546661377
-0.2887802720069885 -5.886134147644043 3.5752480030059814
-0.18208342790603638 -6.0682172775268555 3.601719856262207
-0.22035463154315948 -6.0981340408325195 3.6757912635803223
-0.1373966485261917 -6.164122104644775 3.61535382270813
-0.18319161236286163 -6.1268157958984375 3.5993473529815674
-0.17821158468723297 -6.141144275665283 3.5886154174804688
-0.17725777626037598 -6.177602291107178 3.557790517807007
-0.14696018397808075 -6.214456081390381 3.5543627738952637
-0.13813917338848114 -6.214474201202393 3.502755880355835
-0.10765929520130157 -6.223756790161133 3.445134162902832
-0.08272305130958557 -6.27410888671875 3.4501917362213135
-0.06546298414468765 -6.262214183807373 3.3864283561706543
-0.055271804332733154 -6.329109191894531 3.4326934814453125
-0.021925467997789383 -6.352885723114014 3.327133893966675
0.03439054638147354 -6.292284965515137 3.1394431591033936
-0.014520611613988876 -6.469671249389648 3.1827268600463867
-0.02677888795733452 -6.452151298522949 3.178377389907837
-0.06140459328889847 -6.499647617340088 3.149467945098877
-0.024295151233673096 -6.603079795837402 3.073822021484375
-0.000823337584733963 -6.609304904937744 2.90842604637146
-0.03434319421648979 -6.63002347946167 2.8162918090820312
-0.027572058141231537 -6.699507713317871 2.7402820587158203
-0.04867186397314072 -6.776333332061768 2.8243930339813232
-0.060852840542793274 -6.766294956207275 2.7756640911102295
-0.06940233707427979 -6.701425075531006 2.756342887878418
-0.04048147425055504 -6.496273994445801 2.4263694286346436
-0.29263705015182495 -5.516119956970215 1.833702802658081
-0.43888363242149353 -1.888508915901184 -2.4076626300811768
-1.1680535078048706 -0.7460662126541138 -4.15543270111084
-0.8558083772659302 0.19954213500022888 -4.803081035614014
-1.8278911113739014 -1.7325379848480225 -6.155305862426758
-0.8738229274749756 -2.238284111022949 -0.7772685289382935
-0.17981597781181335 -3.987203598022461 0.7463459372520447
-1.0463404655456543 -1.2089191675186157 -2.1021714210510254
-1.7957816123962402 -1.5894362926483154 -8.043400764465332
-0.621021032333374 -2.452228546142578 -7.428893566131592
-0.5095255970954895 -0.5264562964439392 -4.465195655822754
-1.1185415983200073 -0.6469215750694275 -3.403137683868408
-0.7031456232070923 -1.498123049736023 -2.3688948154449463
-0.15195661783218384 -3.7354536056518555 0.7816963195800781
0.020852304995059967 -5.831517696380615 2.9587628841400146
-0.014529716223478317 -5.997838497161865 3.2362985610961914
0.0019533559679985046 -6.0453386306762695 3.2546305656433105
0.005088489502668381 -6.03165340423584 3.295766592025757
0.0003194361925125122 -6.021039009094238 3.2934274673461914
-0.047698695212602615 -5.958763122558594 3.3216185569763184
0.03955309838056564 -5.982006072998047 3.2859458923339844
0.020900260657072067 -5.90186882019043 3.2350404262542725
-0.007263157516717911 -5.8218889236450195 3.218383312225342
0.0667947381734848 -5.771426677703857 3.111842393875122
0.03965172916650772 -5.722560882568359 3.107196569442749
0.07217352092266083 -5.661343097686768 3.0290255546569824
0.046438105404376984 -5.617701530456543 3.0217466354370117
0.028030991554260254 -5.47728157043457 2.9286296367645264
-0.045626863837242126 -5.129968643188477 2.7091822624206543
-0.5637987852096558 -1.988974690437317 0.4719555675983429
-1.366018295288086 0.8970401883125305 -2.7319130897521973
-0.667211651802063 0.7393311262130737 -3.9747238159179688
-1.607405662536621 1.0717661380767822 -7.81045389175415
-1.1955831050872803 0.28437018394470215 -9.265817642211914
-1.307606816291809 1.156805396080017 -5.147435665130615
-0.8282336592674255 0.8150576949119568 -4.299807548522949
-0.11461226642131805 -0.0653611347079277 -4.807125091552734
-1.1422127485275269 -0.5069720149040222 -1.0542069673538208
-1.3948419094085693 0.3404293656349182 -1.8585700988769531
-1.5724080801010132 0.9627772569656372 -2.534621238708496
-1.6283286809921265 1.412723422050476 -3.1681830883026123
-1.5329298973083496 1.3248392343521118 -2.9605066776275635
-1.6979341506958008 1.352684497833252 -3.2398674488067627
-1.4070709943771362 1.3661614656448364 -3.239413261413574
-0.8645559549331665 1.1145305633544922 -5.4420695304870605
-1.404651165008545 0.4201611578464508 -2.1927733421325684
-0.36557143926620483 0.16841855645179749 -4.301529407501221
-0.823487401008606 -0.6304473876953125 -2.1372194290161133
-0.727687656879425 -0.7137620449066162 -1.199014663696289
0.19795957207679749 -0.9039896130561829 -1.4809541702270508
-1.8046525716781616 0.7835548520088196 -2.4041647911071777
-1.6263692378997803 1.0187194347381592 -2.759895086288452
-1.638534426689148 0.8198837041854858 -2.736790657043457
-1.4798438549041748 1.2089083194732666 -2.9745638370513916
-1.5633835792541504 1.5530900955200195 -3.713268280029297
-2.2562122344970703 0.9461015462875366 -2.479172945022583
-1.7311185598373413 -0.5779577493667603 -0.28178393840789795
-1.3649767637252808 -3.9027998447418213 2.16467547416687
-1.3827441930770874 -4.969528675079346 3.105048656463623
-1.4286798238754272 -4.964020252227783 3.1105310916900635
-1.4308910369873047 -5.0306878089904785 3.170283794403076
-1.5052014589309692 -5.0864667892456055 3.2411742210388184
-1.5606328248977661 -5.0990447998046875 3.272305488586426
-2.0025315284729004 -5.142127990722656 3.591001033782959
-1.9364688396453857 -5.202765464782715 3.6490509510040283
-1.9177721738815308 -5.114715099334717 3.586876153945923
-1.8498170375823975 -5.212984561920166 3.7211124897003174
-1.782823085784912 -5.166208267211914 3.658522605895996
-1.0942238569259644 -1.4720993041992188 -0.36687204241752625
-1.5958608388900757 0.1435123085975647 -1.2145451307296753
-2.4304115772247314 -0.5569449663162231 -0.19165128469467163
-1.8220138549804688 1.798898696899414 -4.644361972808838
-2.0617945194244385 2.299851417541504 -5.781933307647705
-1.7206465005874634 1.6743266582489014 -4.622864723205566
-2.069042205810547 2.354933023452759 -5.027564525604248
-2.195298194885254 2.218498945236206 -4.5344319343566895
-2.112480401992798 1.816826343536377 -3.3037214279174805
-1.3230981826782227 -2.988041877746582 1.4326212406158447
-1.4232765436172485 -5.045060634613037 3.4913394451141357
-1.3745250701904297 -5.156478404998779 3.581873893737793
-1.2710535526275635 -5.20751428604126 3.582321882247925
-1.2055845260620117 -5.390673637390137 3.7281713485717773
-1.1405420303344727 -5.36640739440918 3.6839165687561035
-0.9981182813644409 -5.4394612312316895 3.8571877479553223
-0.9692051410675049 -5.50349235534668 3.9501752853393555
-0.9492478966712952 -5.558204650878906 4.033321857452393
-0.8262037634849548 -5.630252361297607 4.026562213897705
-0.8553785681724548 -5.534977912902832 3.967912435531616
-0.7824099659919739 -5.63297700881958 4.032285213470459
-0.798651933670044 -5.608537197113037 4.0610432624816895
-0.6922480463981628 -5.648035049438477 3.9760093688964844
-0.6674895882606506 -5.700212478637695 3.9259872436523438
-0.5966368317604065 -5.6836018562316895 3.826394557952881
-0.5788730382919312 -5.657440662384033 3.7908036708831787
-0.5026583075523376 -5.741343021392822 3.8049142360687256
-0.4613502025604248 -5.770501613616943 3.791714906692505
-0.4770881235599518 -5.704977512359619 3.7780470848083496
-0.39267081022262573 -5.7590789794921875 3.7495224475860596
-0.41565582156181335 -5.811858654022217 3.838942527770996
-0.39180803298950195 -5.818719387054443 3.8447699546813965
-0.3495355546474457 -5.850463390350342 3.8183400630950928
-0.33373355865478516 -5.860180854797363 3.836277723312378
-0.30302828550338745 -5.824142932891846 3.791890859603882
-0.2905336320400238 -5.860117435455322 3.792728900909424
-0.2710585594177246 -5.944490432739258 3.8320930004119873
-0.28324973583221436 -5.890438556671143 3.6895735263824463
-0.2408115118741989 -5.953459739685059 3.680859088897705
-0.19143767654895782 -5.900880336761475 3.5460212230682373
-0.13909070193767548 -5.955578804016113 3.533935308456421
-0.158643439412117 -5.981121063232422 3.5422189235687256
-0.10650847852230072 -6.046098709106445 3.53297758102417
-0.19491606950759888 -5.998835563659668 3.602120876312256
-0.13738267123699188 -6.103291988372803 3.613888740539551
-0.0993972197175026 -6.1272053718566895 3.535057783126831
-0.030287157744169235 -6.165652751922607 3.4506819248199463
-0.08003446459770203 -6.171144008636475 3.5071656703948975
-0.03999055176973343 -6.168172836303711 3.439124345779419
-0.05013991519808769 -6.246071815490723 3.5151915550231934
-0.07983647286891937 -6.244494915008545 3.4857265949249268
-0.019485924392938614 -6.306049346923828 3.4628336429595947
-0.018424171954393387 -6.263223171234131 3.354405403137207
-0.07593371719121933 -6.318356037139893 3.4418487548828125
-0.009052634239196777 -6.395084381103516 3.381186008453369
-5.638226866722107e-5 -6.377676486968994 3.268815517425537
-0.018106233328580856 -6.499964714050293 3.3327226638793945
0.005342576652765274 -6.486286640167236 3.305020809173584
0.015689238905906677 -6.50612211227417 3.138051748275757
-0.014154486358165741 -6.520847320556641 3.1510818004608154
0.012869790196418762 -6.581387996673584 3.0599100589752197
0.030184991657733917 -6.601630210876465 3.001508951187134
-0.14769425988197327 -5.56922721862793 2.148210048675537
-1.3435378074645996 -4.3641204833984375 -0.21289047598838806
0.1678846925497055 -5.439824104309082 1.649031639099121
-0.002788260579109192 -6.640212535858154 2.8246800899505615
-0.04824322089552879 -6.689077377319336 2.9412777423858643
-0.05980999767780304 -6.457036972045898 2.6970183849334717
0.47739875316619873 -3.6648800373077393 -0.143894761800766
-1.2304108142852783 -2.454432725906372 -1.7010040283203125
-0.4622965455055237 -4.230525493621826 -0.3234298527240753
0.1939307153224945 -6.20548677444458 2.259312629699707
0.006707493215799332 -6.607940673828125 2.9649243354797363
0.002908147871494293 -6.604396820068359 3.0344748497009277
0.005672052502632141 -6.5729451179504395 3.0109496116638184
0.028262052685022354 -6.575499534606934 3.127729654312134
0.0248563289642334 -6.4778618812561035 3.1194820404052734
0.021553192287683487 -6.4841227531433105 3.2469444274902344
0.02318723499774933 -6.468883037567139 3.289431095123291
0.01532280445098877 -6.211457252502441 3.141216516494751
-0.008028846234083176 -6.217801570892334 3.251269578933716
0.01714138314127922 -6.311705112457275 3.3458588123321533
-0.028485167771577835 -6.238484859466553 3.3680171966552734
-0.06359615921974182 -6.212792873382568 3.435728073120117
-0.11749999225139618 -6.226590156555176 3.5454039573669434
-0.09596110880374908 -6.1595258712768555 3.484595537185669
-0.1495882272720337 -6.105019569396973 3.521439552307129
-0.09389790892601013 -6.128753662109375 3.496860980987549
-0.1339656561613083 -6.09406852722168 3.5363101959228516
-0.10310499370098114 -6.0938029289245605 3.509636163711548
-0.10992060601711273 -6.0696330070495605 3.5343360900878906
-0.135332852602005 -5.960154056549072 3.4789161682128906
-0.03846332058310509 -5.925084590911865 3.3390142917633057
-0.038220904767513275 -5.945541858673096 3.3884198665618896
-0.026406176388263702 -5.853571891784668 3.269296646118164
-0.043955106288194656 -5.858388423919678 3.328599452972412
0.03287933021783829 -5.87155818939209 3.2581465244293213
-0.029853560030460358 -5.784267902374268 3.2503340244293213
-0.08173872530460358 -5.691725730895996 3.1921520233154297
-0.08020951598882675 -5.678464412689209 3.1967568397521973
-0.07535888254642487 -5.669137477874756 3.175245523452759
-0.12410002201795578 -5.5657639503479 3.1381027698516846
-0.15264266729354858 -5.52587890625 3.1417136192321777
-0.14150096476078033 -5.496368408203125 3.0844919681549072
-0.2587856352329254 -5.391879558563232 3.084087371826172
-0.2775228023529053 -5.3212432861328125 3.014566421508789
-0.2730593681335449 -5.339866638183594 3.0402514934539795
-0.29722872376441956 -5.337012767791748 3.0285112857818604
-0.43297821283340454 -5.166295528411865 2.965930938720703
-0.47744911909103394 -5.135499000549316 2.9530723094940186
-0.5284951329231262 -4.991878986358643 2.8466196060180664
-0.3881746530532837 -4.883737564086914 2.637843608856201
-0.43751204013824463 -4.4042439460754395 2.206346035003662
0.18459495902061462 -3.2677981853485107 0.8336438536643982
0.6390198469161987 -2.840230941772461 0.12731635570526123
-0.23108330368995667 -1.0565454959869385 -0.6384268999099731
-0.8527274131774902 -0.3289453089237213 -1.1418652534484863
-0.9964149594306946 0.870908260345459 -3.42718243598938
-1.1023908853530884 1.0728662014007568 -4.336594581604004
-0.5707342028617859 0.5225709080696106 -8.688684463500977
-1.7357323169708252 1.745333194732666 -7.642124176025391
-1.638952612876892 1.6469697952270508 -9.103596687316895
-0.1243882030248642 -0.21555495262145996 -8.885794639587402
-2.1296274662017822 1.9385353326797485 -6.21803092956543
-1.160112977027893 1.1497173309326172 -4.951491355895996
-2.288557291030884 1.14625883102417 -2.8110313415527344
-2.2430930137634277 1.667779803276062 -3.876366138458252
-1.2371554374694824 1.2110201120376587 -9.089262962341309
-1.4701294898986816 0.7729405760765076 -2.7828285694122314
-1.8890736103057861 0.1555417776107788 -1.3887269496917725
-1.9635359048843384 -0.030279166996479034 -1.143894910812378
-1.1224865913391113 -1.119471788406372 -0.23391708731651306
-2.0410425662994385 -5.196826934814453 3.6372268199920654
-2.000264883041382 -5.223665237426758 3.6692910194396973
-2.0213701725006104 -5.120186805725098 3.5918021202087402
-1.9505244493484497 -5.24387788772583 3.68046236038208
-1.875475525856018 -5.273941993713379 3.7137451171875
-1.8428584337234497 -5.326265335083008 3.791196584701538
-1.7610057592391968 -5.247102737426758 3.666243076324463
-1.7488387823104858 -5.31328821182251 3.744868755340576
-1.7344964742660522 -5.2569684982299805 3.7087409496307373
-1.6782889366149902 -5.348625183105469 3.7739672660827637
-1.6908477544784546 -5.316654205322266 3.77234148979187
-1.6127396821975708 -5.327523708343506 3.7707302570343018
-1.5038923025131226 -5.384868144989014 3.7563884258270264
-1.4826045036315918 -5.382992267608643 3.748704433441162
-1.4714150428771973 -5.418197154998779 3.801664352416992
-1.4425541162490845 -5.403257846832275 3.8014113903045654
-1.3419787883758545 -5.3418121337890625 3.71907114982605
-1.2916829586029053 -5.4071269035339355 3.772395133972168
-1.2370842695236206 -5.442884922027588 3.8112075328826904
-1.1997671127319336 -5.462588310241699 3.8824918270111084
-1.1077990531921387 -5.5761799812316895 3.962566375732422
-1.0845975875854492 -5.552994251251221 3.9334497451782227
-0.9940108060836792 -5.615020751953125 3.994150161743164
-0.8576110601425171 -5.68510627746582 3.987065076828003
-0.8098341822624207 -5.668001651763916 3.9537277221679688
-0.840429961681366 -5.6252312660217285 3.9554808139801025
-0.7637314200401306 -5.672414779663086 3.977935552597046
-0.6895921230316162 -5.70309591293335 3.9856090545654297
-0.682956337928772 -5.747237205505371 3.9988927841186523
-0.6664940118789673 -5.743874549865723 3.9596242904663086
-0.6185332536697388 -5.744169235229492 3.938913345336914
-0.5692270994186401 -5.773920059204102 3.924805164337158
-0.5216535925865173 -5.759819030761719 3.8783938884735107
-0.5087627172470093 -5.810006141662598 3.9278712272644043
-0.45443692803382874 -5.824312686920166 3.9220211505889893
-0.4942382276058197 -5.798837184906006 3.9277517795562744
-0.45522958040237427 -5.8098602294921875 3.9009220600128174
-0.47800412774086 -5.808670520782471 3.9430642127990723
-0.44228750467300415 -5.892029285430908 3.9918594360351562
-0.3591969311237335 -5.822512626647949 3.799534797668457
-0.34957998991012573 -5.815797805786133 3.7259531021118164
-0.3456016480922699 -5.9139227867126465 3.78305721282959
-0.3715662360191345 -5.841580867767334 3.7338757514953613
-0.3210887312889099 -5.909448146820068 3.749241352081299
-0.22805744409561157 -5.887979030609131 3.517733573913574
-0.21019385755062103 -5.928129196166992 3.5378425121307373
-0.25819942355155945 -5.999892234802246 3.700117588043213
-0.22677946090698242 -6.036593914031982 3.6885578632354736
-0.30456292629241943 -5.96047306060791 3.6778738498687744
-0.23343665897846222 -6.146927356719971 3.7473132610321045
-0.19232895970344543 -6.1091132164001465 3.612138032913208
-0.13717563450336456 -6.1816086769104 3.629709482192993
-0.12459540367126465 -6.162476539611816 3.555778741836548
-0.12606170773506165 -6.1821794509887695 3.5301523208618164
-0.13612273335456848 -6.238588333129883 3.574030637741089
-0.10749484598636627 -6.282602310180664 3.5610694885253906
-0.0629015564918518 -6.2955098152160645 3.4940431118011475
-0.055418938398361206 -6.296955585479736 3.4418911933898926
-0.0044143833220005035 -6.46246337890625 3.4804134368896484
-0.01865425705909729 -6.381624221801758 3.3934550285339355
-0.03636552020907402 -6.421492576599121 3.395657777786255
0.004859551787376404 -6.487698554992676 3.346684694290161
0.0013738051056861877 -6.572249412536621 3.3953707218170166
-0.024634387344121933 -6.604976654052734 3.3120625019073486
-0.033383071422576904 -6.592210292816162 3.285254955291748
-0.020106080919504166 -6.6303839683532715 3.2374215126037598
-0.04998423531651497 -6.653311729431152 3.2574193477630615
-0.017062392085790634 -6.730954170227051 3.2060928344726562
-0.042090244591236115 -6.749401092529297 3.1800649166107178
-0.056044574826955795 -6.771009922027588 3.120497465133667
0.004406347870826721 -6.818495750427246 3.125023603439331
-0.04061827063560486 -6.801330089569092 3.1077146530151367
-0.0512588694691658 -6.767358779907227 3.0902788639068604
-0.013116098940372467 -6.797199249267578 3.056931257247925
-0.02542245388031006 -6.806506156921387 3.154681921005249
-0.023537207394838333 -6.729857921600342 3.024233818054199
-0.02399377152323723 -6.771206855773926 3.060326099395752
-0.014233499765396118 -6.70294713973999 3.135709762573242
-0.014187000691890717 -6.626741409301758 3.1362693309783936
-0.0008559077978134155 -6.641979217529297 3.1490085124969482
0.02146536111831665 -6.655128479003906 3.2049429416656494
0.05354718118906021 -6.572089195251465 3.14361834526062
0.027330491691827774 -6.524880409240723 3.2553999423980713
0.029900282621383667 -6.522430896759033 3.3081271648406982
-0.0054957568645477295 -6.421193599700928 3.3321828842163086
0.012778699398040771 -6.374344348907471 3.3697164058685303
-0.01120663434267044 -6.395450115203857 3.4822587966918945
-0.015873536467552185 -6.2813920974731445 3.4048969745635986
-0.05334436893463135 -6.253332138061523 3.4365761280059814
-0.054541513323783875 -6.24601936340332 3.468052625656128
-0.07108226418495178 -6.213045597076416 3.4900927543640137
-0.11191582679748535 -6.134666919708252 3.490312099456787
-0.07508568465709686 -6.205911159515381 3.5223453044891357
-0.1811334192752838 -6.14439582824707 3.609820604324341
-0.10246215760707855 -6.1295695304870605 3.5121452808380127
-0.1549040973186493 -6.08545446395874 3.5755834579467773
-0.2128376066684723 -5.976658821105957 3.5618884563446045
-0.15955312550067902 -5.986239433288574 3.4902091026306152
-0.162358820438385 -6.050217151641846 3.573164463043213
-0.17304165661334991 -6.009766578674316 3.550137758255005
-0.209689199924469 -5.978267192840576 3.608964681625366
-0.15933561325073242 -5.952455043792725 3.5002124309539795
-0.1522916555404663 -5.867116451263428 3.42141056060791
-0.16953334212303162 -5.847952842712402 3.433358907699585
-0.16963374614715576 -5.796881675720215 3.3813905715942383
-0.17984622716903687 -5.830145835876465 3.413318395614624
-0.15954448282718658 -5.724119663238525 3.2688233852386475
-0.1850246787071228 -5.734806537628174 3.3305342197418213
-0.25276684761047363 -5.614651679992676 3.240342617034912
-0.29590174555778503 -5.6296281814575195 3.296187400817871
-0.34074580669403076 -5.610419273376465 3.3156416416168213
-0.42518943548202515 -5.501927852630615 3.256436586380005
-0.4495638906955719 -5.545435905456543 3.3166403770446777
-0.532341718673706 -5.514090538024902 3.341811180114746
-0.5450112819671631 -5.430593490600586 3.2261202335357666
-0.599258303642273 -5.46339750289917 3.2927606105804443
-0.6641561388969421 -5.366632461547852 3.2313218116760254
-0.6831542253494263 -5.3924174308776855 3.273735284805298
-0.7403624653816223 -5.362297058105469 3.2613461017608643
-0.7803379893302917 -5.364035606384277 3.277327537536621
-0.8807004690170288 -5.308701038360596 3.2766449451446533
-0.8838465213775635 -5.357123374938965 3.298309326171875
-0.9469475746154785 -5.289670944213867 3.282074451446533
-0.9468167424201965 -5.318035125732422 3.269343137741089
-1.0307774543762207 -5.25644588470459 3.271848678588867
-1.0834344625473022 -5.199352741241455 3.239410877227783
-1.0544373989105225 -5.197391033172607 3.1997017860412598
-1.088586449623108 -5.137546539306641 3.149059772491455
-1.1172678470611572 -5.122550010681152 3.1475155353546143
-1.1855922937393188 -5.064764976501465 3.0916366577148438
-1.1828683614730835 -5.011956214904785 3.0461905002593994
-1.2192670106887817 -5.000460624694824 3.0386972427368164
-1.2809549570083618 -4.973251819610596 3.0382955074310303
-1.326076865196228 -4.974588871002197 3.0546681880950928
-1.3517436981201172 -4.839499473571777 2.936349868774414
-1.2789705991744995 -4.095793724060059 2.1539995670318604
-1.0215072631835938 -1.0341144800186157 -0.41306373476982117
-2.1011195182800293 -5.241581916809082 3.726280927658081
-2.077566623687744 -5.275576114654541 3.757124900817871
-2.048853874206543 -5.179029941558838 3.6584794521331787
-2.0201728343963623 -5.240056037902832 3.697874069213867
-1.9572221040725708 -5.2639875411987305 3.70242977142334
-1.9456709623336792 -5.271275520324707 3.7421650886535645
-1.921105146408081 -5.288136005401611 3.731264591217041
-1.8830214738845825 -5.257109642028809 3.6786348819732666
-1.8387728929519653 -5.332085132598877 3.766427993774414
-1.7612797021865845 -5.380397796630859 3.7875704765319824
-1.7585935592651367 -5.367151260375977 3.7982685565948486
-1.706409215927124 -5.3995208740234375 3.8223156929016113
-1.636656641960144 -5.339842319488525 3.7420341968536377
-1.6296606063842773 -5.398327350616455 3.8076677322387695
-1.5929269790649414 -5.404749870300293 3.801300287246704
-1.5101532936096191 -5.3964691162109375 3.747468948364258
-1.4484587907791138 -5.410958766937256 3.793520927429199
-1.3672634363174438 -5.406754016876221 3.746272563934326
-1.3380849361419678 -5.505934238433838 3.832707166671753
-1.3392460346221924 -5.4694108963012695 3.7923126220703125
-1.2481262683868408 -5.515613555908203 3.787510633468628
-1.2036017179489136 -5.538467884063721 3.8086092472076416
-1.1639646291732788 -5.513060569763184 3.767822504043579
-1.0484766960144043 -5.5903472900390625 3.812701463699341
-0.9203976988792419 -5.6370038986206055 3.9357621669769287
-0.92990642786026 -5.644325256347656 3.9901444911956787
-0.8575291037559509 -5.663888931274414 3.9907259941101074
-0.8284741044044495 -5.728956699371338 4.068929195404053
-0.7442152500152588 -5.717069149017334 3.9557511806488037
-0.7527852058410645 -5.664398193359375 3.820549964904785
-0.7683097720146179 -5.581273555755615 3.649148941040039
-0.6990739703178406 -5.598199844360352 3.6038966178894043
-0.6624410152435303 -5.623517990112305 3.620712995529175
-1.0328445434570312 -3.145155191421509 1.800714135169983
-0.2856479585170746 -1.3255648612976074 -1.829639196395874
-0.6061394214630127 -2.009063482284546 0.4587930142879486
-0.4773509204387665 -2.8697948455810547 1.783937931060791
0.3068552613258362 -4.600637912750244 2.0713932514190674
-0.4888803958892822 -4.968958854675293 2.8748486042022705
-0.521614670753479 -4.653443813323975 2.6565704345703125
-0.4000820219516754 -5.024868965148926 2.8911619186401367
-1.1719478368759155 -2.7466518878936768 1.5483983755111694
-1.9897594451904297 1.3489519357681274 -4.297735691070557
-0.9763697385787964 -0.43635523319244385 -1.051390528678894
-0.3885461688041687 -4.531486511230469 2.3921518325805664
-0.3515607416629791 -5.828778266906738 3.569138526916504
-0.2694324254989624 -5.993514060974121 3.633085012435913
-0.26773586869239807 -5.943798542022705 3.5686001777648926
-0.3280322551727295 -5.930335521697998 3.6261327266693115
-0.24019353091716766 -6.119907855987549 3.7165677547454834
-0.20576296746730804 -6.083162784576416 3.6067054271698
-0.1725997030735016 -6.127922058105469 3.5935826301574707
-0.20137619972229004 -6.101735591888428 3.5828537940979004
-0.20583388209342957 -6.103936672210693 3.57462477684021
-0.15989625453948975 -6.1395368576049805 3.521531581878662
-0.17739519476890564 -6.151291847229004 3.5310981273651123
-0.1341531127691269 -6.143428802490234 3.4476230144500732
-0.14249278604984283 -6.163877487182617 3.4645490646362305
-0.13264936208724976 -6.153039455413818 3.39632248878479
-0.17124015092849731 -4.475979328155518 1.95408296585083
-0.1367897242307663 -2.4565887451171875 -0.5577352046966553
-0.493877112865448 -3.921830415725708 1.3216127157211304
-0.0603758841753006 -5.994379997253418 3.038313627243042
-0.04880344495177269 -6.3414106369018555 3.207716226577759
7.220730185508728e-5 -6.3177809715271 3.0948307514190674
-0.00991615280508995 -6.2546000480651855 3.005537986755371
-0.06852494180202484 -6.442073345184326 3.181469678878784
-0.07023308426141739 -6.509692668914795 3.1736292839050293
-0.09182275831699371 -6.644503593444824 3.199954032897949
-0.056803252547979355 -6.689366340637207 3.1048545837402344
-0.019944388419389725 -6.716068267822266 3.079792022705078
-0.06398813426494598 -6.7897868156433105 3.1002261638641357
-0.03685940057039261 -6.75394868850708 3.053166627883911
-0.005512069910764694 -6.773993492126465 2.8764400482177734
0.026182401925325394 -6.759960174560547 2.9941163063049316
-0.009788718074560165 -6.8397650718688965 3.122433662414551
-0.018196139484643936 -6.796131610870361 3.0816195011138916
-0.05380719527602196 -6.698546886444092 3.1301932334899902
-0.019022341817617416 -6.710723876953125 3.1531624794006348
-0.01788020133972168 -6.668752670288086 3.1057333946228027
-0.018280446529388428 -6.644998550415039 3.2350635528564453
0.03879811614751816 -6.574095726013184 3.197862386703491
0.01669950783252716 -6.517724514007568 3.313730239868164
0.010195698589086533 -6.4605393409729 3.283019542694092
0.0027520060539245605 -6.417714595794678 3.3507237434387207
0.045118991285562515 -6.364293575286865 3.334789991378784
-0.00033455342054367065 -6.350046634674072 3.3679707050323486
0.004679284989833832 -6.285125732421875 3.3475325107574463
-0.0715826153755188 -6.311441421508789 3.5299391746520996
-0.07305961102247238 -6.25601863861084 3.502845048904419
-0.047782693058252335 -6.238160133361816 3.4799611568450928
-0.06514903157949448 -6.201530933380127 3.494274616241455
-0.05554787814617157 -6.212662696838379 3.5345139503479004
-0.15296757221221924 -6.069979190826416 3.527597427368164
-0.06261616200208664 -6.112007141113281 3.5149807929992676
-0.0983298271894455 -6.121835708618164 3.566696882247925
-0.13503660261631012 -6.051608562469482 3.539308786392212
-0.14492341876029968 -5.953495979309082 3.472468376159668
-0.14343875646591187 -6.012341499328613 3.5369811058044434
-0.14354874193668365 -5.962851047515869 3.4893112182617188
-0.2001708298921585 -5.986747741699219 3.5926671028137207
-0.1623057723045349 -5.92666482925415 3.495514392852783
-0.21327270567417145 -5.903730869293213 3.518449306488037
-0.25458067655563354 -5.873115539550781 3.5078420639038086
-0.3285994529724121 -5.845315933227539 3.5668575763702393
-0.30560213327407837 -5.81824254989624 3.4845566749572754
-0.3277817368507385 -5.763932704925537 3.4401111602783203
-0.38763269782066345 -5.721510887145996 3.4574522972106934
-0.3950304687023163 -5.664386749267578 3.3880205154418945
-0.42849257588386536 -5.60391902923584 3.359008312225342
-0.5097399353981018 -5.578627586364746 3.408797264099121
-0.4650534391403198 -5.545845031738281 3.319244861602783
-0.4352864921092987 -5.610254287719727 3.3601791858673096
-0.49839985370635986 -5.529942035675049 3.313967227935791
-0.5263370871543884 -5.518253326416016 3.30622935295105
-0.5881150364875793 -5.504472732543945 3.3435111045837402
-0.6406072378158569 -5.468749046325684 3.339660167694092
-0.6771136522293091 -5.433596134185791 3.2822606563568115
-0.7637507319450378 -5.3647050857543945 3.294163703918457
-0.8058385252952576 -5.430367469787598 3.3726272583007812
-0.8082491159439087 -5.324402809143066 3.2032299041748047
-0.9020168781280518 -5.257779598236084 3.249185800552368
-0.9198125600814819 -5.305722236633301 3.2734179496765137
-0.9030545353889465 -5.324028491973877 3.2806386947631836
-0.9936537742614746 -5.284390926361084 3.2815167903900146
-1.0547231435775757 -5.3093132972717285 3.322158098220825
-1.0941028594970703 -5.253462791442871 3.287066698074341
-1.1203569173812866 -5.273877143859863 3.2890429496765137
-1.1717315912246704 -5.324384689331055 3.3726656436920166
-1.2386382818222046 -5.245051383972168 3.3004209995269775
-1.3069062232971191 -5.277774810791016 3.3722524642944336
-1.3425588607788086 -5.259415149688721 3.375758647918701
-1.3727397918701172 -5.220722198486328 3.3134140968322754
-1.4203803539276123 -5.239903450012207 3.360870122909546
-1.4763798713684082 -5.233845233917236 3.392612934112549
-1.5138189792633057 -5.13476037979126 3.2903573513031006
-1.54301118850708 -5.1948933601379395 3.3634095191955566
-2.0847206115722656 -5.282523155212402 3.7268941402435303
-2.0739307403564453 -5.300765514373779 3.791816473007202
-2.0739641189575195 -5.209726333618164 3.7093422412872314
-2.032001495361328 -5.304315090179443 3.8028366565704346
-1.9774692058563232 -5.3233513832092285 3.8255317211151123
-1.9667545557022095 -5.3821892738342285 3.9173030853271484
-1.8897229433059692 -5.334705352783203 3.8145837783813477
-1.8802868127822876 -5.33295202255249 3.798494577407837
-1.848318099975586 -5.3551411628723145 3.8046915531158447
-1.805168628692627 -5.344870090484619 3.794901132583618
-1.8023054599761963 -5.348416328430176 3.8203086853027344
-1.7455580234527588 -5.362946510314941 3.7975480556488037
-1.6639150381088257 -5.3673858642578125 3.779695987701416
-1.6515402793884277 -5.359347343444824 3.752483606338501
-1.597815990447998 -5.3996806144714355 3.7977118492126465
-1.5309923887252808 -5.433449745178223 3.792682647705078
-1.4939653873443604 -5.3710479736328125 3.7660574913024902
-1.4208160638809204 -5.384331226348877 3.776113271713257
-1.3613260984420776 -5.416837215423584 3.7392892837524414
-1.3960654735565186 -5.401504993438721 3.731661319732666
-1.3098722696304321 -5.392260551452637 3.62579607963562
-1.274141550064087 -5.409547328948975 3.6506454944610596
-1.2901394367218018 -5.433620452880859 3.6933043003082275
-1.0890216827392578 -5.448931694030762 3.5646891593933105
-1.0826925039291382 -5.481879711151123 3.6332921981811523
-1.065340280532837 -5.429365158081055 3.6084282398223877
-0.9738993644714355 -5.448712348937988 3.617713451385498
-0.7345096468925476 -4.273288249969482 2.4074032306671143
-1.1156598329544067 -3.0231645107269287 1.902697205543518
-1.3066234588623047 0.7160699367523193 -5.282717704772949
-1.5415903329849243 2.2356069087982178 -6.510524749755859
-1.2709839344024658 1.5233581066131592 -5.314652442932129
-1.8496166467666626 1.2840609550476074 -4.648127555847168
-0.7684216499328613 -1.6766053438186646 0.489745169878006
-0.503800630569458 -1.3369685411453247 -1.2097312211990356
-1.4935765266418457 0.4700072109699249 -5.299800872802734
-0.6486335396766663 -1.4810935258865356 0.1568203568458557
-0.5938851237297058 -3.3462629318237305 1.6079943180084229
0.025323335081338882 -4.21311092376709 1.8139848709106445
-0.33829188346862793 -5.19747257232666 3.005035400390625
-0.41352665424346924 -5.762005805969238 3.6001083850860596
-0.3738962411880493 -5.817363739013672 3.617394208908081
-0.3500883877277374 -5.821630954742432 3.6018691062927246
-0.359463632106781 -5.828794002532959 3.5892417430877686
-0.30974218249320984 -5.895379066467285 3.6033883094787598
-0.2468419373035431 -5.930110454559326 3.5585968494415283
-0.27192750573158264 -5.958367347717285 3.613609552383423
-0.23454810678958893 -5.954049110412598 3.5532026290893555
-0.2599993348121643 -5.89479923248291 3.5271410942077637
-0.20625057816505432 -6.029492378234863 3.586102247238159
-0.16647057235240936 -5.989671230316162 3.469726800918579
-0.14643508195877075 -6.084980487823486 3.5185415744781494
-0.1677073836326599 -6.013332843780518 3.4640254974365234
-0.44540148973464966 -3.811018705368042 1.7621400356292725
-0.021067984402179718 -3.0770885944366455 0.1598544418811798
-0.11439216136932373 -5.2813262939453125 2.6234545707702637
-0.08620437979698181 -6.084709167480469 3.324042320251465
-0.036410119384527206 -6.080578804016113 3.252441883087158
-0.05060115456581116 -5.894242286682129 2.982150077819824
-0.16495269536972046 -4.0385212898254395 1.3149728775024414
-0.27507081627845764 -1.623901128768921 -1.6145150661468506
-1.368147611618042 0.5108287930488586 -3.8923373222351074
-1.1274429559707642 -0.7918205857276917 -6.262056350708008
-1.0498424768447876 -0.4815661907196045 -3.5710573196411133
-0.3660552501678467 -3.771591901779175 0.9953153133392334
-0.04321831837296486 -6.2385406494140625 2.8668456077575684
-0.004547048360109329 -6.44638204574585 3.0051939487457275
-0.021255385130643845 -6.498957633972168 2.964529037475586
-0.013901378959417343 -6.644975185394287 2.967377185821533
0.02163434773683548 -6.70137882232666 2.915893077850342
0.04326781630516052 -6.706444263458252 2.838444709777832
0.003362886607646942 -6.76954984664917 2.882236957550049
-0.007132317870855331 -6.762128829956055 2.8657419681549072
0.04187997803092003 -6.831533908843994 2.8440849781036377
0.03080926090478897 -6.7656450271606445 2.8387112617492676
0.004085421562194824 -6.822544097900391 2.937457323074341
0.055484138429164886 -6.750029563903809 2.8223814964294434
0.04804673790931702 -6.710079193115234 2.9204952716827393
0.03038971498608589 -6.664219856262207 2.9284393787384033
0.04685403034090996 -6.699398994445801 2.910677194595337
0.09186502546072006 -6.664164066314697 2.963031053543091
0.12319333851337433 -6.598428726196289 2.9562742710113525
0.11526636779308319 -6.4876298904418945 2.9559216499328613
0.15022844076156616 -6.502860069274902 3.028740406036377
0.04537007585167885 -6.385035514831543 3.1483423709869385
0.09554752707481384 -6.400607109069824 3.2412109375
0.07276937365531921 -6.434410095214844 3.2752039432525635
0.06821992993354797 -6.309498310089111 3.3275890350341797
-0.01721840724349022 -6.240725040435791 3.3778555393218994
0.007243700325489044 -6.2446370124816895 3.4051501750946045
-0.017699573189020157 -6.198757171630859 3.413975238800049
-0.012456361204385757 -6.236945629119873 3.4919328689575195
-0.009907972067594528 -6.192233085632324 3.432879686355591
-0.06972643733024597 -6.094729900360107 3.4476823806762695
-0.019437149167060852 -6.11407470703125 3.451627731323242
-0.018720149993896484 -6.129469394683838 3.479495048522949
-0.10761968791484833 -5.992123603820801 3.468975305557251
-0.06094355508685112 -6.0175700187683105 3.468090772628784
-0.03974827006459236 -5.981687068939209 3.4156723022460938
-0.05913637578487396 -5.949866771697998 3.3913724422454834
-0.0722467228770256 -6.001230239868164 3.489746332168579
-0.07165700942277908 -5.930096626281738 3.394110679626465
-0.09526772797107697 -5.89970064163208 3.40436053276062
-0.1860131323337555 -5.844627857208252 3.4458060264587402
-0.1557421088218689 -5.84316873550415 3.4148964881896973
-0.14766617119312286 -5.7912068367004395 3.3440887928009033
-0.2519494891166687 -5.770186424255371 3.418656826019287
-0.31231489777565 -5.744457721710205 3.416102886199951
-0.3408620357513428 -5.628502368927002 3.3285369873046875
-0.41956740617752075 -5.577941417694092 3.33434796333313
-0.44016289710998535 -5.603877544403076 3.360203742980957
-0.5108692049980164 -5.572039604187012 3.4022982120513916
-0.5137849450111389 -5.558074951171875 3.3524303436279297
-0.610711395740509 -5.417721271514893 3.2632498741149902
-0.5841766595840454 -5.344324111938477 3.1703832149505615
-0.6612685918807983 -5.446972370147705 3.347311496734619
-0.7189130783081055 -5.432264804840088 3.3434197902679443
-0.702603816986084 -5.402411460876465 3.280416488647461
-0.7458255290985107 -5.394189357757568 3.282444477081299
-0.7903568744659424 -5.405788421630859 3.3413379192352295
-0.869346559047699 -5.308279514312744 3.2355315685272217
-0.8801150918006897 -5.366357803344727 3.3171844482421875
-0.8846731781959534 -5.34057092666626 3.273364543914795
-0.914970874786377 -5.372718334197998 3.3402762413024902
-0.9693869352340698 -5.323497295379639 3.293729782104492
-1.0934948921203613 -5.327296257019043 3.3567607402801514
-1.1289379596710205 -5.306074619293213 3.353283643722534
-1.1484043598175049 -5.301784992218018 3.3423712253570557
-1.1950701475143433 -5.293914318084717 3.3392038345336914
-1.2439815998077393 -5.244418621063232 3.2922487258911133
-1.2492666244506836 -5.275310039520264 3.3300085067749023
-1.3038735389709473 -5.26861572265625 3.3318958282470703
-1.3500913381576538 -5.265500545501709 3.356987476348877
-1.419081211090088 -5.245639801025391 3.37851881980896
-1.4482159614562988 -5.187193870544434 3.31571364402771
-1.494283676147461 -5.1927876472473145 3.3428947925567627
-1.5819308757781982 -5.167713165283203 3.387157678604126
-2.08402943611145 -5.240228176116943 3.7101833820343018
-2.0574958324432373 -5.261600971221924 3.7449021339416504
-2.0503735542297363 -5.189000129699707 3.6845932006835938
-1.9785356521606445 -5.326107025146484 3.7809109687805176
-1.990054726600647 -5.262723922729492 3.7802464962005615
-1.9601877927780151 -5.323199272155762 3.814147710800171
-1.9302988052368164 -5.302984237670898 3.7917516231536865
-1.8983820676803589 -5.321062088012695 3.785313844680786
-1.837645411491394 -5.374082565307617 3.856992244720459
-1.7725893259048462 -5.368571758270264 3.8062007427215576
-1.773830533027649 -5.385248184204102 3.8251569271087646
-1.7550939321517944 -5.28973388671875 3.7145090103149414
-1.6417748928070068 -5.371816158294678 3.7620224952697754
-1.6722791194915771 -5.386559963226318 3.8196167945861816
-1.6385126113891602 -5.383176803588867 3.7678894996643066
-1.5562372207641602 -5.382723331451416 3.7317135334014893
-1.5197347402572632 -5.317312240600586 3.672084331512451
-1.4701567888259888 -5.380141258239746 3.7258644104003906
-1.4065719842910767 -5.430272579193115 3.7530035972595215
-1.3853050470352173 -5.374314785003662 3.667080879211426
-1.367099642753601 -5.392258167266846 3.6413745880126953
-1.3913873434066772 -5.413283824920654 3.645739793777466
-1.365288257598877 -5.347560405731201 3.581498861312866
-1.1533396244049072 -5.4842376708984375 3.5566329956054688
-1.2511272430419922 -5.370172023773193 3.494877338409424
-1.2264591455459595 -5.318381309509277 3.4557688236236572
-1.2058364152908325 -5.399877071380615 3.5589075088500977
-1.1177352666854858 -5.453211307525635 3.532855272293091
-1.0680673122406006 -5.417063236236572 3.4824390411376953
-1.0279529094696045 -5.4753265380859375 3.51052188873291
-0.9902969598770142 -5.4530415534973145 3.4980695247650146
-0.9115698337554932 -5.485965728759766 3.4928205013275146
-0.8009579181671143 -5.549660682678223 3.476656913757324
-0.7613024711608887 -5.507819175720215 3.4441967010498047
-0.6740587949752808 -5.585028171539307 3.473698854446411
-0.5861414670944214 -5.588867664337158 3.428297519683838
-0.5134701132774353 -5.627391815185547 3.454336166381836
-0.5057291388511658 -5.616964817047119 3.421539545059204
-0.450117290019989 -5.718164443969727 3.477245807647705
-0.4042728543281555 -5.650265693664551 3.357712745666504
-0.38885751366615295 -5.797255039215088 3.5175414085388184
-0.31412002444267273 -5.821585178375244 3.4856324195861816
-0.2603476345539093 -5.880627632141113 3.5275471210479736
-0.29198023676872253 -5.787198543548584 3.43648624420166
-0.23066936433315277 -5.867456436157227 3.463393211364746
-0.19324611127376556 -5.930164813995361 3.524015426635742
-0.09069263935089111 -5.994143962860107 3.442505121231079
-0.13949760794639587 -6.008737087249756 3.5261001586914062
-0.1809874325990677 -5.954970359802246 3.5075130462646484
-0.11073383688926697 -6.116661071777344 3.557360887527466
-0.14954787492752075 -6.050107955932617 3.491774559020996
-0.03869270533323288 -6.170133590698242 3.4421579837799072
-0.010268714278936386 -6.184269905090332 3.4194674491882324
-0.04127611964941025 -6.180851936340332 3.443337917327881
-0.058207523077726364 -6.238497734069824 3.473167657852173
0.004008471965789795 -6.186607837677002 3.338214874267578
0.041476957499980927 -6.212178707122803 3.2824270725250244
0.0011698342859745026 -6.204532146453857 3.293093204498291
0.04385773465037346 -6.282150745391846 3.279466152191162
0.04940151423215866 -6.338371276855469 3.2912437915802
0.028384964913129807 -6.360877990722656 3.2441327571868896
0.01674565300345421 -6.417652606964111 3.2488203048706055
0.05042342096567154 -6.43501091003418 3.1552276611328125
0.03455059602856636 -6.564217567443848 3.1114115715026855
0.03165807947516441 -6.526129722595215 3.108163356781006
0.014578085392713547 -6.55509090423584 3.1021320819854736
-0.01565435901284218 -6.6275410652160645 3.1389729976654053
-0.02581728994846344 -6.698879718780518 3.13855242729187
-0.010122936218976974 -6.767976760864258 3.105339765548706
0.019793644547462463 -6.795001029968262 2.984254837036133
0.020958345383405685 -6.8184661865234375 2.951460361480713
-0.031141329556703568 -6.806118011474609 2.91776967048645
0.04100137576460838 -6.872420787811279 2.900721549987793
0.03556283935904503 -6.832408905029297 2.829784393310547
0.021579567342996597 -6.796880722045898 2.859398603439331
0.026557516306638718 -6.8310346603393555 2.85750412940979
0.05246952921152115 -6.848949432373047 2.8850059509277344
0.02137412130832672 -6.765583515167236 2.9723966121673584
0.03399467095732689 -6.716446399688721 2.961503028869629
0.0976066067814827 -6.743445873260498 2.8764166831970215
0.0830455869436264 -6.622594356536865 2.891784191131592
0.1316777467727661 -6.685398101806641 2.9933180809020996
0.11084932833909988 -6.54316520690918 3.0167407989501953
0.11370013654232025 -6.565782070159912 3.081770896911621
0.10062099248170853 -6.408751964569092 3.0306036472320557
0.16330009698867798 -6.457051753997803 3.1040139198303223
0.1114048957824707 -6.399511814117432 3.1527159214019775
0.156250461935997 -6.305665016174316 3.0821285247802734
0.10582761466503143 -6.314761161804199 3.281320333480835
0.08554418385028839 -6.225804328918457 3.2932260036468506
0.08422879874706268 -6.234157085418701 3.3121817111968994
0.019041147083044052 -6.145121097564697 3.332862615585327
0.020067572593688965 -6.188287258148193 3.3968424797058105
0.024890001863241196 -6.174521446228027 3.398728609085083
0.0575711689889431 -6.145668983459473 3.3888297080993652
-0.006166920065879822 -6.147525310516357 3.4926044940948486
-0.03926636278629303 -6.016312599182129 3.3990745544433594
-0.005813576281070709 -5.992232322692871 3.360365867614746
-0.02031996101140976 -5.989441871643066 3.377314567565918
-0.04284041002392769 -5.982006549835205 3.4253172874450684
-0.08102895319461823 -5.943737983703613 3.438453435897827
-0.012643430382013321 -5.973215103149414 3.382963180541992
-0.052673567086458206 -5.898082733154297 3.380553960800171
-0.03744307905435562 -5.88350248336792 3.342545986175537
-0.09815803915262222 -5.799578666687012 3.3145229816436768
-0.09027062356472015 -5.8110527992248535 3.323991537094116
-0.10936854034662247 -5.729180812835693 3.2576091289520264
-0.13804146647453308 -5.727235794067383 3.280311107635498
-0.11244036257266998 -5.7271809577941895 3.2503859996795654
-0.21869976818561554 -5.645327568054199 3.2659871578216553
-0.28578612208366394 -5.643162727355957 3.307798147201538
-0.384381502866745 -5.602216720581055 3.3287220001220703
-0.39542803168296814 -5.578671932220459 3.3007147312164307
-0.47871488332748413 -5.5242390632629395 3.316033363342285
-0.5274398326873779 -5.445976257324219 3.233755111694336
-0.6148828268051147 -5.508655071258545 3.3689985275268555
-0.6277464032173157 -5.471236705780029 3.336801767349243
-0.7121214866638184 -5.427901268005371 3.3238720893859863
-0.739381730556488 -5.403679847717285 3.3002429008483887
-0.7540814876556396 -5.454068660736084 3.376375436782837
-0.8203235268592834 -5.345057487487793 3.270198106765747
-0.9200488924980164 -5.3511834144592285 3.323559522628784
-0.9227023124694824 -5.4339070320129395 3.403649091720581
-0.9985957145690918 -5.3916850090026855 3.399980306625366
-1.0872641801834106 -5.318721294403076 3.368533134460449
-1.107061743736267 -5.300118923187256 3.369706869125366
-1.0855379104614258 -5.318205833435059 3.3195345401763916
-1.1654973030090332 -5.192899703979492 3.263091802597046
-1.1262704133987427 -5.282437324523926 3.303288459777832
-1.1676814556121826 -5.2089924812316895 3.2413322925567627
-1.1865750551223755 -5.222133159637451 3.2568345069885254
-1.2200267314910889 -5.1992340087890625 3.238286018371582
-1.2421928644180298 -5.2801899909973145 3.311305046081543
-1.3320971727371216 -5.228008270263672 3.3098344802856445
-1.403511881828308 -5.184881687164307 3.2973978519439697
-1.4581599235534668 -5.130716323852539 3.261530876159668
-1.525490403175354 -5.156229496002197 3.3305397033691406
-2.120422601699829 -5.197762489318848 3.5843448638916016
-2.118553400039673 -5.220573425292969 3.645042896270752
-2.0885989665985107 -5.1597371101379395 3.5910775661468506
-2.034412384033203 -5.236334323883057 3.6379780769348145
-1.9959312677383423 -5.276485919952393 3.707599639892578
-1.9657466411590576 -5.257706165313721 3.7009880542755127
-1.9330823421478271 -5.2811713218688965 3.7307565212249756
-1.9046765565872192 -5.242171287536621 3.6885392665863037
-1.8476417064666748 -5.280116558074951 3.713646173477173
-1.806111216545105 -5.274713039398193 3.7582852840423584
-1.7638697624206543 -5.194911479949951 3.6534628868103027
-1.722049593925476 -4.9284234046936035 3.320140838623047
-1.7039523124694824 -5.029727458953857 3.492032051086426
-1.0735199451446533 -0.5129862427711487 -1.7856086492538452
-1.7286052703857422 1.3245924711227417 -3.238860845565796
-0.6752502918243408 0.5086281895637512 -7.43018913269043
-1.5157439708709717 1.4729576110839844 -3.6953866481781006
-1.4954607486724854 1.0069260597229004 -3.163160562515259
-1.5752253532409668 1.3733890056610107 -4.448431015014648
-1.0924183130264282 1.4232813119888306 -5.880089282989502
-1.7121315002441406 1.6690069437026978 -5.018876552581787
-1.7277305126190186 1.9271764755249023 -5.169147491455078
-1.9386887550354004 2.2140960693359375 -6.270631790161133
-1.8772623538970947 1.9771158695220947 -5.370548248291016
-1.041717290878296 -0.6656769514083862 -1.2147936820983887
-0.5905125141143799 -1.3515979051589966 -0.33741796016693115
-1.290547490119934 -2.4211151599884033 1.206377387046814
-0.5962444543838501 -4.020483016967773 2.026247978210449
-0.9963836073875427 -5.185361862182617 3.215003490447998
-0.9621412754058838 -5.299556255340576 3.3137786388397217
-0.8953428268432617 -5.386757850646973 3.355151414871216
-0.8626065254211426 -5.434443473815918 3.4075429439544678
-0.8176167011260986 -5.437294960021973 3.3591818809509277
-0.7456454038619995 -5.442803382873535 3.3642618656158447
-0.677131175994873 -5.507864475250244 3.3952646255493164
-0.5676729083061218 -5.609463214874268 3.421461820602417
-0.5884937047958374 -5.614523887634277 3.457667589187622
-0.5410336256027222 -5.594573974609375 3.4148545265197754
-0.45140066742897034 -5.733938217163086 3.4768128395080566
-0.43228477239608765 -5.6835761070251465 3.4095427989959717
-0.38038724660873413 -5.75153112411499 3.412214756011963
-0.33197900652885437 -5.806370735168457 3.46248459815979
-0.3372674286365509 -5.794358730316162 3.463740110397339
-0.35008418560028076 -5.864871501922607 3.544076919555664
-0.2358381599187851 -5.933288097381592 3.492175817489624
-0.2396022081375122 -5.933834552764893 3.535651922225952
-0.1920507848262787 -6.0375776290893555 3.573911190032959
-0.17278623580932617 -5.988656520843506 3.5087976455688477
-0.23702098429203033 -5.966742038726807 3.5627503395080566
-0.14289364218711853 -6.105291366577148 3.5629847049713135
-0.12390726804733276 -6.086997985839844 3.499929428100586
0.02040139213204384 -6.241173267364502 3.430490016937256
-0.03974428400397301 -6.2091875076293945 3.4668188095092773
-0.08099435269832611 -6.200287818908691 3.480154275894165
0.028710372745990753 -6.249845027923584 3.3485970497131348
0.041724804788827896 -6.243910789489746 3.3223884105682373
0.07347388565540314 -6.222061634063721 3.2220754623413086
0.051555536687374115 -6.350952625274658 3.321413993835449
0.10074713081121445 -6.415096759796143 3.203557014465332
0.14737176895141602 -6.511094570159912 3.138684034347534
0.16273650527000427 -6.504789352416992 3.037644863128662
0.07425382733345032 -6.504814624786377 3.013742446899414
0.1394907683134079 -6.514026165008545 2.953545093536377
0.13443851470947266 -6.616759300231934 2.9405055046081543
0.09816284477710724 -6.544027328491211 2.8790171146392822
0.066079281270504 -6.625045299530029 2.830256223678589
0.16674131155014038 -6.678671836853027 2.788771867752075
0.0798252522945404 -6.731596946716309 2.85748291015625
0.02616824582219124 -6.714435577392578 2.8344616889953613
0.062211111187934875 -6.738735675811768 2.7248873710632324
0.09444992989301682 -6.844466686248779 2.7877182960510254
-0.019268237054347992 -6.788330078125 2.887211322784424
0.048803143203258514 -6.839260101318359 2.9025139808654785
0.03934215009212494 -6.816943168640137 2.8133907318115234
0.029806502163410187 -6.805881023406982 2.8743679523468018
0.05281161144375801 -6.822805404663086 2.848081588745117
0.052017692476511 -6.776715278625488 2.834542989730835
0.026996783912181854 -6.698463439941406 2.8802435398101807
0.06288808584213257 -6.724177360534668 2.9417152404785156
0.048299044370651245 -6.71592903137207 2.899106740951538
0.10107336193323135 -6.641910552978516 2.922203779220581
0.10745327174663544 -6.648487567901611 3.022104501724243
0.09868358075618744 -6.589636325836182 3.052549362182617
0.11701300740242004 -6.549197196960449 3.0660924911499023
0.10829068720340729 -6.489893913269043 3.089245080947876
0.10783031582832336 -6.472285747528076 3.205441474914551
0.12135094404220581 -6.431282997131348 3.1648097038269043
0.14048802852630615 -6.361064910888672 3.1838314533233643
0.10613709688186646 -6.334668159484863 3.2392892837524414
0.05910535156726837 -6.30222749710083 3.360286235809326
0.08602090179920197 -6.191114902496338 3.2521719932556152
0.027596313506364822 -6.2081427574157715 3.3683278560638428
0.07757741212844849 -6.2436323165893555 3.3784139156341553
0.05080601945519447 -6.136857032775879 3.317904233932495
0.11262403428554535 -6.17987585067749 3.3410837650299072
0.08009780943393707 -6.195149898529053 3.422640800476074
-0.020027000457048416 -6.046494483947754 3.423187255859375
0.027781488373875618 -5.995900630950928 3.317678928375244
0.013064615428447723 -5.965784549713135 3.3142178058624268
-0.007651273161172867 -5.935470104217529 3.3439793586730957
0.009139299392700195 -6.029190540313721 3.4133543968200684
0.042163580656051636 -5.956429958343506 3.2942097187042236
0.007488459348678589 -5.943926811218262 3.3455562591552734
-0.050583697855472565 -5.88795280456543 3.3283698558807373
-0.09656224399805069 -5.82342529296875 3.3133609294891357
-0.10114457458257675 -5.827322006225586 3.344409942626953
-0.10575631260871887 -5.8195271492004395 3.3371315002441406
-0.18210026621818542 -5.760517120361328 3.3559296131134033
-0.19396573305130005 -5.706460952758789 3.2724411487579346
-0.2124091386795044 -5.681417465209961 3.279465675354004
-0.2793561816215515 -5.592375755310059 3.224003553390503
-0.3428286015987396 -5.571844577789307 3.257345199584961
-0.3391466736793518 -5.5545334815979 3.229257106781006
-0.4004789888858795 -5.597967147827148 3.3311948776245117
-0.4383819103240967 -5.452937126159668 3.162031412124634
-0.5279043912887573 -5.4382734298706055 3.268313407897949
-0.344107985496521 -5.449000358581543 3.116812229156494
-0.43201202154159546 -5.434629440307617 3.1450185775756836
-0.5927643775939941 -5.377928733825684 3.1703853607177734
-0.6208112835884094 -5.397377967834473 3.2364377975463867
-0.7376130819320679 -5.268985271453857 3.1516408920288086
-0.8280348777770996 -5.229844570159912 3.142296552658081
-0.8283514976501465 -5.216807842254639 3.111687421798706
-0.8069735765457153 -5.304548263549805 3.203256845474243
-0.9379081726074219 -5.192885398864746 3.132676124572754
-1.0103633403778076 -5.199647426605225 3.1910412311553955
-1.0221539735794067 -5.221534729003906 3.2197561264038086
-1.0749348402023315 -5.153794288635254 3.1796176433563232
-1.0935839414596558 -5.207273006439209 3.1928772926330566
-1.145178198814392 -5.190051555633545 3.1888372898101807
-1.1873098611831665 -5.158445835113525 3.182079315185547
-1.2300634384155273 -5.195293426513672 3.2413628101348877
-1.2655619382858276 -5.200874328613281 3.2358944416046143
-1.301403522491455 -5.207702159881592 3.2767333984375
-1.3236852884292603 -5.199086666107178 3.2689833641052246
-1.383346676826477 -5.140224456787109 3.229940176010132
-1.4177688360214233 -5.12605094909668 3.2188265323638916
-2.1928915977478027 -5.066204071044922 3.4458162784576416
-2.1518750190734863 -5.125545501708984 3.485063076019287
-2.144014596939087 -5.038330078125 3.446702003479004
-2.0905518531799316 -5.116179943084717 3.495368719100952
-2.0723068714141846 -5.107028007507324 3.506469249725342
-2.035050392150879 -5.153797149658203 3.56064772605896
-1.9840919971466064 -5.212221622467041 3.587707996368408
-1.9585798978805542 -5.169897079467773 3.55328369140625
-2.2194418907165527 -3.492347478866577 2.369962692260742
-1.2356163263320923 -4.222419261932373 2.437324285507202
-1.8900176286697388 -5.10930871963501 3.478729009628296
-1.8272030353546143 -5.132988452911377 3.465127944946289
-1.7679587602615356 -5.073388576507568 3.4065232276916504
-1.7278923988342285 -5.013298511505127 3.3304359912872314
-1.647613763809204 -4.758106231689453 3.068514347076416
-1.6463648080825806 -5.035803318023682 3.3282058238983154
-1.638942837715149 -5.089626312255859 3.3797943592071533
-1.5793659687042236 -5.122992515563965 3.410557270050049
-1.5177760124206543 -5.2488603591918945 3.475269317626953
-1.5039193630218506 -5.223626613616943 3.4589028358459473
-1.4328463077545166 -5.3255462646484375 3.505350351333618
-1.4020897150039673 -5.348924160003662 3.5236802101135254
-1.3425132036209106 -5.354504585266113 3.510927677154541
-1.2223188877105713 -5.403374195098877 3.5174331665039062
-1.1774952411651611 -5.345620632171631 3.396824836730957
-1.1767637729644775 -5.377595901489258 3.4530439376831055
-1.113722562789917 -5.4685750007629395 3.5353541374206543
-1.0547088384628296 -5.41105842590332 3.440765380859375
-1.026556134223938 -5.4200286865234375 3.459591865539551
-0.929130494594574 -5.512244701385498 3.468517541885376
-0.9131717085838318 -5.454658508300781 3.4392597675323486
-0.8382904529571533 -5.506150722503662 3.4431018829345703
-0.8367079496383667 -5.4996442794799805 3.431244373321533
-0.7226970195770264 -5.568853378295898 3.467205286026001
-0.6184446215629578 -5.587070941925049 3.414299488067627
-0.6322782635688782 -5.628807544708252 3.4834206104278564
-0.5798062086105347 -5.595778942108154 3.4619312286376953
-0.5367504358291626 -5.666926860809326 3.451878070831299
-0.47989770770072937 -5.723297119140625 3.4691686630249023
-0.45028120279312134 -5.711175918579102 3.446143388748169
-0.3229818046092987 -5.861637115478516 3.4822027683258057
-0.29027697443962097 -5.879476070404053 3.505988597869873
-0.27012473344802856 -5.915372848510742 3.4818620681762695
-0.30876144766807556 -5.867724895477295 3.4951934814453125
-0.2089589536190033 -5.92974853515625 3.484365940093994
-0.22379764914512634 -5.925395965576172 3.4983348846435547
-0.1394394189119339 -6.021683692932129 3.4752848148345947
-0.12939579784870148 -6.068080902099609 3.512491226196289
-0.20293107628822327 -6.018060684204102 3.5630605220794678
-0.14713852107524872 -6.134156703948975 3.6025633811950684
-0.14294135570526123 -6.079397201538086 3.49277663230896
-0.030949722975492477 -6.1968207359313965 3.455928325653076
-0.050900816917419434 -6.208417892456055 3.48925518989563
-0.0893254280090332 -6.244686603546143 3.5442960262298584
-0.07953576743602753 -6.251039028167725 3.4986612796783447
-0.03261195868253708 -6.275026321411133 3.431208610534668
0.09050145745277405 -6.338520526885986 3.3541505336761475
0.05946126580238342 -6.375643253326416 3.358280658721924
0.05815951153635979 -6.3955864906311035 3.332390308380127
0.05912007763981819 -6.474765777587891 3.2829222679138184
0.10194966942071915 -6.499685764312744 3.1491918563842773
0.08360841870307922 -6.610307216644287 3.204056739807129
0.06969006359577179 -6.540530204772949 3.1035878658294678
0.10503290593624115 -6.623406887054443 3.000095844268799
0.1137918084859848 -6.652473449707031 3.0159530639648438
0.06520000100135803 -6.658350944519043 2.9062376022338867
0.0490410216152668 -6.7134222984313965 3.0058999061584473
0.028447482734918594 -6.706978797912598 2.9293746948242188
0.04898049682378769 -6.80941104888916 2.831111431121826
0.02273527905344963 -6.823169708251953 2.8156180381774902
0.13306361436843872 -6.839632987976074 2.730844020843506
0.10618872195482254 -6.880448818206787 2.624605894088745
-0.03573591634631157 -6.839713096618652 2.82138991355896
0.020368024706840515 -6.834782123565674 2.7910470962524414
0.04581534117460251 -6.791790962219238 2.803576707839966
0.02189120650291443 -6.7945427894592285 2.776801347732544
0.057380311191082 -6.815915584564209 2.7990915775299072
0.05665262043476105 -6.7532830238342285 2.8663547039031982
0.010532021522521973 -6.691370010375977 2.8845736980438232
0.09023232758045197 -6.6794891357421875 2.797328472137451
0.0868450403213501 -6.661381244659424 2.900020122528076
0.08454162627458572 -6.630903244018555 2.9806244373321533
0.14319705963134766 -6.5933146476745605 2.9820199012756348
0.16041119396686554 -6.5615458488464355 2.9639086723327637
0.1524982750415802 -6.468557834625244 3.0411510467529297
0.12388017773628235 -6.462396144866943 3.1661911010742188
0.1359294056892395 -6.523778438568115 3.2539522647857666
0.12910117208957672 -6.382688045501709 3.219191312789917
0.068335622549057 -6.23160457611084 3.2345821857452393
0.09429813921451569 -6.25460958480835 3.3056817054748535
0.09600715339183807 -6.228823184967041 3.2765583992004395
-0.0201103575527668 -6.185108184814453 3.4251174926757812
0.07105502486228943 -6.22648286819458 3.378260850906372
0.00222194567322731 -6.174269676208496 3.4077658653259277
0.08931155502796173 -6.2228593826293945 3.423319101333618
0.08328036963939667 -6.178415775299072 3.404428482055664
-0.007081039249897003 -6.040154457092285 3.402843952178955
0.03045029193162918 -6.007938861846924 3.3117117881774902
0.07096315175294876 -6.031301975250244 3.3391025066375732
0.012989956885576248 -5.9786696434021 3.35392165184021
-0.018713578581809998 -5.94068717956543 3.359867811203003
-0.014875397086143494 -6.003746509552002 3.4297330379486084
-0.026988055557012558 -5.905587673187256 3.348985433578491
-0.07406464219093323 -5.846400737762451 3.33593487739563
-0.015467233955860138 -5.871026515960693 3.3136796951293945
-0.07163050025701523 -5.833293437957764 3.306091547012329
-0.07161689549684525 -5.803382873535156 3.28429913520813
-0.07513338327407837 -5.775432586669922 3.284578561782837
-0.12760546803474426 -5.685410499572754 3.2060039043426514
-0.2017669826745987 -5.660414218902588 3.2478413581848145
-0.24086467921733856 -5.612259387969971 3.218416452407837
-0.2573843002319336 -5.605666160583496 3.223471164703369
-0.2651061415672302 -5.6217827796936035 3.2492363452911377
-0.37866348028182983 -5.542898178100586 3.2642078399658203
-0.3768611550331116 -5.525832653045654 3.1770102977752686
-0.4551866948604584 -5.479800701141357 3.21905517578125
-0.49545639753341675 -5.487635612487793 3.253715753555298
-0.5575169920921326 -5.427382946014404 3.2260687351226807
-0.584474503993988 -5.404682636260986 3.222510576248169
-0.6238192915916443 -5.36775541305542 3.1945295333862305
-0.6361931562423706 -5.323000907897949 3.0988810062408447
-0.7148104906082153 -5.352738380432129 3.1994478702545166
-0.7806030511856079 -5.336164474487305 3.206563711166382
-0.8197470307350159 -5.34986686706543 3.2532310485839844
-0.9139668941497803 -5.289240837097168 3.2364680767059326
-0.9686968922615051 -5.235517501831055 3.209657669067383
-0.9682765007019043 -5.245741844177246 3.2003326416015625
-1.0294386148452759 -5.261588096618652 3.237999677658081
-1.0861471891403198 -5.264291763305664 3.284487247467041
-1.1386396884918213 -5.189883708953857 3.1921920776367188
-1.1764582395553589 -5.221830368041992 3.2642321586608887
-1.2355297803878784 -5.181031703948975 3.20596981048584
-1.237324833869934 -5.20843505859375 3.2259159088134766
-1.292676329612732 -5.2009124755859375 3.237398624420166
-1.3487188816070557 -5.133310317993164 3.1907029151916504
-1.3915878534317017 -5.128414630889893 3.2156174182891846
-1.4503064155578613 -5.181492328643799 3.327047348022461
-2.1584436893463135 -4.801366329193115 3.1722404956817627
-2.158054828643799 -4.925716876983643 3.2783281803131104
-2.1562085151672363 -4.7806782722473145 3.174367904663086
-1.948970079421997 -4.29412841796875 2.5716559886932373
-2.075901746749878 -4.808177947998047 3.146097183227539
-2.0404624938964844 -4.940617084503174 3.3004751205444336
-1.999370813369751 -5.107001781463623 3.4510011672973633
-1.9832345247268677 -5.1664533615112305 3.5191545486450195
-1.9456168413162231 -5.174321174621582 3.5449891090393066
-1.8836394548416138 -5.233321189880371 3.569150924682617
-1.8673385381698608 -5.230968952178955 3.580256462097168
-1.8383897542953491 -5.294179916381836 3.6406948566436768
-1.7840464115142822 -5.26456880569458 3.584158182144165
-1.7458434104919434 -5.250228404998779 3.5570755004882812
-1.7185484170913696 -5.3304009437561035 3.6357297897338867
-1.6586480140686035 -5.3295745849609375 3.5909264087677
-1.6354339122772217 -5.256620407104492 3.5313539505004883
-1.577049970626831 -5.2615966796875 3.517615795135498
-1.5341651439666748 -5.382750511169434 3.6185173988342285
-1.509863257408142 -5.316298961639404 3.540733814239502
-1.4487428665161133 -5.390028476715088 3.572610378265381
-1.4081358909606934 -5.379961967468262 3.550908327102661
-1.382580280303955 -5.4406962394714355 3.5845885276794434
-1.27183997631073 -5.412808418273926 3.487891674041748
-1.2341628074645996 -5.385593414306641 3.4765465259552
-1.190283179283142 -5.431463241577148 3.504995584487915
-1.15337336063385 -5.500143051147461 3.5710437297821045
-1.1111369132995605 -5.506314277648926 3.553257942199707
-1.0560040473937988 -5.518122673034668 3.555201530456543
-0.9813355803489685 -5.524302959442139 3.486786127090454
-0.9595677256584167 -5.529280185699463 3.52825665473938
-0.8936755061149597 -5.5350823402404785 3.515065908432007
-0.8335379362106323 -5.56651496887207 3.4990336894989014
-0.7549561262130737 -5.592640399932861 3.4878902435302734
-0.6918662786483765 -5.620957374572754 3.5067496299743652
-0.6814889311790466 -5.571669578552246 3.4485347270965576
-0.598170816898346 -5.625144958496094 3.432628631591797
-0.5496666431427002 -5.675594806671143 3.4336938858032227
-0.5364243984222412 -5.709175109863281 3.495413064956665
-0.4903719425201416 -5.727011203765869 3.487671375274658
-0.4046555757522583 -5.824308395385742 3.528531789779663
-0.3806011378765106 -5.819224834442139 3.503710985183716
-0.34596580266952515 -5.838399887084961 3.4874062538146973
-0.30915120244026184 -5.885577201843262 3.506352186203003
-0.2175641506910324 -5.902460098266602 3.4314253330230713
-0.21429051458835602 -5.980586051940918 3.5464634895324707
-0.17230777442455292 -5.997838020324707 3.4884517192840576
-0.13807713985443115 -6.087101459503174 3.5671167373657227
-0.19233745336532593 -5.946764945983887 3.4726128578186035
-0.1150510236620903 -6.126153945922852 3.5445332527160645
-0.13645632565021515 -6.130002975463867 3.550384044647217
-0.030088063329458237 -6.200610160827637 3.465071439743042
-0.024988427758216858 -6.229609966278076 3.4727370738983154
-0.07043546438217163 -6.234432697296143 3.489600419998169
-0.09001713991165161 -6.212665557861328 3.465357542037964
-0.056673143059015274 -6.355097770690918 3.5463569164276123
0.010149143636226654 -6.330732345581055 3.4241044521331787
0.033408939838409424 -6.2914910316467285 3.3008453845977783
0.05786997824907303 -6.461608409881592 3.347959518432617
0.07140135765075684 -6.426001071929932 3.2476980686187744
0.0038691386580467224 -6.408459663391113 3.225571632385254
0.06870125234127045 -6.537147521972656 3.1800737380981445
0.046402785927057266 -6.567532062530518 3.1834161281585693
0.05324716866016388 -6.647891044616699 3.064744472503662
0.09522971510887146 -6.692312717437744 3.072296142578125
0.08471131324768066 -6.687471389770508 2.9489943981170654
0.030629713088274002 -6.649996280670166 2.941880702972412
0.03613817319273949 -6.754579067230225 2.939710855484009
0.04924244061112404 -6.849996566772461 2.953409433364868
0.05459929630160332 -6.800400257110596 2.787898302078247
0.0897870808839798 -6.799912452697754 2.7206084728240967
0.04861626401543617 -6.834273338317871 2.6963613033294678
0.08405274897813797 -6.868814945220947 2.7057559490203857
0.10849983990192413 -6.834464073181152 2.6079163551330566
0.07284026592969894 -6.794848918914795 2.676393508911133
0.046972088515758514 -6.82462739944458 2.701751232147217
0.05865538865327835 -6.8208909034729 2.7028732299804688
0.09918374568223953 -6.757471561431885 2.7651736736297607
0.07378893345594406 -6.749924182891846 2.7849416732788086
0.074102982878685 -6.683859348297119 2.735041618347168
0.1188063770532608 -6.668841361999512 2.8220112323760986
0.14062745869159698 -6.6599297523498535 2.840027093887329
0.10060848295688629 -6.589813709259033 2.872051477432251
0.14273522794246674 -6.518956661224365 2.880511522293091
0.15615743398666382 -6.5091872215271 2.98559832572937
0.16353735327720642 -6.465704441070557 3.038455009460449
0.14307966828346252 -6.414707183837891 3.0571067333221436
0.10465259850025177 -6.338161945343018 3.0779459476470947
0.12477011978626251 -6.323176860809326 3.195848226547241
0.15893587470054626 -6.285206317901611 3.236130475997925
0.10954370349645615 -6.21804141998291 3.229503870010376
0.11253786832094193 -6.17012882232666 3.260535478591919
0.13027411699295044 -6.252809047698975 3.316877603530884
0.05835026875138283 -6.171201705932617 3.357038974761963
0.08326635509729385 -6.177700519561768 3.3670148849487305
0.06242436170578003 -6.103664398193359 3.351369857788086
0.04658208414912224 -6.064397811889648 3.366062879562378
0.10460429638624191 -5.9999237060546875 3.254206418991089
0.07114304602146149 -6.044505596160889 3.3679089546203613
-0.0055597200989723206 -5.954003810882568 3.344592809677124
0.01912553608417511 -5.986286163330078 3.3798766136169434
0.009731050580739975 -5.921595096588135 3.3232362270355225
-0.03198270499706268 -5.867433547973633 3.318589210510254
-0.0006036534905433655 -5.885360240936279 3.3044919967651367
-0.041062645614147186 -5.811838150024414 3.2771949768066406
-0.027456894516944885 -5.781958103179932 3.2346458435058594
-0.044395849108695984 -5.756877422332764 3.2404000759124756
-0.10891009122133255 -5.751299858093262 3.2796974182128906
-0.05924060940742493 -5.780491352081299 3.2542762756347656
-0.14270837604999542 -5.687477111816406 3.235278367996216
-0.2037609964609146 -5.588034152984619 3.179584264755249
-0.2046499401330948 -5.659771919250488 3.2753310203552246
-0.2113548219203949 -5.628122329711914 3.2458882331848145
-0.338799387216568 -5.580648422241211 3.2740120887756348
-0.3735172748565674 -5.523815631866455 3.2075202465057373
-0.4232768714427948 -5.501240253448486 3.22062611579895
-0.49039751291275024 -5.437195301055908 3.2129316329956055
-0.522428035736084 -5.404930114746094 3.193305492401123
-0.5208748579025269 -5.349637031555176 3.1044669151306152
-0.5556825399398804 -5.4157795906066895 3.1939103603363037
-0.6632832288742065 -5.302557468414307 3.125635862350464
-0.7460560202598572 -5.305410385131836 3.1664321422576904
-0.7479826807975769 -5.342916488647461 3.2128517627716064
-0.7856787443161011 -5.363470077514648 3.261336088180542
-0.8743528127670288 -5.276755332946777 3.2178640365600586
-0.9285712242126465 -5.259504795074463 3.215186357498169
-0.9031785130500793 -5.258033275604248 3.1737236976623535
-0.9804690480232239 -5.252992630004883 3.200779438018799
-1.0207093954086304 -5.20208740234375 3.1684651374816895
-1.0486125946044922 -5.177513122558594 3.1277971267700195
-1.1270860433578491 -5.15000581741333 3.1643991470336914
-1.1176245212554932 -5.167619705200195 3.150928020477295
-1.182173490524292 -5.171891212463379 3.144127607345581
-1.250273585319519 -5.1397929191589355 3.170104503631592
-1.237301230430603 -5.195119380950928 3.1952173709869385
-1.3304126262664795 -5.133355617523193 3.1973626613616943
-1.3830623626708984 -5.074025630950928 3.1470861434936523
-1.0542399883270264 -0.6121259331703186 -2.3012943267822266
-1.431105375289917 -3.572500467300415 1.3995206356048584
-2.0294954776763916 -4.937289237976074 3.2766616344451904
-2.007396936416626 -5.075960636138916 3.4175519943237305
-2.0073161125183105 -5.034377098083496 3.358060359954834
-1.9918113946914673 -5.103714466094971 3.446563482284546
-1.9327521324157715 -5.133285045623779 3.438262939453125
-1.927675485610962 -5.1886305809021 3.509361505508423
-1.9096519947052002 -5.135457515716553 3.4517197608947754
-1.8387168645858765 -5.24484920501709 3.5352954864501953
-1.8476016521453857 -5.213101863861084 3.5409939289093018
-1.8292394876480103 -5.175732135772705 3.465290069580078
-1.7604544162750244 -5.222124099731445 3.5108180046081543
-1.7023377418518066 -5.279551982879639 3.547290802001953
-1.6669131517410278 -5.252380847930908 3.5014586448669434
-1.6117987632751465 -5.271938800811768 3.4809396266937256
-1.5968056917190552 -5.185042858123779 3.4336516857147217
-1.525107502937317 -5.221235752105713 3.4458587169647217
-1.4945217370986938 -5.330258846282959 3.5353822708129883
-1.468104362487793 -5.299650192260742 3.460857391357422
-1.3854105472564697 -5.365357398986816 3.501193046569824
-1.3528908491134644 -5.3482866287231445 3.4669718742370605
-1.2944226264953613 -5.380855083465576 3.4888651371002197
-1.212459921836853 -5.444065570831299 3.5042262077331543
-1.1522411108016968 -5.438652992248535 3.465108633041382
-1.1437251567840576 -5.440348148345947 3.485133647918701
-1.1010804176330566 -5.440393447875977 3.4456417560577393
-1.0245108604431152 -5.450760364532471 3.4464948177337646
-0.9844999313354492 -5.469473838806152 3.4721877574920654
-0.931611955165863 -5.535013198852539 3.5044872760772705
-0.869848906993866 -5.5061845779418945 3.4366631507873535
-0.8207018375396729 -5.49679708480835 3.402500629425049
-0.7538202404975891 -5.556618690490723 3.4277894496917725
-0.7405962944030762 -5.513247489929199 3.397115707397461
-0.6009594202041626 -5.65471887588501 3.473506212234497
-0.5608110427856445 -5.630290985107422 3.4172024726867676
-0.5287732481956482 -5.672459602355957 3.4519290924072266
-0.5024144649505615 -5.667816638946533 3.435131311416626
-0.451088547706604 -5.748431205749512 3.4918503761291504
-0.41322335600852966 -5.720346450805664 3.4143729209899902
-0.3729756772518158 -5.763022422790527 3.4464478492736816
-0.3086543083190918 -5.816612243652344 3.445772647857666
-0.291593074798584 -5.857804775238037 3.4810140132904053
-0.2671637535095215 -5.856978416442871 3.4680442810058594
-0.19470135867595673 -5.909051895141602 3.4297266006469727
-0.16191907227039337 -5.9897565841674805 3.499433994293213
-0.1164686530828476 -6.01505184173584 3.4583535194396973
-0.11127503216266632 -6.0476460456848145 3.484947919845581
-0.18795426189899445 -5.943660736083984 3.4779670238494873
-0.12394003570079803 -6.083840847015381 3.5307207107543945
-0.09001116454601288 -6.1120734214782715 3.485848903656006
0.019667454063892365 -6.2310471534729 3.4507675170898438
-0.015957213938236237 -6.164525985717773 3.3975696563720703
-0.018736835569143295 -6.1600661277771 3.3603014945983887
-0.01695987582206726 -6.198821067810059 3.3623785972595215
1.6067177057266235e-5 -6.237307548522949 3.348026990890503
0.07663843035697937 -6.247281074523926 3.2536263465881348
0.056001514196395874 -6.15368127822876 3.140728235244751
-0.29145675897598267 -3.038630723953247 0.46995386481285095
-1.5099176168441772 -0.7479609847068787 -2.9091358184814453
-1.3222997188568115 -0.10422033816576004 -3.725304365158081
-1.7628992795944214 -0.4637390971183777 -3.9517822265625
-1.7032877206802368 -0.8653891682624817 -3.470984935760498
-1.5683953762054443 -0.8828162550926208 -4.088248252868652
-1.3742741346359253 -0.18180161714553833 -3.703289031982422
-0.43494659662246704 -2.6386830806732178 -1.9472910165786743
0.3139815628528595 -4.4831061363220215 0.5773047804832458
0.10028120130300522 -5.057523727416992 0.4161255955696106
0.08758462965488434 -6.307178497314453 2.2718844413757324
0.09853871911764145 -6.768223285675049 2.6545114517211914
0.10634702444076538 -6.760620594024658 2.543147563934326
0.023114118725061417 -6.776834964752197 2.6257481575012207
0.08630450069904327 -6.8202924728393555 2.6511635780334473
0.09528565406799316 -6.866922855377197 2.5924060344696045
0.09137019515037537 -6.769082546234131 2.578659772872925
0.13592107594013214 -6.831921577453613 2.497851610183716
0.14108948409557343 -6.776096820831299 2.5046162605285645
0.1164482906460762 -6.740478038787842 2.6048543453216553
0.12946408987045288 -6.657013416290283 2.5864806175231934
0.08306004106998444 -6.672825813293457 2.537747383117676
0.13861998915672302 -6.622542858123779 2.7268571853637695
0.19162386655807495 -6.548766136169434 2.645925998687744
0.17818687856197357 -6.492205619812012 2.73856782913208
0.23046395182609558 -6.503911972045898 2.7478132247924805
0.20493954420089722 -6.417978763580322 2.815209150314331
0.1840333789587021 -6.3961591720581055 2.839480400085449
0.22626473009586334 -6.434041976928711 2.924802780151367
0.16863860189914703 -6.334266185760498 3.005774974822998
0.14654691517353058 -6.392162799835205 3.217555046081543
0.24787987768650055 -6.320237159729004 3.1575331687927246
0.2352582812309265 -6.215125560760498 3.1035537719726562
0.17884571850299835 -6.191289901733398 3.1952311992645264
0.16522717475891113 -6.206301689147949 3.241766929626465
0.16762307286262512 -6.189297676086426 3.237513303756714
0.2023552507162094 -6.157756328582764 3.235283851623535
0.11980514228343964 -6.120579242706299 3.2922918796539307
0.0844905748963356 -6.026628017425537 3.2918336391448975
0.06729265302419662 -5.9670491218566895 3.2608864307403564
0.10141673684120178 -6.007230281829834 3.2840535640716553
0.05943930521607399 -5.975958347320557 3.298816442489624
-0.020209401845932007 -5.982471942901611 3.4340624809265137
0.03903622925281525 -5.963554859161377 3.3179454803466797
-0.04060240834951401 -5.8543806076049805 3.3372421264648438
-0.012424148619174957 -5.8036088943481445 3.2351346015930176
0.0011728666722774506 -5.823919296264648 3.2602574825286865
-0.0338824987411499 -5.765710830688477 3.2283012866973877
-0.051954708993434906 -5.752693176269531 3.219799280166626
-0.08668598532676697 -5.682122230529785 3.193258285522461
-0.07148013263940811 -5.719786167144775 3.2161898612976074
-0.16725760698318481 -5.618712902069092 3.1780760288238525
-0.20082831382751465 -5.617485523223877 3.2145376205444336
-0.2412400245666504 -5.604567050933838 3.230224132537842
-0.2726248502731323 -5.603138446807861 3.2539031505584717
-0.3177321255207062 -5.558436393737793 3.2253096103668213
-0.3437023162841797 -5.504122257232666 3.1878774166107178
-0.38151323795318604 -5.491987228393555 3.209257125854492
-0.42793095111846924 -5.446868419647217 3.1720893383026123
-0.48271748423576355 -5.375280380249023 3.1162476539611816
-0.49875521659851074 -5.3810224533081055 3.1511268615722656
-0.5557623505592346 -5.350980281829834 3.122431516647339
-0.660258948802948 -5.2968621253967285 3.1190028190612793
-0.6871328949928284 -5.3516740798950195 3.1846446990966797
-0.7484030723571777 -5.269140720367432 3.1251230239868164
-0.8039960265159607 -5.295345306396484 3.203944683074951
-0.8788743019104004 -5.27910852432251 3.2234201431274414
-0.9236189723014832 -5.242735385894775 3.2021164894104004
-0.9409626722335815 -5.217077732086182 3.169147491455078
-0.9902225136756897 -5.197559833526611 3.1593964099884033
-0.9923497438430786 -5.193608283996582 3.152200222015381
-1.0579967498779297 -5.2428436279296875 3.1972146034240723
-1.1418713331222534 -5.16917610168457 3.1854617595672607
-1.1736650466918945 -5.138433456420898 3.1450188159942627
-1.2060110569000244 -5.175367832183838 3.174576759338379
-1.2668540477752686 -5.160339832305908 3.186269760131836
-1.3268917798995972 -5.1539306640625 3.235482692718506
-1.3710923194885254 -5.111198425292969 3.1996889114379883
-1.4154460430145264 -5.007839202880859 3.1036205291748047
-2.154677152633667 -5.069334506988525 3.3925700187683105
-2.126770496368408 -5.112065315246582 3.444819927215576
-2.1110520362854004 -5.032917499542236 3.3870511054992676
-2.051907777786255 -5.136563777923584 3.4720818996429443
-2.045042037963867 -5.134032249450684 3.4821596145629883
-1.9906117916107178 -5.172538757324219 3.5086779594421387
-1.9524357318878174 -5.228038311004639 3.5557568073272705
-1.9388556480407715 -5.197561264038086 3.5013022422790527
-1.9019743204116821 -5.199319362640381 3.504180908203125
-1.8424454927444458 -5.241190433502197 3.532224655151367
-1.8222748041152954 -5.203239440917969 3.4887099266052246
-1.810828447341919 -5.19471549987793 3.495035409927368
-1.7051126956939697 -5.294731140136719 3.543992519378662
-1.6943943500518799 -5.259974956512451 3.5297012329101562
-1.6385575532913208 -5.203125 3.433007001876831
-1.5465633869171143 -5.273920059204102 3.462475538253784
-1.5366443395614624 -5.222628116607666 3.4178073406219482
-1.486462950706482 -5.2237114906311035 3.4273483753204346
-1.454498052597046 -5.291254997253418 3.473119020462036
-1.380238652229309 -5.326219081878662 3.4335873126983643
-1.329830527305603 -5.354152679443359 3.4517910480499268
-1.3177673816680908 -5.4006547927856445 3.515458345413208
-1.3123688697814941 -5.367193698883057 3.5077292919158936
-1.1791760921478271 -5.400835990905762 3.443920135498047
-1.1045368909835815 -5.387585639953613 3.3870468139648438
-1.0527753829956055 -5.3984246253967285 3.415630340576172
-1.0062540769577026 -5.4361419677734375 3.4307236671447754
-0.9638383984565735 -5.434388637542725 3.4099278450012207
-0.8515035510063171 -5.463117599487305 3.357672929763794
-0.8485825061798096 -5.497848987579346 3.4221689701080322
-0.7673225402832031 -5.479334354400635 3.3559248447418213
-0.7124407887458801 -5.5552849769592285 3.406935691833496
-0.671325147151947 -5.523276329040527 3.3417270183563232
-0.6101729273796082 -5.544243812561035 3.3633129596710205
-0.49429404735565186 -5.620169162750244 3.344743013381958
-0.4939824342727661 -5.637634754180908 3.375298261642456
-0.46774396300315857 -5.644772529602051 3.376469373703003
-0.43383076786994934 -5.689780235290527 3.4064998626708984
-0.3662225008010864 -5.753935813903809 3.4382340908050537
-0.3471626043319702 -5.75694465637207 3.39507794380188
-0.2867414951324463 -5.833849906921387 3.4475250244140625
-0.2398839294910431 -5.817420482635498 3.3793768882751465
-0.22025462985038757 -5.9066619873046875 3.4648020267486572
-0.2642494738101959 -5.915234088897705 3.5273241996765137
-0.18172231316566467 -5.913971900939941 3.4484899044036865
-0.12540720403194427 -5.91099214553833 3.3871405124664307
-0.10986042022705078 -6.013525485992432 3.463805913925171
-0.08253071457147598 -6.0392913818359375 3.435849905014038
-0.1447344720363617 -5.912367343902588 3.4069013595581055
-0.04678285866975784 -6.132291793823242 3.5045924186706543
-0.030715040862560272 -6.091043472290039 3.3778042793273926
0.03331767022609711 -6.178763389587402 3.3645005226135254
0.009624890983104706 -6.191239833831787 3.354123592376709
0.026577401906251907 -6.258188247680664 3.393453598022461
-0.0007366091012954712 -6.21298885345459 3.3192360401153564
0.05766921862959862 -6.3192219734191895 3.3517813682556152
0.08805513381958008 -6.336732387542725 3.272277593612671
0.08545312285423279 -6.327751159667969 3.2138242721557617
0.11382348835468292 -6.443508148193359 3.116649627685547
0.09031400084495544 -6.471017837524414 3.1140055656433105
0.08179741352796555 -6.448528289794922 3.0750088691711426
0.07160604000091553 -6.5062384605407715 3.0995776653289795
0.11572794616222382 -6.5736165046691895 2.9850313663482666
0.09072819352149963 -6.620075702667236 2.913494825363159
0.07751056551933289 -6.620952129364014 2.9199938774108887
0.07698431611061096 -6.656539440155029 2.878993511199951
0.07248935103416443 -6.68494987487793 2.8191423416137695
0.08201362192630768 -6.737946510314941 2.7290499210357666
0.0686722844839096 -6.776588439941406 2.6397688388824463
0.108872190117836 -6.852743148803711 2.5931875705718994
0.12677109241485596 -6.806102752685547 2.4789881706237793
0.08862484991550446 -6.827296733856201 2.4571118354797363
0.15872447192668915 -6.844998836517334 2.45798921585083
0.10251843929290771 -6.818139553070068 2.4770662784576416
0.06771042943000793 -6.79788064956665 2.5414156913757324
0.09819050133228302 -6.796250343322754 2.489523410797119
0.10345189273357391 -6.80096960067749 2.498976945877075
0.11922180652618408 -6.764801025390625 2.594092607498169
0.10290120542049408 -6.681983470916748 2.5562820434570312
0.1317995935678482 -6.635955810546875 2.452482223510742
0.17060410976409912 -6.621925354003906 2.524527072906494
0.19566799700260162 -6.615786075592041 2.6098835468292236
0.17468835413455963 -6.435108661651611 2.5856680870056152
0.19818754494190216 -6.18574857711792 2.320524215698242
0.4585965573787689 -4.846386909484863 0.6455651521682739
0.42897072434425354 -4.226115703582764 0.2530369162559509
0.3870536684989929 -5.261496543884277 1.5936301946640015
0.18074215948581696 -6.155012130737305 2.7842066287994385
0.2363511174917221 -6.334781646728516 2.970282793045044
0.2496129274368286 -6.282350063323975 2.9669909477233887
0.2286309450864792 -6.251694202423096 3.075601100921631
0.1262877881526947 -6.1186957359313965 3.161250114440918
0.2251836359500885 -6.215035438537598 3.1473844051361084
0.1882932186126709 -6.154252529144287 3.1906940937042236
0.23307214677333832 -6.129466533660889 3.140310525894165
0.18812312185764313 -6.081571102142334 3.1826694011688232
0.10909053683280945 -6.049063205718994 3.313915967941284
0.15858624875545502 -5.998046398162842 3.2049474716186523
0.1789095103740692 -6.014235973358154 3.190134286880493
0.12278497219085693 -6.014218330383301 3.2579329013824463
0.11070075631141663 -5.961594581604004 3.2695977687835693
0.14776358008384705 -5.904333114624023 3.13849139213562
0.055127158761024475 -5.846603870391846 3.221972942352295
-0.02321125566959381 -5.8110480308532715 3.268787384033203
-0.05017624795436859 -5.783001899719238 3.2739474773406982
-0.06204714626073837 -5.6888041496276855 3.167381525039673
-0.024290934205055237 -5.776952266693115 3.218947410583496
-0.10483936220407486 -5.7317094802856445 3.246626615524292
-0.0933593139052391 -5.731963634490967 3.2570483684539795
-0.15629106760025024 -5.6749653816223145 3.2554521560668945
-0.1897767186164856 -5.584199905395508 3.1450717449188232
-0.21763545274734497 -5.614306449890137 3.2251148223876953
-0.2346276342868805 -5.5971784591674805 3.2218563556671143
-0.34909588098526 -5.476828098297119 3.1611950397491455
-0.32194167375564575 -5.498730182647705 3.158705472946167
-0.4440162777900696 -5.4694342613220215 3.21549129486084
-0.42060351371765137 -5.435853958129883 3.1452460289001465
-0.5437054634094238 -5.389742851257324 3.1814870834350586
-0.5576066970825195 -5.392252445220947 3.1935179233551025
-0.5699177384376526 -5.399914264678955 3.1904070377349854
-0.6510997414588928 -5.30228853225708 3.127354145050049
-0.6982389688491821 -5.428905963897705 3.2868716716766357
-0.7332124710083008 -5.326742649078369 3.1809544563293457
-0.8193268179893494 -5.303196907043457 3.1984915733337402
-0.8698548674583435 -5.317657470703125 3.247620105743408
-0.9374629259109497 -5.294348239898682 3.244678497314453
-0.9506195783615112 -5.2749738693237305 3.2283072471618652
-0.9844313263893127 -5.198361873626709 3.1584982872009277
-0.9732535481452942 -5.2500104904174805 3.167694568634033
-1.0975333452224731 -5.160610675811768 3.1365110874176025
-1.143734335899353 -5.1632890701293945 3.1736459732055664
-1.1575746536254883 -5.132295608520508 3.125319242477417
-1.2237271070480347 -5.210176467895508 3.2435035705566406
-1.2593328952789307 -5.130310535430908 3.1569509506225586
-1.2933753728866577 -5.2062788009643555 3.2410902976989746
-1.3472713232040405 -5.1227498054504395 3.1709115505218506
-1.4051501750946045 -5.069634914398193 3.18399715423584
-2.106933116912842 -5.040460586547852 3.3416762351989746
-2.104640245437622 -5.072428226470947 3.3940412998199463
-2.0681405067443848 -5.001745700836182 3.3161346912384033
-2.032186508178711 -5.11799955368042 3.4321773052215576
-1.998672604560852 -5.086249351501465 3.397541046142578
-1.9628862142562866 -5.135730266571045 3.445054054260254
-1.893701434135437 -5.224646091461182 3.5181491374969482
-1.9190220832824707 -5.15950345993042 3.482809543609619
-1.8407062292099 -5.155124187469482 3.4262545108795166
-1.7990080118179321 -5.155989646911621 3.4115326404571533
-1.7739020586013794 -5.171202659606934 3.448721170425415
-1.736426591873169 -5.184647083282471 3.4177541732788086
-1.680679202079773 -5.281224727630615 3.5325772762298584
-1.6510810852050781 -5.266321182250977 3.504972219467163
-1.629450798034668 -5.246301651000977 3.476038932800293
-1.5431631803512573 -5.266021728515625 3.4465367794036865
-1.516187071800232 -5.199430465698242 3.384477138519287
-1.4703997373580933 -5.231252193450928 3.4336588382720947
-1.4188941717147827 -5.323435306549072 3.483325719833374
-1.3660286664962769 -5.244499683380127 3.371109962463379
-1.2971733808517456 -5.328709125518799 3.416421413421631
-1.2599093914031982 -5.327369213104248 3.4010298252105713
-1.2176053524017334 -5.3579206466674805 3.4333584308624268
-1.1215332746505737 -5.443005084991455 3.437983989715576
-1.0337605476379395 -5.390248775482178 3.3622729778289795
-1.050349473953247 -5.358127117156982 3.3745248317718506
-0.9678376317024231 -5.450088977813721 3.4265260696411133
-0.9210180640220642 -5.4371819496154785 3.4069666862487793
-0.8632922768592834 -5.463993072509766 3.4012515544891357
-0.7341325283050537 -5.496965408325195 3.3304896354675293
-0.7192814946174622 -5.4681830406188965 3.3075790405273438
-0.7051981091499329 -5.514665603637695 3.3748884201049805
-0.6658056974411011 -5.507624626159668 3.335806369781494
-0.6254794597625732 -5.544530391693115 3.3530969619750977
-0.5182472467422485 -5.536589622497559 3.259549140930176
-0.4755862057209015 -5.665946960449219 3.402550220489502
-0.46251562237739563 -5.69459867477417 3.4067299365997314
-0.47208353877067566 -5.637457847595215 3.3668055534362793
-0.38236740231513977 -5.786556243896484 3.4656620025634766
-0.3518304228782654 -5.720059394836426 3.3582468032836914
-0.2909454107284546 -5.811375141143799 3.415696620941162
-0.21749117970466614 -5.8737711906433105 3.4127378463745117
-0.20781826972961426 -5.889986991882324 3.425170421600342
-0.23155519366264343 -5.933838844299316 3.5230209827423096
-0.14573301374912262 -5.945247650146484 3.4391348361968994
-0.07898374646902084 -6.0291242599487305 3.4540135860443115
-0.08062036335468292 -6.016019344329834 3.4183924198150635
-0.04217122867703438 -6.056325435638428 3.4062695503234863
-0.09673801064491272 -5.945089340209961 3.370608329772949
-0.035847194492816925 -6.16404390335083 3.5097267627716064
0.004807673394680023 -6.183579921722412 3.392918109893799
0.08431821316480637 -6.200944423675537 3.2756335735321045
0.08861234784126282 -6.205085754394531 3.2787842750549316
0.08168256282806396 -6.23442268371582 3.2807259559631348
0.09757450222969055 -6.252570629119873 3.1888883113861084
0.09901817888021469 -6.337162017822266 3.218975305557251
0.15418922901153564 -6.379824161529541 3.0851263999938965
0.16315695643424988 -6.415307521820068 3.032188653945923
0.16920062899589539 -6.480998992919922 2.937079668045044
0.14645126461982727 -6.545327186584473 2.9314684867858887
0.17529617249965668 -6.586136817932129 2.886587619781494
0.15282493829727173 -6.579158782958984 2.7702481746673584
0.14302070438861847 -6.559502124786377 2.7256531715393066
0.13972218334674835 -6.738995552062988 2.705333709716797
0.13928638398647308 -6.7112860679626465 2.6991989612579346
0.1352669596672058 -6.724824905395508 2.60556960105896
0.11372143030166626 -6.748138427734375 2.5974957942962646
0.1178639605641365 -6.749444484710693 2.4873766899108887
0.10599740594625473 -6.783837795257568 2.444056749343872
0.09448277950286865 -6.8478899002075195 2.4639716148376465
0.10896700620651245 -6.807262420654297 2.3522698879241943
0.08736100792884827 -6.795334815979004 2.2802231311798096
0.15000568330287933 -6.8501200675964355 2.2798619270324707
0.17256805300712585 -6.810260772705078 2.142530679702759
0.15115980803966522 -6.782038688659668 2.281219959259033
0.14869025349617004 -6.845273494720459 2.3104240894317627
0.12132427096366882 -6.760858535766602 2.2733118534088135
0.10693126171827316 -6.712578296661377 2.4021589756011963
0.11945421993732452 -6.724453449249268 2.5202760696411133
0.12799741327762604 -6.673633098602295 2.4849748611450195
0.1009763777256012 -6.6584320068359375 2.6261889934539795
0.18206411600112915 -6.663178443908691 2.6349594593048096
0.19476473331451416 -6.617410182952881 2.670757293701172
0.21700891852378845 -6.633975982666016 2.695161819458008
0.23198390007019043 -6.516701698303223 2.687638998031616
0.24944821000099182 -6.545779228210449 2.77744197845459
0.21557022631168365 -6.47309684753418 2.757894992828369
0.31563782691955566 -6.410058498382568 2.7286593914031982
0.22580769658088684 -6.361647605895996 2.91941237449646
0.2475159615278244 -6.337937355041504 2.990453004837036
0.21014297008514404 -6.28637170791626 3.089744806289673
0.19262585043907166 -6.224730491638184 3.1091175079345703
0.24703070521354675 -6.205840587615967 3.0683753490448
0.2433970868587494 -6.106575965881348 3.083233594894409
0.22421333193778992 -6.156342506408691 3.183807373046875
0.19050082564353943 -6.118034362792969 3.198882818222046
0.11462435126304626 -6.02329158782959 3.221264362335205
0.16258585453033447 -5.897921085357666 3.077014446258545
0.1842830628156662 -5.909652233123779 3.095012664794922
0.14472448825836182 -5.9399495124816895 3.184194564819336
0.11617867648601532 -5.953553676605225 3.239954948425293
0.15213966369628906 -5.94642972946167 3.1910295486450195
0.056339044123888016 -5.8929924964904785 3.265509843826294
0.05622973293066025 -5.817395210266113 3.1887593269348145
0.03277583420276642 -5.796241760253906 3.207071304321289
-0.006532393395900726 -5.747164249420166 3.2026867866516113
-0.02562357485294342 -5.693770885467529 3.163194179534912
-0.05032941699028015 -5.701101303100586 3.1911492347717285
-0.07062965631484985 -5.624147415161133 3.1166512966156006
-0.17841282486915588 -5.541792392730713 3.1181368827819824
-0.2079528272151947 -5.5358381271362305 3.1444313526153564
-0.28646624088287354 -5.4542717933654785 3.124945878982544
-0.2739368677139282 -5.49120569229126 3.1491334438323975
-0.31642070412635803 -5.477477550506592 3.1335737705230713
-0.4253421723842621 -5.313596725463867 3.02371883392334
-0.5058223605155945 -5.2465362548828125 3.0225071907043457
-0.43903207778930664 -4.633819580078125 2.4235405921936035
-0.053754083812236786 -2.656935214996338 0.5258340239524841
0.26522570848464966 -1.7296357154846191 -0.41193631291389465
-0.5118448138237 -3.859448194503784 1.8152281045913696
-0.4390476644039154 -4.867023468017578 2.5664303302764893
-0.7563093304634094 -5.1611433029174805 3.062070846557617
-0.7584384083747864 -5.225617408752441 3.1117446422576904
-0.7835302352905273 -5.259683609008789 3.1474483013153076
-0.8926274180412292 -5.173625469207764 3.1136257648468018
-0.8821046352386475 -5.242217063903809 3.1533260345458984
-0.932849645614624 -5.22371244430542 3.1573586463928223
-0.9686235189437866 -5.206658840179443 3.1837449073791504
-0.9988398551940918 -5.1796770095825195 3.1278648376464844
-1.0610867738723755 -5.200814723968506 3.179163932800293
-1.1235098838806152 -5.151742935180664 3.16534686088562
-1.1172808408737183 -5.177467346191406 3.161327838897705
-1.157025933265686 -5.173297882080078 3.1410791873931885
-1.2086948156356812 -5.169551372528076 3.1843669414520264
-1.2713418006896973 -5.1155853271484375 3.1484129428863525
-1.300155758857727 -5.144340515136719 3.1945340633392334
-1.4026082754135132 -5.070815086364746 3.167262315750122
-2.1384596824645996 -4.998538494110107 3.2818009853363037
-2.1461331844329834 -4.98213529586792 3.2815732955932617
-2.0794613361358643 -4.9477128982543945 3.2796967029571533
-1.980468988418579 -5.109761714935303 3.393265724182129
-1.9778738021850586 -5.040342807769775 3.3249149322509766
-1.9116504192352295 -5.15624475479126 3.4428293704986572
-1.863601803779602 -5.123175144195557 3.3895204067230225
-1.8162885904312134 -5.19149112701416 3.4604735374450684
-1.7752768993377686 -5.136616230010986 3.380439281463623
-1.6852720975875854 -5.207683086395264 3.42659592628479
-1.6975033283233643 -5.1811981201171875 3.45017671585083
-1.6934895515441895 -5.176973342895508 3.420823812484741
-1.5980761051177979 -5.238264083862305 3.427273988723755
-1.5913883447647095 -5.221214294433594 3.4180846214294434
-1.5528007745742798 -5.19338321685791 3.404369354248047
-1.4684679508209229 -5.152151584625244 3.303067684173584
-1.4317853450775146 -5.160189151763916 3.306313991546631
-1.3943533897399902 -5.157459259033203 3.2904014587402344
-1.368873953819275 -5.289224624633789 3.4187872409820557
-1.3545459508895874 -5.259212493896484 3.399689197540283
-1.2492437362670898 -5.294134140014648 3.3522448539733887
-1.215831995010376 -5.301607608795166 3.372955560684204
-1.1715213060379028 -5.251799583435059 3.285395383834839
-1.0537946224212646 -5.365741729736328 3.323397636413574
-1.0211342573165894 -5.324521541595459 3.318671941757202
-1.003092885017395 -5.429573059082031 3.4098989963531494
-0.9398553967475891 -5.469031810760498 3.436062812805176
-0.9261780977249146 -5.375237941741943 3.33419132232666
-0.8374816179275513 -5.4334893226623535 3.3749115467071533
-0.7597522735595703 -5.495815277099609 3.367351531982422
-0.6988053917884827 -5.483194828033447 3.319430351257324
-0.6449099183082581 -5.501625061035156 3.3300344944000244
-0.586637556552887 -5.540345191955566 3.3199048042297363
-0.5579973459243774 -5.526991844177246 3.3055806159973145
-0.4440268874168396 -5.593444347381592 3.307112693786621
-0.4316610097885132 -5.607537269592285 3.33463191986084
-0.38362061977386475 -5.642705917358398 3.320704936981201
-0.32803604006767273 -5.728810787200928 3.3483476638793945
-0.30266332626342773 -5.78240966796875 3.393562078475952
-0.2500914931297302 -5.766216278076172 3.3279812335968018
-0.17289544641971588 -5.82755708694458 3.3226699829101562
-0.2232976108789444 -5.844219207763672 3.4081039428710938
-0.18435293436050415 -5.883241653442383 3.4189891815185547
-0.178813174366951 -5.920250415802002 3.4460747241973877
-0.11021093279123306 -5.93368673324585 3.372239828109741
-0.09037141501903534 -5.957300662994385 3.385145425796509
-0.08363668620586395 -6.095648288726807 3.51590633392334
-0.03679093345999718 -6.03745698928833 3.3780455589294434
-0.09113530814647675 -6.003697872161865 3.4206342697143555
-0.009151462465524673 -6.130812644958496 3.435544013977051
0.03180824592709541 -6.106504440307617 3.298326253890991
0.11730176210403442 -6.2405829429626465 3.303422212600708
0.12057315558195114 -6.215254306793213 3.246563673019409
0.13293832540512085 -6.225617408752441 3.2021424770355225
0.11731568723917007 -6.292845726013184 3.1848158836364746
0.06765475124120712 -6.364653587341309 3.2822577953338623
0.0988868772983551 -6.351570129394531 3.1060869693756104
0.10072784870862961 -6.412683486938477 3.1013777256011963
0.1444888412952423 -6.450052738189697 2.9438347816467285
0.1643999218940735 -6.512877941131592 2.8904776573181152
0.19889555871486664 -6.551266670227051 2.814110517501831
0.12402106821537018 -6.576941967010498 2.7996535301208496
0.1420600265264511 -6.61136531829834 2.7838447093963623
0.11656308174133301 -6.677494525909424 2.6715738773345947
0.09695598483085632 -6.640991687774658 2.6289496421813965
0.11183573305606842 -6.726078987121582 2.5461769104003906
0.11364485323429108 -6.819236755371094 2.613654613494873
0.12240538001060486 -6.7862162590026855 2.4779114723205566
0.067566879093647 -6.84205961227417 2.5021228790283203
0.20633548498153687 -6.868593215942383 2.3060882091522217
0.13042879104614258 -6.843404293060303 2.3211052417755127
0.06500884890556335 -6.847914695739746 2.4093432426452637
0.07877951860427856 -6.848951816558838 2.4060471057891846
0.08934125304222107 -6.8364739418029785 2.353142023086548
0.09835784137248993 -6.822941303253174 2.433619737625122
0.12303473055362701 -6.843366622924805 2.3679254055023193
0.11571766436100006 -6.78267765045166 2.279350757598877
0.11735539138317108 -6.75860071182251 2.414893388748169
0.07813072204589844 -6.679325103759766 2.4221115112304688
0.11979341506958008 -6.705295562744141 2.4215197563171387
0.14006797969341278 -6.715652942657471 2.552407741546631
0.191718190908432 -6.685790538787842 2.5323455333709717
0.1298028826713562 -6.587213516235352 2.7040040493011475
0.17353036999702454 -6.596866130828857 2.7231192588806152
0.17145991325378418 -6.494579315185547 2.7633237838745117
0.1967553198337555 -6.456977844238281 2.7890005111694336
0.17120669782161713 -6.481689453125 2.8705320358276367
0.22822332382202148 -6.350982189178467 2.7700531482696533
0.19580966234207153 -6.388298988342285 2.9150137901306152
0.2225940227508545 -6.318739414215088 2.963019609451294
0.2150353491306305 -6.244998455047607 2.9872589111328125
0.1773500144481659 -6.191969394683838 3.0379068851470947
0.23251274228096008 -6.277434825897217 3.115584373474121
0.21802732348442078 -6.2015156745910645 3.140793561935425
0.30183491110801697 -6.170222759246826 3.0858118534088135
0.23230326175689697 -6.1578593254089355 3.1834681034088135
0.1861095130443573 -6.066633224487305 3.2044880390167236
0.17401859164237976 -6.034652233123779 3.2045273780822754
0.16822025179862976 -5.9991888999938965 3.1947970390319824
0.11770813167095184 -5.961483478546143 3.221315622329712
0.12076625227928162 -5.99934720993042 3.2869415283203125
0.1409997045993805 -5.905387878417969 3.1595616340637207
0.08992179483175278 -5.858368873596191 3.1795578002929688
0.06173848360776901 -5.794469356536865 3.177715539932251
0.022094592452049255 -5.764952182769775 3.1896893978118896
0.042165178805589676 -5.783753395080566 3.2166898250579834
0.023185335099697113 -5.729527473449707 3.173656940460205
0.05868525803089142 -5.686622619628906 3.0593557357788086
0.010106194764375687 -5.610162734985352 3.044508934020996
-0.04856742173433304 -5.554510116577148 3.06264328956604
-0.10435208678245544 -5.519360542297363 3.058380126953125
-0.15389294922351837 -5.487828731536865 3.0648834705352783
-0.1391458809375763 -5.41427755355835 2.9847488403320312
-0.2235848605632782 -5.383394241333008 3.0054006576538086
-0.24146440625190735 -5.324972629547119 2.924197196960449
-0.3275047540664673 -5.288034439086914 2.961123466491699
-0.33837926387786865 -5.226490020751953 2.905374050140381
-0.39425578713417053 -5.143727779388428 2.851680040359497
-0.40770599246025085 -4.933345794677734 2.6572225093841553
-0.06843250244855881 -4.298318862915039 1.8189725875854492
1.1692923307418823 -2.528045415878296 -0.41352957487106323
-1.3897334337234497 -0.9764416813850403 -11.107420921325684
-0.9182858467102051 0.023246966302394867 -7.633119106292725
-0.6226692199707031 0.4996708631515503 -5.445388317108154
-0.4783434569835663 -1.1952052116394043 -0.4118056893348694
0.09284873306751251 -2.2101802825927734 0.04195520281791687
0.017193622887134552 -2.106950521469116 0.11012998223304749
-0.5126850008964539 -0.8270778656005859 -0.7991747856140137
-0.932908296585083 0.6143216490745544 -4.543026924133301
-0.8317748308181763 0.0641459971666336 -7.010385036468506
-0.9711217880249023 0.15864545106887817 -5.1668853759765625
0.6825301051139832 -3.147272825241089 -1.319589376449585
-1.1425681114196777 -4.909579753875732 2.9022107124328613
-1.163233995437622 -5.0190277099609375 3.0154314041137695
-1.2615642547607422 -5.008080959320068 3.031177043914795
-1.3171693086624146 -4.969050407409668 3.038187265396118
-1.3694939613342285 -4.938962936401367 3.016221523284912
-1.972692608833313 -4.979902744293213 3.2453086376190186
-1.9724085330963135 -5.015625 3.280409336090088
-1.965516448020935 -4.925351619720459 3.2136478424072266
-1.9206433296203613 -5.102022647857666 3.365217685699463
-1.9109342098236084 -5.025208950042725 3.314830780029297
-1.7998377084732056 -5.09683895111084 3.33618426322937
-1.714780569076538 -5.032458782196045 3.243521213531494
-1.6700338125228882 -5.079084396362305 3.2803518772125244
-1.7377703189849854 -5.085478782653809 3.3291444778442383
-1.6958048343658447 -5.089405536651611 3.3041515350341797
-1.67093026638031 -5.140504360198975 3.3606202602386475
-1.6223444938659668 -5.117684841156006 3.3156416416168213
-1.5318366289138794 -5.174540996551514 3.3467729091644287
-1.492217779159546 -5.1271162033081055 3.2680764198303223
-1.4703563451766968 -5.122941970825195 3.262166976928711
-1.4129619598388672 -5.120471000671387 3.2564167976379395
-1.3331596851348877 -5.089877128601074 3.188629627227783
-1.275162696838379 -5.119302749633789 3.1933021545410156
-1.2276973724365234 -5.263672828674316 3.3067853450775146
-1.23419988155365 -5.22882080078125 3.2893271446228027
-1.1802953481674194 -5.262137413024902 3.309192180633545
-1.143467903137207 -5.291389465332031 3.309295892715454
-1.1062417030334473 -5.332494735717773 3.348973035812378
-1.00310218334198 -5.400211334228516 3.3701589107513428
-0.9329332709312439 -5.389864921569824 3.3247005939483643
-0.9025997519493103 -5.384428977966309 3.32708477973938
-0.8241315484046936 -5.470705509185791 3.3856494426727295
-0.8597939014434814 -5.41177225112915 3.3533871173858643
-0.7446579933166504 -5.4624738693237305 3.3419148921966553
-0.7115234136581421 -5.478084564208984 3.3367297649383545
-0.6909657120704651 -5.484127998352051 3.3654704093933105
-0.628251314163208 -5.50322151184082 3.3266592025756836
-0.6092211604118347 -5.507989406585693 3.290782928466797
-0.5575032234191895 -5.5539655685424805 3.3522603511810303
-0.42731359601020813 -5.647961139678955 3.371485471725464
-0.4214729070663452 -5.655186653137207 3.3543379306793213
-0.36089372634887695 -5.698944568634033 3.375387191772461
-0.34330838918685913 -5.688493251800537 3.336665630340576
-0.30110466480255127 -5.780492305755615 3.4293289184570312
-0.2580532431602478 -5.794875144958496 3.3738393783569336
-0.24961240589618683 -5.740410804748535 3.3070333003997803
-0.16628214716911316 -5.89716100692749 3.415844440460205
-0.14109870791435242 -5.902200222015381 3.358466386795044
-0.17806953191757202 -5.945788860321045 3.507023811340332
-0.12855978310108185 -5.9216156005859375 3.398022413253784
-0.07864789664745331 -5.958118915557861 3.370547294616699
-0.06561941653490067 -6.076482772827148 3.466362476348877
-0.053648874163627625 -6.022451877593994 3.3955862522125244
-0.14667591452598572 -5.977627277374268 3.458024024963379
0.009068157523870468 -6.148318767547607 3.4230401515960693
0.008611124008893967 -6.177748203277588 3.395322799682617
0.05740342661738396 -6.255248069763184 3.3815717697143555
0.10299268364906311 -6.19143009185791 3.250685691833496
0.04539227858185768 -6.253900051116943 3.327444076538086
0.025095980614423752 -6.285874843597412 3.3575620651245117
0.05314790457487106 -6.382877826690674 3.376183271408081
0.03671089932322502 -6.331958770751953 3.192911386489868
0.12376447021961212 -6.459614276885986 3.160134792327881
0.09086807072162628 -6.480896472930908 3.0725488662719727
0.07751206308603287 -6.521157264709473 3.0800459384918213
0.09070742130279541 -6.57271671295166 3.0416009426116943
0.15207432210445404 -6.641167640686035 2.9367263317108154
0.10149683058261871 -6.653561592102051 2.914039373397827
0.09131724387407303 -6.759634971618652 2.86181640625
0.048943907022476196 -6.6470184326171875 2.8039774894714355
0.05662117153406143 -6.74370002746582 2.7649099826812744
0.05965234711766243 -6.7791523933410645 2.720597743988037
0.0280713252723217 -6.784987449645996 2.686992883682251
0.06279399991035461 -6.8370490074157715 2.568188428878784
0.09216861426830292 -6.849135875701904 2.4429774284362793
0.06884946674108505 -6.923448085784912 2.5572004318237305
0.0874285101890564 -6.883086681365967 2.456056833267212
0.061042413115501404 -6.834314823150635 2.4639198780059814
0.056396204978227615 -6.822393417358398 2.43118953704834
0.10762396454811096 -6.841755390167236 2.4575510025024414
0.04945611208677292 -6.8734517097473145 2.510685920715332
0.07248929888010025 -6.854400634765625 2.5122733116149902
0.08379210531711578 -6.817677974700928 2.586052894592285
0.06180962547659874 -6.75444221496582 2.613372325897217
0.08764514327049255 -6.739627361297607 2.6092159748077393
0.11413875967264175 -6.690010070800781 2.6734976768493652
0.19731901586055756 -6.710614204406738 2.6466431617736816
0.18462945520877838 -6.6139020919799805 2.704845905303955
0.1857496201992035 -6.599461555480957 2.6895740032196045
0.1832197606563568 -6.528463363647461 2.7055089473724365
0.22201523184776306 -6.476285934448242 2.7641067504882812
0.1786414533853531 -6.505466461181641 2.8787107467651367
0.21041876077651978 -6.395450592041016 2.87825345993042
0.201807901263237 -6.398921966552734 3.0082640647888184
0.22767749428749084 -6.371829509735107 3.062330722808838
0.2019299864768982 -6.2593231201171875 3.093316078186035
0.13458400964736938 -6.205968856811523 3.176888942718506
0.19330883026123047 -6.2146382331848145 3.1749916076660156
0.14290858805179596 -6.115992546081543 3.188723087310791
0.2546234428882599 -6.179170608520508 3.1765236854553223
0.189295694231987 -6.121532917022705 3.223407506942749
0.1590287983417511 -5.973236083984375 3.1158175468444824
0.21829010546207428 -5.951540946960449 3.06272029876709
0.1827222853899002 -6.064716815948486 3.252781391143799
0.2034730613231659 -5.947573184967041 3.1307737827301025
0.16432134807109833 -5.947798252105713 3.1887974739074707
0.21652370691299438 -5.938112258911133 3.1275198459625244
0.1773640662431717 -5.89459753036499 3.131711006164551
0.12197692692279816 -5.785943508148193 3.109067916870117
0.11413821578025818 -5.816807270050049 3.133500576019287
0.08283849060535431 -5.756649494171143 3.1171815395355225
0.09471258521080017 -5.785454273223877 3.143663167953491
0.03847452998161316 -5.696865558624268 3.0856246948242188
0.06950438767671585 -5.668768405914307 3.0529396533966064
0.012067016214132309 -5.659427642822266 3.09456205368042
-0.0062999725341796875 -5.616719722747803 3.087678909301758
-0.012177422642707825 -5.592495918273926 3.062986135482788
-0.04591217637062073 -5.592825889587402 3.090956687927246
-0.11610201001167297 -5.481734275817871 2.9958043098449707
-0.09411031752824783 -5.467103481292725 2.993398427963257
-0.1942836344242096 -5.397912502288818 2.9880282878875732
-0.15794000029563904 -5.4309773445129395 2.990140914916992
-0.23870515823364258 -5.373797416687012 2.977250337600708
-0.35219606757164 -5.25357723236084 2.967210054397583
-0.34745535254478455 -5.24360466003418 2.8919050693511963
-0.43040376901626587 -5.100437164306641 2.801182508468628
-0.4726061522960663 -5.219780445098877 2.955317497253418
-0.5028500556945801 -5.160992622375488 2.8792355060577393
-0.5749648213386536 -5.137824535369873 2.8974428176879883
-0.6589964032173157 -4.985865592956543 2.7957241535186768
-0.6830633878707886 -4.953002452850342 2.80157732963562
-0.6518644690513611 -4.355818748474121 2.1644768714904785
-1.4312461614608765 -0.3567073941230774 -4.458090305328369
-0.9123592376708984 0.8840478658676147 -4.96723747253418
-1.4721890687942505 1.5658798217773438 -4.142056465148926
-1.3510730266571045 1.1400882005691528 -3.234053611755371
-1.5688199996948242 1.6900044679641724 -4.339737892150879
-1.1583585739135742 1.5058729648590088 -4.610742568969727
-1.6362640857696533 -0.11449301242828369 -1.0173165798187256
-0.5664041042327881 -1.3330187797546387 -0.2773570418357849
-1.2063333988189697 -4.454939365386963 2.4943370819091797
-1.3005118370056152 -4.7028913497924805 2.775646448135376
-1.8997544050216675 -4.965827465057373 3.2019686698913574
-1.870776891708374 -4.9467010498046875 3.182567596435547
-1.8734850883483887 -4.902510166168213 3.146836996078491
-1.8337501287460327 -5.044271945953369 3.2623486518859863
-1.857059359550476 -4.972158908843994 3.2170891761779785
-1.8308680057525635 -5.102033615112305 3.375901699066162
-1.6402642726898193 -4.879432678222656 3.048832416534424
-0.8408175706863403 -4.855140209197998 2.5363142490386963
-1.3869374990463257 -5.006544589996338 3.0458788871765137
-1.5544847249984741 -5.086087703704834 3.2267417907714844
-1.5322260856628418 -5.083323955535889 3.235302448272705
-1.5241782665252686 -5.174181938171387 3.3221614360809326
-1.5372841358184814 -5.172738075256348 3.3460206985473633
-1.5042721033096313 -5.2016401290893555 3.368636131286621
-1.4778602123260498 -5.243089199066162 3.399611473083496
-1.4140264987945557 -5.231261253356934 3.348755359649658
-1.3892848491668701 -5.171001434326172 3.3105945587158203
-1.3366230726242065 -5.19201135635376 3.312305450439453
-1.304561972618103 -5.264680862426758 3.374905824661255
-1.2672104835510254 -5.235506534576416 3.3009352684020996
-1.169767141342163 -5.315678596496582 3.3584189414978027
-1.1496398448944092 -5.3039445877075195 3.3556368350982666
-1.1167833805084229 -5.337099075317383 3.3945157527923584
-0.9772483706474304 -5.371776580810547 3.3134706020355225
-0.9171707034111023 -5.371575832366943 3.286012649536133
-0.9117806553840637 -5.381333827972412 3.3378348350524902
-0.844287633895874 -5.434835433959961 3.3605728149414062
-0.7909131646156311 -5.415585517883301 3.3002893924713135
-0.7143163681030273 -5.443901538848877 3.3103692531585693
-0.6488947868347168 -5.471202850341797 3.3110551834106445
-0.5764454007148743 -5.5362396240234375 3.3155601024627686
-0.5375962257385254 -5.5268025398254395 3.2917656898498535
-0.5229349732398987 -5.527411937713623 3.303295135498047
-0.5198209285736084 -5.560051441192627 3.371260643005371
-0.4318903088569641 -5.606019020080566 3.325615882873535
-0.4372352659702301 -5.657512187957764 3.382211685180664
-0.4170527756214142 -5.690659046173096 3.3887579441070557
-0.3472955822944641 -5.713911533355713 3.3599414825439453
-0.32794517278671265 -5.794783592224121 3.4547367095947266
-0.3059161305427551 -5.6735944747924805 3.306752920150757
-0.21781156957149506 -5.801828384399414 3.369063377380371
-0.17521622776985168 -5.868924617767334 3.422318458557129
-0.1980196237564087 -5.882070541381836 3.435276746749878
-0.20507130026817322 -5.857675552368164 3.4370245933532715
-0.13126647472381592 -5.939241886138916 3.4054431915283203
-0.0760045051574707 -5.992766380310059 3.4084174633026123
-0.06906792521476746 -6.023041248321533 3.4269912242889404
-0.0909159705042839 -6.089870929718018 3.5122859477996826
-0.11819084733724594 -5.968380451202393 3.43452525138855
-0.05760931223630905 -6.160424709320068 3.5303900241851807
-0.025477446615695953 -6.104187488555908 3.362621784210205
0.030846398323774338 -6.23304557800293 3.3932957649230957
0.009620968252420425 -6.200873374938965 3.3573687076568604
0.05183671414852142 -6.286474227905273 3.3825526237487793
0.05253233760595322 -6.332589149475098 3.3520395755767822
0.028844740241765976 -6.35193395614624 3.3440215587615967
0.06972526758909225 -6.377170562744141 3.2029714584350586
0.09158456325531006 -6.443879127502441 3.16113018989563
0.09861105680465698 -6.4982428550720215 3.0863771438598633
0.06335237622261047 -6.517005443572998 3.0444507598876953
0.1033409833908081 -6.552558422088623 2.961972713470459
0.07746952772140503 -6.584697723388672 2.9088547229766846
0.10384654998779297 -6.6577229499816895 2.9398539066314697
0.07749215513467789 -6.709444522857666 2.834660768508911
0.0470556914806366 -6.610650062561035 2.7980518341064453
0.052605897188186646 -6.712478160858154 2.750481128692627
0.054783545434474945 -6.7689080238342285 2.7543492317199707
0.06781044602394104 -6.723696708679199 2.5791561603546143
0.05575011298060417 -6.8134050369262695 2.57637882232666
0.1146327555179596 -6.854671955108643 2.467324733734131
0.09683725237846375 -6.8601250648498535 2.4521121978759766
0.06214265152812004 -6.886003494262695 2.4669008255004883
0.08696578443050385 -6.907686233520508 2.441148281097412
0.10485710203647614 -6.904603958129883 2.3417794704437256
0.09297049045562744 -6.8245062828063965 2.324079751968384
0.07438616454601288 -6.786814212799072 2.296438694000244
0.14984449744224548 -6.897282123565674 2.311619758605957
0.14734147489070892 -6.808359622955322 2.3668110370635986
0.10600323975086212 -6.752278804779053 2.3771872520446777
0.14565542340278625 -6.731667518615723 2.3167195320129395
0.12039857357740402 -6.707845687866211 2.5271823406219482
0.15964165329933167 -6.703793525695801 2.5672214031219482
0.17497006058692932 -6.638108730316162 2.6242940425872803
0.199222594499588 -6.5962347984313965 2.5834155082702637
0.19150283932685852 -6.541460990905762 2.7155895233154297
0.20217083394527435 -6.514620304107666 2.8122189044952393
0.18998555839061737 -6.503289699554443 2.8574094772338867
0.2006002515554428 -6.372079849243164 2.8197946548461914
0.19792291522026062 -6.38905143737793 2.9305901527404785
0.19460657238960266 -6.307104587554932 3.020329236984253
0.2382536232471466 -6.287100315093994 2.997272253036499
0.1640588641166687 -6.193949222564697 3.096747398376465
0.25778868794441223 -6.245509624481201 3.0717012882232666
0.23774489760398865 -6.21466064453125 3.1534628868103027
0.2999112606048584 -6.160236358642578 3.0902535915374756
0.20223410427570343 -6.165524959564209 3.227281332015991
0.16760775446891785 -6.046725273132324 3.194103717803955
0.2036539614200592 -6.069211483001709 3.2041614055633545
0.1900576949119568 -6.059176921844482 3.2171483039855957
0.11627116799354553 -5.922537326812744 3.1856305599212646
0.07589186728000641 -5.958459854125977 3.315955638885498
0.18174859881401062 -5.9339213371276855 3.1176345348358154
0.08359019458293915 -5.881919860839844 3.228045701980591
0.1261841356754303 -5.849815845489502 3.1682066917419434
0.1548336148262024 -5.833371162414551 3.1367249488830566
0.12536700069904327 -5.810874938964844 3.141435146331787
0.0952756330370903 -5.777950286865234 3.136838436126709
0.014288991689682007 -5.7974348068237305 3.2006890773773193
-0.02007555216550827 -5.69197416305542 3.1350209712982178
-0.07128981500864029 -5.617611408233643 3.116605520248413
-0.09825892746448517 -5.614615440368652 3.153254985809326
-0.06253425776958466 -5.61659049987793 3.0985682010650635
-0.063235804438591 -5.634980201721191 3.1308863162994385
-0.13203328847885132 -5.585723876953125 3.1294186115264893
-0.1772458702325821 -5.5058512687683105 3.0733203887939453
-0.2839213013648987 -5.4632568359375 3.1252975463867188
-0.32540765404701233 -5.399185657501221 3.07850980758667
-0.3302405774593353 -5.4199347496032715 3.0910470485687256
-0.4009009301662445 -5.384740829467773 3.0982894897460938
-0.41359737515449524 -5.437135219573975 3.1690759658813477
-0.49600642919540405 -5.209841251373291 2.9100799560546875
-0.5908764004707336 -5.2935471534729 3.0948660373687744
-0.5607856512069702 -5.273104667663574 3.016263961791992
-0.6068938374519348 -5.2425055503845215 3.0453970432281494
-0.6816562414169312 -5.2137579917907715 3.032564401626587
-0.6931267976760864 -5.235994338989258 3.039196491241455
-0.7157809734344482 -5.154428005218506 2.9642093181610107
-0.7758572101593018 -5.0964531898498535 2.927625894546509
-0.7706302404403687 -5.161287784576416 2.99478816986084
-0.9073476195335388 -5.080610275268555 2.9830312728881836
-0.945629358291626 -5.0202202796936035 2.9398345947265625
-0.9989966154098511 -4.980195999145508 2.9229793548583984
-0.9852163791656494 -4.963455677032471 2.8654582500457764
-0.9660601019859314 -4.8491106033325195 2.7255048751831055
-1.0718443393707275 -4.846330642700195 2.773036003112793
-1.1676112413406372 -4.735395431518555 2.6960084438323975
-1.2038942575454712 -4.71870231628418 2.7101244926452637
-1.9995185136795044 -5.085967540740967 3.3579776287078857
-1.9816232919692993 -5.086568832397461 3.376525402069092
-1.9557244777679443 -5.009573936462402 3.307619094848633
-1.8939661979675293 -5.104459762573242 3.3688576221466064
-1.874186396598816 -5.06993293762207 3.360167980194092
-1.8143185377120972 -5.13979959487915 3.4029173851013184
-1.7982730865478516 -5.109251976013184 3.36635684967041
-1.7859811782836914 -5.096068382263184 3.331756114959717
-1.7225555181503296 -5.218280792236328 3.4459526538848877
-1.680922508239746 -5.215060710906982 3.428097724914551
-1.6680727005004883 -5.21815299987793 3.4733781814575195
-1.644750714302063 -5.198224067687988 3.410766839981079
-1.5702673196792603 -5.24163293838501 3.443460464477539
-1.5511925220489502 -5.1938652992248535 3.3796517848968506
-1.5185641050338745 -5.175167560577393 3.345411539077759
-1.4321457147598267 -5.215681552886963 3.362952709197998
-1.3846989870071411 -5.169693946838379 3.303853750228882
-1.3290199041366577 -5.142762184143066 3.249410629272461
-1.2841577529907227 -5.225760459899902 3.3109183311462402
-1.2233511209487915 -5.239736557006836 3.2865407466888428
-1.1426173448562622 -5.302288055419922 3.3087244033813477
-1.1389211416244507 -5.274719715118408 3.3044497966766357
-1.0905505418777466 -5.336795806884766 3.366199016571045
-0.9675942659378052 -5.388407230377197 3.3249056339263916
-0.9591988921165466 -5.332892417907715 3.286691665649414
-0.9108831882476807 -5.405191421508789 3.327665090560913
-0.8832772970199585 -5.442564964294434 3.385742425918579
-0.8235589265823364 -5.4450788497924805 3.345557451248169
-0.7773043513298035 -5.406500816345215 3.277313232421875
-0.7120023965835571 -5.485199451446533 3.3433938026428223
-0.656773567199707 -5.442554950714111 3.2795188426971436
-0.6054689884185791 -5.549869537353516 3.38875150680542
-0.5498653650283813 -5.574110984802246 3.359311103820801
-0.5111074447631836 -5.550725936889648 3.316908359527588
-0.4370913505554199 -5.635863780975342 3.359222650527954
-0.4063253402709961 -5.664605617523193 3.3549702167510986
-0.32200658321380615 -5.655374050140381 3.307356595993042
-0.2735784649848938 -5.734281539916992 3.3279621601104736
-0.250530481338501 -5.801750659942627 3.4020166397094727
-0.28070926666259766 -5.77589225769043 3.4057703018188477
-0.19852465391159058 -5.82473611831665 3.3718528747558594
-0.18477988243103027 -5.887866973876953 3.426997184753418
-0.18260914087295532 -5.888851165771484 3.4398975372314453
-0.2088727056980133 -5.9151530265808105 3.510747194290161
-0.15924325585365295 -5.921524524688721 3.445081949234009
-0.10607476532459259 -5.932950973510742 3.3914129734039307
-0.10503630340099335 -6.0094428062438965 3.4452126026153564
-0.07176979631185532 -6.054261684417725 3.4482247829437256
-0.15123869478702545 -6.003842830657959 3.5094540119171143
-0.05538959056138992 -6.156914710998535 3.5295424461364746
-0.015635691583156586 -6.094468593597412 3.3540468215942383
0.0725187212228775 -6.130128860473633 3.258992910385132
0.059030741453170776 -6.137129306793213 3.2716422080993652
0.08810032904148102 -6.075917720794678 3.137342929840088
0.10250839591026306 -6.098883152008057 3.0846505165100098
0.09273149818181992 -6.050928592681885 2.981019973754883
0.1434653252363205 -5.5973968505859375 2.3928442001342773
0.12533874809741974 -4.308743953704834 1.2193632125854492
-0.2740505039691925 -1.9571987390518188 -1.1600441932678223
-1.709028720855713 -0.8000954389572144 -3.076138973236084
-1.4597491025924683 -1.6913366317749023 -5.010993003845215
-1.0458754301071167 -1.1933223009109497 -4.518211364746094
-1.555971622467041 -1.538572072982788 -3.6919758319854736
-0.7595241069793701 -2.650663375854492 -2.2127528190612793
0.0911235362291336 -5.857813358306885 2.0016820430755615
0.04408543184399605 -6.508251667022705 2.5667223930358887
0.043597057461738586 -6.6428117752075195 2.694601535797119
0.048924367874860764 -6.674449443817139 2.5827412605285645
0.04825439304113388 -6.772115230560303 2.5509448051452637
0.09361109137535095 -6.788597106933594 2.4639103412628174
0.05469977855682373 -6.820105075836182 2.5251808166503906
0.0675778016448021 -6.848893642425537 2.4606616497039795
0.0913858413696289 -6.832677841186523 2.400710344314575
0.047152329236269 -6.829799652099609 2.405726194381714
0.09790065884590149 -6.830366611480713 2.449446201324463
0.04627266526222229 -6.831183910369873 2.5419108867645264
0.08086948096752167 -6.811295509338379 2.4655332565307617
0.06118365004658699 -6.7697930335998535 2.649630069732666
0.05971776694059372 -6.719107151031494 2.6655519008636475
0.06466085463762283 -6.674655914306641 2.597130537033081
0.12652310729026794 -6.672669887542725 2.6676745414733887
0.11735610663890839 -6.646126747131348 2.746993064880371
0.15887439250946045 -6.555172920227051 2.7198214530944824
0.1697479635477066 -6.47711181640625 2.70363450050354
0.1785362958908081 -6.433807373046875 2.7264392375946045
0.2537876069545746 -6.469474792480469 2.736583948135376
0.21449077129364014 -6.473519325256348 2.783421039581299
0.22144953906536102 -6.414290428161621 2.824967861175537
0.20043298602104187 -6.435917377471924 2.96378493309021
0.22410573065280914 -6.372299671173096 2.967484951019287
0.2450946718454361 -6.283021926879883 2.916804790496826
0.18602563440799713 -6.2041497230529785 2.9555790424346924
0.24317505955696106 -6.285619735717773 3.032015562057495
0.27390897274017334 -6.240541458129883 3.028679370880127
0.3014317750930786 -6.191305160522461 3.051424980163574
0.29884663224220276 -6.170356750488281 3.0780346393585205
0.27018672227859497 -6.1147780418396 3.1216044425964355
0.3186931908130646 -6.047396183013916 3.0061471462249756
0.2993979752063751 -6.0070037841796875 3.0302536487579346
0.24479830265045166 -6.034125804901123 3.1347079277038574
0.18485181033611298 -5.974025249481201 3.186537265777588
0.21254244446754456 -5.940755844116211 3.1223108768463135
0.09003286063671112 -5.870846271514893 3.1946630477905273
0.10903410613536835 -5.8437347412109375 3.168936252593994
0.045132435858249664 -5.824963569641113 3.2389707565307617
0.09983772039413452 -5.766122341156006 3.098198413848877
0.0744953379034996 -5.79123067855835 3.171442985534668
0.017464831471443176 -5.751750469207764 3.1917951107025146
0.05602051317691803 -5.776062965393066 3.1700780391693115
-0.02934917062520981 -5.665789604187012 3.1123929023742676
-0.04059630632400513 -5.658370494842529 3.138469696044922
-0.06481756269931793 -5.617980003356934 3.127910852432251
-0.07202036678791046 -5.619198799133301 3.124880313873291
-0.17371124029159546 -5.53636360168457 3.0956993103027344
-0.2122313678264618 -5.473269462585449 3.0516583919525146
-0.21416428685188293 -5.544068336486816 3.170774221420288
-0.2646164000034332 -5.405346870422363 3.022617816925049
-0.28329262137413025 -5.491385459899902 3.1258578300476074
-0.37533408403396606 -5.369804382324219 3.053654432296753
-0.3985011577606201 -5.400205612182617 3.074699640274048
-0.46742990612983704 -5.279184341430664 2.999631404876709
-0.47740790247917175 -5.308088779449463 3.025623321533203
-0.5213936567306519 -5.289451599121094 3.0498156547546387
-0.5348003506660461 -5.318112850189209 3.0582900047302246
-0.634390115737915 -5.223390579223633 3.0149402618408203
-0.6530518531799316 -5.246974945068359 3.0589282512664795
-0.6490391492843628 -5.156147480010986 2.9197463989257812
-0.7057349681854248 -5.128382205963135 2.9513540267944336
-0.6908344030380249 -5.198747634887695 2.9748687744140625
-0.7923790216445923 -5.125757217407227 2.9565742015838623
-0.8634375929832458 -5.056694030761719 2.9221949577331543
-0.910050094127655 -5.072857856750488 2.9501724243164062
-0.919262170791626 -5.079360485076904 2.933051824569702
-0.9755856394767761 -5.072699069976807 2.953528642654419
-1.0418715476989746 -5.114068508148193 3.053864002227783
-1.0993788242340088 -5.021454334259033 2.9688990116119385
-1.1692943572998047 -5.02997350692749 3.0001018047332764
-2.0061185359954834 -5.059861660003662 3.3646483421325684
-1.9763708114624023 -5.098804473876953 3.396249771118164
-1.9658011198043823 -5.017177104949951 3.344639301300049
-1.8913538455963135 -5.152409076690674 3.4423277378082275
-1.8575048446655273 -5.11518669128418 3.3874316215515137
-1.8210585117340088 -5.1449785232543945 3.4096055030822754
-1.7732235193252563 -5.158056259155273 3.392113208770752
-1.7572816610336304 -5.173433780670166 3.4091928005218506
-1.7093020677566528 -5.210705280303955 3.4645864963531494
-1.653745412826538 -5.18112325668335 3.4086055755615234
-1.6134183406829834 -5.205162048339844 3.4250786304473877
-1.6045045852661133 -5.161252498626709 3.351807117462158
-1.488161325454712 -5.212483882904053 3.3755414485931396
-1.4702460765838623 -5.187082767486572 3.3344733715057373
-1.4114925861358643 -5.187636375427246 3.308297872543335
-1.364697813987732 -5.22360372543335 3.3102731704711914
-1.331367015838623 -5.17840576171875 3.291417121887207
-1.2436660528182983 -5.153598308563232 3.2341814041137695
-1.2269176244735718 -5.295027732849121 3.376289129257202
-1.200949788093567 -5.229686260223389 3.29933762550354
-1.108640432357788 -5.343427658081055 3.356044292449951
-1.082484245300293 -5.328978538513184 3.3218460083007812
-1.0668485164642334 -5.310576438903809 3.3237862586975098
-0.9027765989303589 -5.429366111755371 3.3376755714416504
-0.8870985507965088 -5.3420491218566895 3.255312442779541
-0.8600755333900452 -5.369678020477295 3.319275379180908
-0.8509706854820251 -5.382074356079102 3.3396546840667725
-0.7756032943725586 -5.4398579597473145 3.335780620574951
-0.7220082879066467 -5.424886703491211 3.293858528137207
-0.6630268096923828 -5.432401657104492 3.2859926223754883
-0.5800682306289673 -5.511874675750732 3.3011457920074463
-0.5781605243682861 -5.555551052093506 3.3785901069641113
-0.5011689066886902 -5.57221794128418 3.303596258163452
-0.4490450322628021 -5.605688571929932 3.3390953540802
-0.37834447622299194 -5.641604423522949 3.3109281063079834
-0.3584674894809723 -5.661824703216553 3.327747344970703
-0.3597983717918396 -5.622695446014404 3.29400372505188
-0.3498014211654663 -5.7164435386657715 3.3823368549346924
-0.302907258272171 -5.740251064300537 3.3994576930999756
-0.2688036561012268 -5.7614970207214355 3.373971939086914
-0.20007586479187012 -5.821804523468018 3.3956496715545654
-0.15565556287765503 -5.869375228881836 3.4118707180023193
-0.14951524138450623 -5.891629219055176 3.435004234313965
-0.18021880090236664 -5.855685710906982 3.424792528152466
-0.07867845892906189 -5.916232109069824 3.3555760383605957
-0.07849456369876862 -5.930333137512207 3.385833501815796
-0.02757619321346283 -5.90957498550415 3.279860496520996
-0.009640887379646301 -5.979657173156738 3.3197317123413086
-0.08684028685092926 -5.920646667480469 3.347949981689453
0.0549749955534935 -5.991065979003906 3.2472028732299805
0.07485298812389374 -5.963291168212891 3.1320478916168213
0.1627865880727768 -5.960360527038574 3.018935203552246
0.19293606281280518 -5.966830730438232 2.9049012660980225
0.1759137213230133 -5.9304046630859375 2.8143727779388428
0.13319244980812073 -5.708759784698486 2.4636261463165283
0.5683132410049438 -4.245019912719727 0.4058294892311096
-0.12141302973031998 -3.030249834060669 -0.46493101119995117
-1.1108688116073608 -2.9079220294952393 -0.8194624185562134
-0.1462394893169403 -3.245048761367798 -0.22157496213912964
-1.100507378578186 -1.8492364883422852 -1.617879867553711
-2.5331432819366455 -2.0924599170684814 -3.5720949172973633
-1.990071415901184 -2.6376378536224365 -3.753202438354492
0.9059625864028931 -2.6910014152526855 -3.5573766231536865
-0.3557093143463135 -3.6676371097564697 -1.0492470264434814
-0.09538799524307251 -5.618480682373047 1.3925799131393433
-0.30981549620628357 -3.168785333633423 -0.5683674216270447
-1.2493199110031128 -3.9665427207946777 -5.893706321716309
-1.0376002788543701 -3.0533907413482666 -5.136969089508057
-1.0017378330230713 -3.759150743484497 -6.088611602783203
-0.8241258263587952 -2.477834701538086 -5.128966808319092
-1.2008920907974243 -2.712301015853882 -6.596898078918457
-1.8264715671539307 -3.450878143310547 -8.766656875610352
-0.9069369435310364 -2.636263608932495 -6.645752429962158
-1.3430674076080322 -2.738252639770508 -4.847087860107422
-1.633482575416565 -2.4535412788391113 -4.3912811279296875
-1.9851531982421875 -2.3734395503997803 -4.1264166831970215
0.0880943164229393 -3.3841750621795654 -1.3020358085632324
0.09392750263214111 -6.00721549987793 1.628286361694336
0.14754527807235718 -6.433621406555176 2.0643720626831055
0.17522338032722473 -6.5952467918396 2.1908035278320312
0.1610211730003357 -6.5809221267700195 2.3067684173583984
0.20941254496574402 -6.5926666259765625 2.3220114707946777
0.14115430414676666 -6.5091047286987305 2.4853248596191406
0.21101614832878113 -6.535422325134277 2.4719388484954834
0.2130163013935089 -6.498641490936279 2.548945665359497
0.2196618914604187 -6.5204758644104 2.6880619525909424
0.22809354960918427 -6.484281063079834 2.671250104904175
0.255170077085495 -6.401681423187256 2.678539276123047
0.24491071701049805 -6.380042552947998 2.7999439239501953
0.24859300255775452 -6.401883602142334 2.923543691635132
0.26625171303749084 -6.334909915924072 2.9345040321350098
0.20007511973381042 -6.298603057861328 3.0784404277801514
0.2528171241283417 -6.253294467926025 2.999589443206787
0.2299214005470276 -6.190282344818115 3.0734267234802246
0.29656028747558594 -6.23253870010376 3.1462721824645996
0.22565823793411255 -6.158754825592041 3.1821346282958984
0.18005643784999847 -6.0456318855285645 3.18951678276062
0.23201017081737518 -6.031424045562744 3.1211495399475098
0.24393607676029205 -6.001973628997803 3.0844714641571045
0.20203745365142822 -5.949783802032471 3.113358497619629
0.1865939199924469 -5.997127056121826 3.1963276863098145
0.22653892636299133 -6.004703998565674 3.163832187652588
0.19970902800559998 -5.916799068450928 3.1424498558044434
0.16028745472431183 -5.753658771514893 3.0221993923187256
0.13600027561187744 -5.760876178741455 3.0701725482940674
0.1595597267150879 -5.777314186096191 3.0768651962280273
0.1520424783229828 -5.735107898712158 3.032360315322876
0.13042594492435455 -5.695666790008545 3.0182578563690186
0.13192644715309143 -5.729819297790527 3.0728836059570312
0.06798703968524933 -5.647771835327148 3.0423994064331055
0.0626077800989151 -5.653377056121826 3.0395636558532715
-0.00914154201745987 -5.656991958618164 3.145097017288208
-0.0032678022980690002 -5.566287040710449 3.011009693145752
-0.09429774433374405 -5.541952610015869 3.0943403244018555
-0.08253046125173569 -5.4917402267456055 2.9914300441741943
-0.17808029055595398 -5.4647955894470215 3.0411834716796875
-0.17160636186599731 -5.4055023193359375 2.9345200061798096
-0.1830228865146637 -5.421616077423096 2.970181465148926
-0.2608565390110016 -5.343033790588379 2.9588747024536133
-0.26202040910720825 -5.400074005126953 2.9977023601531982
-0.3239278197288513 -5.2639288902282715 2.9017276763916016
-0.31769898533821106 -5.317882537841797 2.9607136249542236
-0.40220797061920166 -5.220911979675293 2.89143705368042
-0.3980153799057007 -5.277610778808594 2.917678117752075
-0.5563009977340698 -5.20084810256958 2.9410974979400635
-0.5008578896522522 -5.221181392669678 2.91471529006958
-0.5848674178123474 -5.1976189613342285 2.936781644821167
-0.629867434501648 -5.155582904815674 2.93399977684021
-0.6554122567176819 -5.117419719696045 2.884207248687744
-0.7318450212478638 -5.123441696166992 2.906466007232666
-0.8046509027481079 -5.080567836761475 2.9069130420684814
-0.8863946795463562 -5.105832099914551 2.965209484100342
-0.9076238870620728 -5.143382549285889 2.996152639389038
-0.9732635617256165 -5.0876784324646 2.981492757797241
-1.0268076658248901 -5.066529750823975 2.952500581741333
-1.0726616382598877 -5.049979209899902 2.9603748321533203
-1.1687183380126953 -5.017739295959473 2.9964184761047363
-1.9953504800796509 -5.118802070617676 3.406623363494873
-1.9721605777740479 -5.114256858825684 3.3947887420654297
-1.960487723350525 -5.025075912475586 3.3118114471435547
-1.8948384523391724 -5.159151554107666 3.4553756713867188
-1.8616762161254883 -5.128546237945557 3.4271397590637207
-1.7825160026550293 -5.183407306671143 3.427898645401001
-1.7418478727340698 -5.130853652954102 3.355644702911377
-1.731261968612671 -5.1710286140441895 3.416118860244751
-1.6484489440917969 -5.158343315124512 3.378113031387329
-1.594989538192749 -5.184786796569824 3.3883888721466064
-1.5791265964508057 -5.194447040557861 3.3906378746032715
-1.5401338338851929 -5.194657802581787 3.3483428955078125
-1.4577994346618652 -5.221403121948242 3.3584060668945312
-1.4438382387161255 -5.207999229431152 3.349439859390259
-1.3800640106201172 -5.169623851776123 3.2540762424468994
-1.3424063920974731 -5.171908855438232 3.2904365062713623
-1.2773430347442627 -5.176288604736328 3.2524471282958984
-1.2464523315429688 -5.1648993492126465 3.2650225162506104
-1.22244131565094 -5.239067554473877 3.307258367538452
-1.2044131755828857 -5.217090129852295 3.2588536739349365
-1.1854901313781738 -5.246535301208496 3.262592077255249
-1.133409023284912 -5.283535003662109 3.3211817741394043
-1.039373755455017 -5.294305324554443 3.287938356399536
-0.9118834733963013 -5.40280294418335 3.3206562995910645
-0.8938140869140625 -5.322158336639404 3.2462806701660156
-0.8414474129676819 -5.348618030548096 3.2510437965393066
-0.8137844800949097 -5.43427038192749 3.3297533988952637
-0.7498608827590942 -5.440987586975098 3.3120298385620117
-0.7201582193374634 -5.399264812469482 3.241374969482422
-0.6727275848388672 -5.484886646270752 3.313392162322998
-0.6316586136817932 -5.447883605957031 3.228714942932129
-0.5944316983222961 -5.509852886199951 3.2973015308380127
-0.522208571434021 -5.565720081329346 3.3217759132385254
-0.4802795648574829 -5.51252555847168 3.263969659805298
-0.37243160605430603 -5.598611354827881 3.2774477005004883
-0.348627507686615 -5.612104415893555 3.2739012241363525
-0.29373741149902344 -5.685737609863281 3.3159637451171875
-0.2888421416282654 -5.71572732925415 3.3369979858398438
-0.19502165913581848 -5.772517681121826 3.3219499588012695
-0.20293867588043213 -5.720878601074219 3.293592929840088
-0.1257091760635376 -5.854124069213867 3.376671314239502
-0.1249009445309639 -5.849185943603516 3.3584327697753906
-0.1497790515422821 -5.852178573608398 3.380924701690674
-0.14921657741069794 -5.867381572723389 3.41371750831604
-0.09501780569553375 -5.925442218780518 3.364859104156494
-0.08402097225189209 -5.912908554077148 3.3314712047576904
-0.028943803161382675 -6.039326190948486 3.4049739837646484
-0.019047535955905914 -6.06353759765625 3.4089999198913574
-0.09900715947151184 -5.9982218742370605 3.4448740482330322
-0.007321920245885849 -6.089929580688477 3.41048526763916
0.03437330946326256 -6.1685309410095215 3.3485381603240967
0.11883485317230225 -6.155926704406738 3.210272789001465
0.13635069131851196 -6.1982622146606445 3.2298049926757812
0.14882861077785492 -6.210474967956543 3.1803109645843506
0.0766201913356781 -6.209728717803955 3.102625846862793
0.10671292245388031 -6.244603633880615 3.0173606872558594
0.14454145729541779 -6.306568145751953 2.886979579925537
0.18853290379047394 -6.309413909912109 2.746520757675171
0.22981679439544678 -6.373429298400879 2.635535955429077
0.11431078612804413 -5.612122058868408 1.885964035987854
1.0999171733856201 -3.252357244491577 -2.1512088775634766
-0.5711469650268555 -2.4243195056915283 -6.442243576049805
-2.020781993865967 -1.9576388597488403 -9.37788200378418
-1.9914931058883667 -2.755099296569824 -8.253100395202637
-2.4890060424804688 -3.040403366088867 -10.609128952026367
-1.7369840145111084 -2.766667366027832 -7.615973472595215
-1.279814600944519 -2.895465135574341 -8.372763633728027
-3.0855934619903564 -5.0255842208862305 -17.35969352722168
-1.0002522468566895 -3.4467198848724365 -8.125823974609375
-2.176504373550415 -3.737356662750244 -9.611023902893066
-1.72017502784729 -4.681456565856934 -6.259210586547852
0.10994972288608551 -4.031826972961426 -0.9281909465789795
0.020879290997982025 -6.287826061248779 1.433511734008789
0.10331793874502182 -6.433538913726807 1.5411738157272339
0.16264259815216064 -6.422682762145996 1.581778883934021
0.14400038123130798 -6.449182033538818 1.6183160543441772
0.2036990523338318 -6.576938629150391 1.6655900478363037
0.18633082509040833 -6.544159412384033 1.8156700134277344
0.3272762596607208 -6.605681896209717 1.790968418121338
0.2640693187713623 -6.521953582763672 1.7783076763153076
0.2041376680135727 -6.500502109527588 1.9372632503509521
0.27466636896133423 -6.578689098358154 2.0121634006500244
0.25247615575790405 -6.4375224113464355 2.022366523742676
0.2993890345096588 -6.539823532104492 2.1291847229003906
0.2507679760456085 -6.471335411071777 2.200601100921631
0.3523593544960022 -6.496191501617432 2.2176566123962402
0.2993731200695038 -6.483209133148193 2.308516263961792
0.31340378522872925 -6.371304512023926 2.286954402923584
0.2943812608718872 -6.096348285675049 2.1496033668518066
3.29475474357605 -7.105617046356201 0.41145220398902893
1.2570804357528687 -4.066988945007324 -0.25850632786750793
0.25428086519241333 -6.072947025299072 2.4603874683380127
0.3514060378074646 -6.255361080169678 2.6308937072753906
0.3672064542770386 -6.246514320373535 2.731812000274658
0.40178290009498596 -6.243208885192871 2.7704343795776367
0.3455088436603546 -6.203095436096191 2.866718292236328
0.3144490718841553 -6.085128307342529 2.95154070854187
0.3816630244255066 -6.068334579467773 2.9652528762817383
0.31083619594573975 -6.072371482849121 3.0728507041931152
0.3204389214515686 -5.979137420654297 2.981461763381958
0.2886497378349304 -6.005446434020996 3.0739076137542725
0.31257107853889465 -6.0303239822387695 3.0944905281066895
0.23046861588954926 -5.924932479858398 3.1208336353302
0.2289762943983078 -5.824850559234619 3.0486319065093994
0.25147420167922974 -5.813045978546143 2.9696478843688965
0.17640051245689392 -5.76201868057251 3.0384609699249268
0.1996687948703766 -5.720825672149658 2.949050188064575
0.16479700803756714 -5.736361026763916 3.050631046295166
0.16712483763694763 -5.680644989013672 2.98524808883667
0.13839071989059448 -5.678719997406006 3.017246961593628
0.08046036958694458 -5.705526351928711 3.112119674682617
0.049069639295339584 -5.645362854003906 3.078275442123413
0.036463040858507156 -5.657158851623535 3.0886971950531006
-0.0507778525352478 -5.5284881591796875 3.029712677001953
-0.07311958074569702 -5.52685022354126 3.000000476837158
-0.12431411445140839 -5.468062400817871 3.00985050201416
-0.1793539822101593 -5.397687911987305 2.9637534618377686
-0.2057601511478424 -5.3859944343566895 2.9715633392333984
-0.27777305245399475 -5.375317096710205 3.018908977508545
-0.21547672152519226 -5.437060356140137 3.011302947998047
-0.2997249364852905 -5.3027777671813965 2.912452220916748
-0.31227171421051025 -5.3867011070251465 3.0392215251922607
-0.40199100971221924 -5.317899703979492 2.9999921321868896
-0.4924437999725342 -5.289350986480713 3.027947187423706
-0.5379350781440735 -5.222497940063477 2.9435629844665527
-0.6068432331085205 -5.203299522399902 2.9810221195220947
-0.6887593865394592 -5.124331951141357 2.924114465713501
-0.6844540238380432 -5.183224201202393 2.9826769828796387
-0.7197447419166565 -5.16544246673584 2.9531242847442627
-0.839206874370575 -5.092696189880371 2.9490134716033936
-0.8571405410766602 -5.092159271240234 2.9482290744781494
-0.8727628588676453 -5.1163506507873535 2.9760799407958984
-0.9270228147506714 -5.031459331512451 2.877041816711426
-0.9608018398284912 -5.079877853393555 2.955162763595581
-1.014754295349121 -5.024411678314209 2.9203271865844727
-1.0346267223358154 -4.971186637878418 2.860597848892212
-1.1110467910766602 -4.920616626739502 2.8654119968414307
-2.0040016174316406 -5.119474411010742 3.429595947265625
-1.966307520866394 -5.155318737030029 3.4428153038024902
-1.9600868225097656 -5.003490447998047 3.3091800212860107
-1.8997966051101685 -5.097299575805664 3.37086820602417
-1.8600950241088867 -5.0817131996154785 3.3823022842407227
-1.8103082180023193 -5.140641212463379 3.4047930240631104
-1.7637227773666382 -5.124635696411133 3.3727612495422363
-1.7421534061431885 -5.179868221282959 3.420537233352661
-1.713008165359497 -5.159551620483398 3.42173171043396
-1.6394649744033813 -5.168198108673096 3.399724006652832
-1.590772032737732 -5.140274524688721 3.3307440280914307
-1.5919921398162842 -5.1807990074157715 3.398470640182495
-1.4813297986984253 -5.271599769592285 3.410762310028076
-1.4769353866577148 -5.181061267852783 3.345411777496338
-1.1609220504760742 -4.647078514099121 2.625659465789795
-0.26895105838775635 -5.1873779296875 2.6249608993530273
-1.3188855648040771 -5.130113124847412 3.216186046600342
-1.3436528444290161 -5.179058074951172 3.296599864959717
-1.2810375690460205 -5.263223648071289 3.3487610816955566
-1.2359858751296997 -5.247740745544434 3.309061288833618
-1.138608455657959 -5.331455230712891 3.3314037322998047
-1.1263467073440552 -5.34283447265625 3.3812170028686523
-1.1177738904953003 -5.197717189788818 3.2563204765319824
-0.18994536995887756 -3.7650604248046875 1.2878774404525757
0.09819331765174866 -4.772516250610352 2.1395535469055176
-0.5138476490974426 -4.959582805633545 2.719425678253174
0.15932923555374146 -3.257030963897705 0.3690840005874634
-0.6349065899848938 -4.439059734344482 2.3270792961120605
-0.6282109618186951 -5.382243633270264 3.1762607097625732
-0.5590354800224304 -5.461248874664307 3.225982427597046
-0.5284563899040222 -5.462591171264648 3.2319235801696777
-0.4740232825279236 -5.496462821960449 3.224421262741089
-0.46929657459259033 -5.5484113693237305 3.2684309482574463
-0.3950045108795166 -5.562994480133057 3.238402843475342
-0.31423163414001465 -5.636921405792236 3.2717440128326416
-0.33454471826553345 -5.647805690765381 3.2989912033081055
-0.3084941506385803 -5.548210620880127 3.1724390983581543
-0.24353164434432983 -5.683218479156494 3.260925769805908
-0.2197229564189911 -5.7448201179504395 3.328935384750366
-0.14824260771274567 -5.766785144805908 3.289527416229248
-0.1625487208366394 -5.814042568206787 3.3638973236083984
-0.13174541294574738 -5.872454643249512 3.3833584785461426
-0.12989813089370728 -5.825351238250732 3.300088882446289
-0.1128290444612503 -5.895204544067383 3.3955366611480713
-0.04546225070953369 -5.946109294891357 3.3470616340637207
-0.02075473591685295 -5.9771904945373535 3.358550786972046
-0.027824584394693375 -6.057283878326416 3.427539825439453
0.015606328845024109 -6.089338302612305 3.3834822177886963
-0.05510535091161728 -6.00457239151001 3.389336347579956
0.0374065525829792 -6.177931308746338 3.405888080596924
0.05425044894218445 -6.170422554016113 3.348278045654297
0.11541695147752762 -6.253358364105225 3.2978410720825195
0.1760331392288208 -6.266717433929443 3.2005503177642822
0.09980747103691101 -6.243869304656982 3.180241823196411
0.13773944973945618 -6.381364822387695 3.127865791320801
0.09897267073392868 -6.3885016441345215 3.106752872467041
0.1426735818386078 -6.444216251373291 2.999472141265869
0.13867951929569244 -6.488692760467529 2.956244945526123
0.15555712580680847 -6.559320449829102 2.847252607345581
0.1636449098587036 -6.522119045257568 2.704427719116211
0.14987868070602417 -6.553009986877441 2.650562286376953
0.12347923219203949 -6.624687671661377 2.6209404468536377
0.1626364290714264 -6.595104217529297 2.5062525272369385
0.14075696468353271 -6.6976470947265625 2.4347879886627197
0.13854087889194489 -6.655935764312744 2.364230155944824
0.14212219417095184 -6.6399102210998535 2.2420129776000977
0.16514873504638672 -6.750094413757324 2.230128288269043
0.14380532503128052 -6.719321250915527 2.125093460083008
0.12999781966209412 -6.784376621246338 2.114931106567383
0.15158769488334656 -6.8060197830200195 1.9786299467086792
0.12321574985980988 -6.819509029388428 2.0152437686920166
0.1271628588438034 -6.839213848114014 2.010896682739258
0.14667195081710815 -6.811025142669678 1.952647089958191
0.12976953387260437 -6.799724578857422 1.8708242177963257
0.1272570937871933 -6.8015851974487305 2.008416175842285
0.12835127115249634 -6.790874004364014 1.9059122800827026
0.1819806545972824 -6.785043716430664 1.8496092557907104
0.14877203106880188 -6.6964850425720215 1.9634805917739868
0.183518186211586 -6.681380748748779 1.9138364791870117
0.18881715834140778 -6.6872382164001465 1.9343312978744507
0.2381318062543869 -6.642822265625 1.920693278312683
0.2502844035625458 -6.619706153869629 1.9077579975128174
0.2510431110858917 -6.581937789916992 2.067573070526123
0.2661115527153015 -6.665182590484619 2.219250440597534
0.2343955785036087 -6.4879984855651855 2.19610333442688
0.26984408497810364 -6.505255699157715 2.292743682861328
0.29254817962646484 -6.561074256896973 2.3715553283691406
0.2873665690422058 -6.410315036773682 2.379725456237793
0.33162805438041687 -6.5264410972595215 2.5820419788360596
0.26774266362190247 -6.413949966430664 2.69854474067688
0.31196001172065735 -6.407622814178467 2.7415127754211426
0.3038513958454132 -6.33721399307251 2.7306506633758545
0.28379178047180176 -6.331650733947754 2.8224940299987793
0.3320537805557251 -6.323800563812256 2.8401806354522705
0.3713284134864807 -6.325475215911865 2.907896041870117
0.30192145705223083 -6.200649261474609 2.9195237159729004
0.2882458567619324 -6.159046173095703 3.0666513442993164
0.3358990252017975 -6.100940704345703 3.0260257720947266
0.3558361530303955 -6.117465972900391 3.0479907989501953
0.3016292452812195 -6.013820648193359 3.037043809890747
0.29162105917930603 -6.04664421081543 3.090240716934204
0.2897450029850006 -6.054095268249512 3.1219804286956787
0.2612191140651703 -5.99118709564209 3.127924919128418
0.20756442844867706 -5.864869117736816 3.072967529296875
0.20464608073234558 -5.869874000549316 3.084459066390991
0.20722520351409912 -5.846768856048584 3.072399854660034
0.17384599149227142 -5.778165817260742 3.037165403366089
0.18464379012584686 -5.7494049072265625 3.0212173461914062
0.17383499443531036 -5.745887279510498 3.043093204498291
0.0895765870809555 -5.688502788543701 3.1022698879241943
0.07742820680141449 -5.674938201904297 3.094982147216797
0.06902959197759628 -5.6944098472595215 3.1025805473327637
-0.012151852250099182 -5.662901878356934 3.1528995037078857
-0.07048731297254562 -5.603466510772705 3.104459047317505
-0.11078176647424698 -5.587954998016357 3.1280429363250732
-0.12337657809257507 -5.57011079788208 3.1127076148986816
-0.1459997296333313 -5.504499912261963 3.057827949523926
-0.19521522521972656 -5.412842273712158 2.985671281814575
-0.24809414148330688 -5.410686492919922 3.0424187183380127
-0.2660776376724243 -5.362290859222412 2.9513721466064453
-0.3529904782772064 -5.293111324310303 2.943185329437256
-0.3965749144554138 -5.3326029777526855 3.02864408493042
-0.37470656633377075 -5.224069118499756 2.863291025161743
-0.34056198596954346 -5.306313514709473 2.9334380626678467
-0.49313849210739136 -5.177019119262695 2.89678955078125
-0.45432108640670776 -5.131969928741455 2.7921416759490967
-0.3729866147041321 -5.0586838722229 2.6504132747650146
-0.39761531352996826 -4.9572529792785645 2.5578479766845703
-0.5243288278579712 -5.081383228302002 2.754631996154785
-0.6177273392677307 -4.933377265930176 2.651992082595825
-0.601258397102356 -4.967242240905762 2.6566553115844727
-0.7291755676269531 -4.9180779457092285 2.653360366821289
-0.7338459491729736 -4.94359827041626 2.6677401065826416
-0.8436724543571472 -4.933733940124512 2.729156494140625
-0.9366801977157593 -4.860777378082275 2.687945604324341
-0.964928388595581 -4.8666887283325195 2.719108819961548
-0.9859645366668701 -4.906642913818359 2.770169734954834
